task_id,outcome,model,model_family,split,metric,value,lower_ci,upper_ci,status,n,events,patient_groups,bootstrap_b,bootstrap_success,bootstrap_failures,bootstrap_minimum_success_required,bootstrap_method,group,entity_id,source_id
e_surgery_s123_w3r_20260817T063101366Z_a90234f0b326/S1/rSI_sMS,S1,score_rSI_sMS__platt,traditional_score,validation_2024,AUROC,0.6030619865571322,0.3581958196647305,0.845619216508589,ESTIMATED,2688,10,2634,2000,2000,0,1900,outcome_stratified_patient_group_cluster,surgery,v3|S1|surgery|rSI_sMS,s0135
e_surgery_s123_w3r_20260817T063101366Z_a90234f0b326/S1/rSI_sMS,S1,score_rSI_sMS__platt,traditional_score,validation_2024,AUPRC,0.057596918597799696,0.008031668310073299,0.2803439684692194,ESTIMATED,2688,10,2634,2000,2000,0,1900,outcome_stratified_patient_group_cluster,surgery,v3|S1|surgery|rSI_sMS,s0135
e_surgery_s123_w3r_20260817T063101366Z_a90234f0b326/S1/rSI_sMS,S1,score_rSI_sMS__platt,traditional_score,validation_2024,Brier,0.0036709835700907915,0.0036041164953322094,0.0037301128732484218,ESTIMATED,2688,10,2634,2000,2000,0,1900,outcome_stratified_patient_group_cluster,surgery,v3|S1|surgery|rSI_sMS,s0135
e_surgery_s123_w3r_20260817T063101366Z_a90234f0b326/S1/rSI_sMS,S1,score_rSI_sMS__platt,traditional_score,validation_2024,calibration_in_large,-0.05695159245853176,-0.10284448260052743,-0.009920182245760996,ESTIMATED,2688,10,2634,2000,2000,0,1900,outcome_stratified_patient_group_cluster,surgery,v3|S1|surgery|rSI_sMS,s0135
e_surgery_s123_w3r_20260817T063101366Z_a90234f0b326/S1/rSI_sMS,S1,score_rSI_sMS__platt,traditional_score,validation_2024,calibration_intercept,-2.4843452823259247,-8.02706796810773,4.028623564143798,ESTIMATED,2688,10,2634,2000,2000,0,1900,outcome_stratified_patient_group_cluster,surgery,v3|S1|surgery|rSI_sMS,s0135
e_surgery_s123_w3r_20260817T063101366Z_a90234f0b326/S1/rSI_sMS,S1,score_rSI_sMS__platt,traditional_score,validation_2024,calibration_slope,0.539982060101169,-0.3878907260052419,1.8612547050796233,ESTIMATED,2688,10,2634,2000,2000,0,1900,outcome_stratified_patient_group_cluster,surgery,v3|S1|surgery|rSI_sMS,s0135
e_surgery_s123_w3r_20260817T063101366Z_a90234f0b326/S1/logistic_regression,S1,logistic_l2__platt,linear,validation_2024,AUROC,0.9165229728254938,0.7886251206992454,0.9945065712257679,ESTIMATED,2712,17,2657,2000,2000,0,1900,outcome_stratified_patient_group_cluster,surgery,v3|S1|surgery|logistic_regression,s0136
e_surgery_s123_w3r_20260817T063101366Z_a90234f0b326/S1/logistic_regression,S1,logistic_l2__platt,linear,validation_2024,AUPRC,0.5136062064416712,0.29653827461952154,0.7647299472089507,ESTIMATED,2712,17,2657,2000,2000,0,1900,outcome_stratified_patient_group_cluster,surgery,v3|S1|surgery|logistic_regression,s0136
e_surgery_s123_w3r_20260817T063101366Z_a90234f0b326/S1/logistic_regression,S1,logistic_l2__platt,linear,validation_2024,Brier,0.004380464955014179,0.0034949147776802926,0.005301135248965185,ESTIMATED,2712,17,2657,2000,2000,0,1900,outcome_stratified_patient_group_cluster,surgery,v3|S1|surgery|logistic_regression,s0136
e_surgery_s123_w3r_20260817T063101366Z_a90234f0b326/S1/logistic_regression,S1,logistic_l2__platt,linear,validation_2024,calibration_in_large,0.22716807383069693,0.053658661364330576,0.39995569582770946,ESTIMATED,2712,17,2657,2000,2000,0,1900,outcome_stratified_patient_group_cluster,surgery,v3|S1|surgery|logistic_regression,s0136
e_surgery_s123_w3r_20260817T063101366Z_a90234f0b326/S1/logistic_regression,S1,logistic_l2__platt,linear,validation_2024,calibration_intercept,1.5849425711470728,0.5105836055410161,3.490865454499113,ESTIMATED,2712,17,2657,2000,2000,0,1900,outcome_stratified_patient_group_cluster,surgery,v3|S1|surgery|logistic_regression,s0136
e_surgery_s123_w3r_20260817T063101366Z_a90234f0b326/S1/logistic_regression,S1,logistic_l2__platt,linear,validation_2024,calibration_slope,1.3562748618519878,1.0726484437791013,1.8541310617888203,ESTIMATED,2712,17,2657,2000,2000,0,1900,outcome_stratified_patient_group_cluster,surgery,v3|S1|surgery|logistic_regression,s0136
e_surgery_s123_w3r_20260817T063101366Z_a90234f0b326/S1/catboost,S1,catboost__isotonic,gbdt,validation_2024,AUROC,0.9606351631561716,0.9265144050159494,0.9883412738569345,ESTIMATED,2712,17,2657,2000,2000,0,1900,outcome_stratified_patient_group_cluster,surgery,v3|S1|surgery|catboost,s0137
e_surgery_s123_w3r_20260817T063101366Z_a90234f0b326/S1/catboost,S1,catboost__isotonic,gbdt,validation_2024,AUPRC,0.3476970917468562,0.17748652310644591,0.5994725992531716,ESTIMATED,2712,17,2657,2000,2000,0,1900,outcome_stratified_patient_group_cluster,surgery,v3|S1|surgery|catboost,s0137
e_surgery_s123_w3r_20260817T063101366Z_a90234f0b326/S1/catboost,S1,catboost__isotonic,gbdt,validation_2024,Brier,0.004912038432328371,0.003373947162820572,0.006510318656800403,ESTIMATED,2712,17,2657,2000,2000,0,1900,outcome_stratified_patient_group_cluster,surgery,v3|S1|surgery|catboost,s0137
e_surgery_s123_w3r_20260817T063101366Z_a90234f0b326/S1/catboost,S1,catboost__isotonic,gbdt,validation_2024,calibration_in_large,-0.555894851348171,-1.1674364812354008,-0.15004076817907633,ESTIMATED,2712,17,2657,2000,2000,0,1900,outcome_stratified_patient_group_cluster,surgery,v3|S1|surgery|catboost,s0137
e_surgery_s123_w3r_20260817T063101366Z_a90234f0b326/S1/catboost,S1,catboost__isotonic,gbdt,validation_2024,calibration_intercept,-3.006163620320344,-3.450741742949393,0.09579940934157996,ESTIMATED,2712,17,2657,2000,2000,0,1900,outcome_stratified_patient_group_cluster,surgery,v3|S1|surgery|catboost,s0137
e_surgery_s123_w3r_20260817T063101366Z_a90234f0b326/S1/catboost,S1,catboost__isotonic,gbdt,validation_2024,calibration_slope,0.2767019341967022,0.20900879599203748,1.187659256235441,ESTIMATED,2712,17,2657,2000,2000,0,1900,outcome_stratified_patient_group_cluster,surgery,v3|S1|surgery|catboost,s0137
e_surgery_s123_w3r_20260817T063101366Z_a90234f0b326/S1/xgboost,S1,xgboost__raw,gbdt,validation_2024,AUROC,0.9722579941067335,0.9384438728190038,0.9930211717641573,ESTIMATED,2712,17,2657,2000,2000,0,1900,outcome_stratified_patient_group_cluster,surgery,v3|S1|surgery|xgboost,s0138
e_surgery_s123_w3r_20260817T063101366Z_a90234f0b326/S1/xgboost,S1,xgboost__raw,gbdt,validation_2024,AUPRC,0.47962987439597754,0.27968281066256184,0.7026148097060486,ESTIMATED,2712,17,2657,2000,2000,0,1900,outcome_stratified_patient_group_cluster,surgery,v3|S1|surgery|xgboost,s0138
e_surgery_s123_w3r_20260817T063101366Z_a90234f0b326/S1/xgboost,S1,xgboost__raw,gbdt,validation_2024,Brier,0.004572449150971327,0.00362999064072233,0.005453595533080552,ESTIMATED,2712,17,2657,2000,2000,0,1900,outcome_stratified_patient_group_cluster,surgery,v3|S1|surgery|xgboost,s0138
e_surgery_s123_w3r_20260817T063101366Z_a90234f0b326/S1/xgboost,S1,xgboost__raw,gbdt,validation_2024,calibration_in_large,-0.03189935970233648,-0.24018980070674656,0.19089334447582057,ESTIMATED,2712,17,2657,2000,2000,0,1900,outcome_stratified_patient_group_cluster,surgery,v3|S1|surgery|xgboost,s0138
e_surgery_s123_w3r_20260817T063101366Z_a90234f0b326/S1/xgboost,S1,xgboost__raw,gbdt,validation_2024,calibration_intercept,0.29701410532985734,-0.34757971301379553,1.2061303556676706,ESTIMATED,2712,17,2657,2000,2000,0,1900,outcome_stratified_patient_group_cluster,surgery,v3|S1|surgery|xgboost,s0138
e_surgery_s123_w3r_20260817T063101366Z_a90234f0b326/S1/xgboost,S1,xgboost__raw,gbdt,validation_2024,calibration_slope,1.131493441521763,0.8954072498306888,1.5896556706101757,ESTIMATED,2712,17,2657,2000,2000,0,1900,outcome_stratified_patient_group_cluster,surgery,v3|S1|surgery|xgboost,s0138
e_surgery_s123_w3r_20260817T063101366Z_a90234f0b326/S1/lightgbm,S1,lightgbm__platt,gbdt,validation_2024,AUROC,0.9541416566626649,0.911737692543324,0.9883815254010694,ESTIMATED,2712,17,2657,2000,2000,0,1900,outcome_stratified_patient_group_cluster,surgery,v3|S1|surgery|lightgbm,s0139
e_surgery_s123_w3r_20260817T063101366Z_a90234f0b326/S1/lightgbm,S1,lightgbm__platt,gbdt,validation_2024,AUPRC,0.4459496330975719,0.24198426705927376,0.6782456937835262,ESTIMATED,2712,17,2657,2000,2000,0,1900,outcome_stratified_patient_group_cluster,surgery,v3|S1|surgery|lightgbm,s0139
e_surgery_s123_w3r_20260817T063101366Z_a90234f0b326/S1/lightgbm,S1,lightgbm__platt,gbdt,validation_2024,Brier,0.00480663759923868,0.0036808076761708237,0.005956274898060369,ESTIMATED,2712,17,2657,2000,2000,0,1900,outcome_stratified_patient_group_cluster,surgery,v3|S1|surgery|lightgbm,s0139
e_surgery_s123_w3r_20260817T063101366Z_a90234f0b326/S1/lightgbm,S1,lightgbm__platt,gbdt,validation_2024,calibration_in_large,-0.8332672697271448,-1.0138222658644744,-0.6461324813226201,ESTIMATED,2712,17,2657,2000,2000,0,1900,outcome_stratified_patient_group_cluster,surgery,v3|S1|surgery|lightgbm,s0139
e_surgery_s123_w3r_20260817T063101366Z_a90234f0b326/S1/lightgbm,S1,lightgbm__platt,gbdt,validation_2024,calibration_intercept,-0.4087902786928194,-0.9738293108489718,0.3059762551084531,ESTIMATED,2712,17,2657,2000,2000,0,1900,outcome_stratified_patient_group_cluster,surgery,v3|S1|surgery|lightgbm,s0139
e_surgery_s123_w3r_20260817T063101366Z_a90234f0b326/S1/lightgbm,S1,lightgbm__platt,gbdt,validation_2024,calibration_slope,1.1941303593641899,0.9568818612695436,1.591030410612242,ESTIMATED,2712,17,2657,2000,2000,0,1900,outcome_stratified_patient_group_cluster,surgery,v3|S1|surgery|lightgbm,s0139
e_surgery_s123_w3r_20260817T063101366Z_a90234f0b326/S2/rSI_sMS,S2,score_rSI_sMS__platt,traditional_score,validation_2024,AUROC,0.6911819763472593,0.5149315476284887,0.8603862037724495,ESTIMATED,2688,17,2634,2000,2000,0,1900,outcome_stratified_patient_group_cluster,surgery,v3|S2|surgery|rSI_sMS,s0141
e_surgery_s123_w3r_20260817T063101366Z_a90234f0b326/S2/rSI_sMS,S2,score_rSI_sMS__platt,traditional_score,validation_2024,AUPRC,0.07341748502596646,0.025707249833389807,0.22639920930526347,ESTIMATED,2688,17,2634,2000,2000,0,1900,outcome_stratified_patient_group_cluster,surgery,v3|S2|surgery|rSI_sMS,s0141
e_surgery_s123_w3r_20260817T063101366Z_a90234f0b326/S2/rSI_sMS,S2,score_rSI_sMS__platt,traditional_score,validation_2024,Brier,0.006162174594833072,0.00603420938570458,0.006280079404041933,ESTIMATED,2688,17,2634,2000,2000,0,1900,outcome_stratified_patient_group_cluster,surgery,v3|S2|surgery|rSI_sMS,s0141
e_surgery_s123_w3r_20260817T063101366Z_a90234f0b326/S2/rSI_sMS,S2,score_rSI_sMS__platt,traditional_score,validation_2024,calibration_in_large,-0.03980935581289202,-0.08674793385843435,0.004958264214769758,ESTIMATED,2688,17,2634,2000,2000,0,1900,outcome_stratified_patient_group_cluster,surgery,v3|S2|surgery|rSI_sMS,s0141
e_surgery_s123_w3r_20260817T063101366Z_a90234f0b326/S2/rSI_sMS,S2,score_rSI_sMS__platt,traditional_score,validation_2024,calibration_intercept,-0.5025607061750111,-4.242373026333248,3.4708929937922988,ESTIMATED,2688,17,2634,2000,2000,0,1900,outcome_stratified_patient_group_cluster,surgery,v3|S2|surgery|rSI_sMS,s0141
e_surgery_s123_w3r_20260817T063101366Z_a90234f0b326/S2/rSI_sMS,S2,score_rSI_sMS__platt,traditional_score,validation_2024,calibration_slope,0.8992640133748393,0.14978010703526035,1.8302859246070755,ESTIMATED,2688,17,2634,2000,2000,0,1900,outcome_stratified_patient_group_cluster,surgery,v3|S2|surgery|rSI_sMS,s0141
e_surgery_s123_w3r_20260817T063101366Z_a90234f0b326/S2/logistic_regression,S2,logistic_l2__platt,linear,validation_2024,AUROC,0.7810484871031746,0.6549634720835431,0.890957766020813,ESTIMATED,2712,24,2657,2000,2000,0,1900,outcome_stratified_patient_group_cluster,surgery,v3|S2|surgery|logistic_regression,s0142
e_surgery_s123_w3r_20260817T063101366Z_a90234f0b326/S2/logistic_regression,S2,logistic_l2__platt,linear,validation_2024,AUPRC,0.20371837278066038,0.08849068487621735,0.4013501428593731,ESTIMATED,2712,24,2657,2000,2000,0,1900,outcome_stratified_patient_group_cluster,surgery,v3|S2|surgery|logistic_regression,s0142
e_surgery_s123_w3r_20260817T063101366Z_a90234f0b326/S2/logistic_regression,S2,logistic_l2__platt,linear,validation_2024,Brier,0.007822608767984338,0.006782034231957802,0.008675493097838237,ESTIMATED,2712,24,2657,2000,2000,0,1900,outcome_stratified_patient_group_cluster,surgery,v3|S2|surgery|logistic_regression,s0142
e_surgery_s123_w3r_20260817T063101366Z_a90234f0b326/S2/logistic_regression,S2,logistic_l2__platt,linear,validation_2024,calibration_in_large,0.359117681916743,0.19282144510415566,0.5095757685612307,ESTIMATED,2712,24,2657,2000,2000,0,1900,outcome_stratified_patient_group_cluster,surgery,v3|S2|surgery|logistic_regression,s0142
e_surgery_s123_w3r_20260817T063101366Z_a90234f0b326/S2/logistic_regression,S2,logistic_l2__platt,linear,validation_2024,calibration_intercept,0.10901400396816677,-1.0286363657307755,1.2929493911515058,ESTIMATED,2712,24,2657,2000,2000,0,1900,outcome_stratified_patient_group_cluster,surgery,v3|S2|surgery|logistic_regression,s0142
e_surgery_s123_w3r_20260817T063101366Z_a90234f0b326/S2/logistic_regression,S2,logistic_l2__platt,linear,validation_2024,calibration_slope,0.9393194480650267,0.6821855332451515,1.2318840309627381,ESTIMATED,2712,24,2657,2000,2000,0,1900,outcome_stratified_patient_group_cluster,surgery,v3|S2|surgery|logistic_regression,s0142
e_surgery_s123_w3r_20260817T063101366Z_a90234f0b326/S2/catboost,S2,catboost__raw,gbdt,validation_2024,AUROC,0.9445684523809523,0.9090449998926065,0.9765063923972264,ESTIMATED,2712,24,2657,2000,2000,0,1900,outcome_stratified_patient_group_cluster,surgery,v3|S2|surgery|catboost,s0143
e_surgery_s123_w3r_20260817T063101366Z_a90234f0b326/S2/catboost,S2,catboost__raw,gbdt,validation_2024,AUPRC,0.4252054919188533,0.2578487967597232,0.6481307285884397,ESTIMATED,2712,24,2657,2000,2000,0,1900,outcome_stratified_patient_group_cluster,surgery,v3|S2|surgery|catboost,s0143
e_surgery_s123_w3r_20260817T063101366Z_a90234f0b326/S2/catboost,S2,catboost__raw,gbdt,validation_2024,Brier,0.0064471872079073,0.005253261252588678,0.007572301133625839,ESTIMATED,2712,24,2657,2000,2000,0,1900,outcome_stratified_patient_group_cluster,surgery,v3|S2|surgery|catboost,s0143
e_surgery_s123_w3r_20260817T063101366Z_a90234f0b326/S2/catboost,S2,catboost__raw,gbdt,validation_2024,calibration_in_large,-0.046103582635836915,-0.2219595290859594,0.14578248442976424,ESTIMATED,2712,24,2657,2000,2000,0,1900,outcome_stratified_patient_group_cluster,surgery,v3|S2|surgery|catboost,s0143
e_surgery_s123_w3r_20260817T063101366Z_a90234f0b326/S2/catboost,S2,catboost__raw,gbdt,validation_2024,calibration_intercept,0.10645828764299596,-0.408521476426037,0.7996802979094211,ESTIMATED,2712,24,2657,2000,2000,0,1900,outcome_stratified_patient_group_cluster,surgery,v3|S2|surgery|catboost,s0143
e_surgery_s123_w3r_20260817T063101366Z_a90234f0b326/S2/catboost,S2,catboost__raw,gbdt,validation_2024,calibration_slope,1.0566017699755206,0.869954889256929,1.3759814305797438,ESTIMATED,2712,24,2657,2000,2000,0,1900,outcome_stratified_patient_group_cluster,surgery,v3|S2|surgery|catboost,s0143
e_surgery_s123_w3r_20260817T063101366Z_a90234f0b326/S2/xgboost,S2,xgboost__raw,gbdt,validation_2024,AUROC,0.9579148065476191,0.9256570784307872,0.9819180657835099,ESTIMATED,2712,24,2657,2000,2000,0,1900,outcome_stratified_patient_group_cluster,surgery,v3|S2|surgery|xgboost,s0144
e_surgery_s123_w3r_20260817T063101366Z_a90234f0b326/S2/xgboost,S2,xgboost__raw,gbdt,validation_2024,AUPRC,0.38400737779551186,0.223623139182742,0.6069875185827945,ESTIMATED,2712,24,2657,2000,2000,0,1900,outcome_stratified_patient_group_cluster,surgery,v3|S2|surgery|xgboost,s0144
e_surgery_s123_w3r_20260817T063101366Z_a90234f0b326/S2/xgboost,S2,xgboost__raw,gbdt,validation_2024,Brier,0.006743736357993367,0.005476441251949275,0.007974575203011576,ESTIMATED,2712,24,2657,2000,2000,0,1900,outcome_stratified_patient_group_cluster,surgery,v3|S2|surgery|xgboost,s0144
e_surgery_s123_w3r_20260817T063101366Z_a90234f0b326/S2/xgboost,S2,xgboost__raw,gbdt,validation_2024,calibration_in_large,-0.09478834345095777,-0.2983855652103044,0.11723059249859895,ESTIMATED,2712,24,2657,2000,2000,0,1900,outcome_stratified_patient_group_cluster,surgery,v3|S2|surgery|xgboost,s0144
e_surgery_s123_w3r_20260817T063101366Z_a90234f0b326/S2/xgboost,S2,xgboost__raw,gbdt,validation_2024,calibration_intercept,-0.17100506565344567,-0.6763852244912267,0.45023189975990546,ESTIMATED,2712,24,2657,2000,2000,0,1900,outcome_stratified_patient_group_cluster,surgery,v3|S2|surgery|xgboost,s0144
e_surgery_s123_w3r_20260817T063101366Z_a90234f0b326/S2/xgboost,S2,xgboost__raw,gbdt,validation_2024,calibration_slope,0.9677456922939708,0.7831611973989357,1.26227047182352,ESTIMATED,2712,24,2657,2000,2000,0,1900,outcome_stratified_patient_group_cluster,surgery,v3|S2|surgery|xgboost,s0144
e_surgery_s123_w3r_20260817T063101366Z_a90234f0b326/S2/lightgbm,S2,lightgbm__raw,gbdt,validation_2024,AUROC,0.9553261408730158,0.9230598083146627,0.9814454372621318,ESTIMATED,2712,24,2657,2000,2000,0,1900,outcome_stratified_patient_group_cluster,surgery,v3|S2|surgery|lightgbm,s0145
e_surgery_s123_w3r_20260817T063101366Z_a90234f0b326/S2/lightgbm,S2,lightgbm__raw,gbdt,validation_2024,AUPRC,0.41473906536125654,0.24185118378835846,0.6628362378190449,ESTIMATED,2712,24,2657,2000,2000,0,1900,outcome_stratified_patient_group_cluster,surgery,v3|S2|surgery|lightgbm,s0145
e_surgery_s123_w3r_20260817T063101366Z_a90234f0b326/S2/lightgbm,S2,lightgbm__raw,gbdt,validation_2024,Brier,0.006430810596093341,0.005153295315895401,0.0077311375305604375,ESTIMATED,2712,24,2657,2000,2000,0,1900,outcome_stratified_patient_group_cluster,surgery,v3|S2|surgery|lightgbm,s0145
e_surgery_s123_w3r_20260817T063101366Z_a90234f0b326/S2/lightgbm,S2,lightgbm__raw,gbdt,validation_2024,calibration_in_large,0.10340118463751935,-0.12735347096597033,0.34863277723968544,ESTIMATED,2712,24,2657,2000,2000,0,1900,outcome_stratified_patient_group_cluster,surgery,v3|S2|surgery|lightgbm,s0145
e_surgery_s123_w3r_20260817T063101366Z_a90234f0b326/S2/lightgbm,S2,lightgbm__raw,gbdt,validation_2024,calibration_intercept,-0.11087996708278053,-0.6479029405524459,0.5392242218543637,ESTIMATED,2712,24,2657,2000,2000,0,1900,outcome_stratified_patient_group_cluster,surgery,v3|S2|surgery|lightgbm,s0145
e_surgery_s123_w3r_20260817T063101366Z_a90234f0b326/S2/lightgbm,S2,lightgbm__raw,gbdt,validation_2024,calibration_slope,0.9155063139099348,0.7375256859377257,1.1966028547352907,ESTIMATED,2712,24,2657,2000,2000,0,1900,outcome_stratified_patient_group_cluster,surgery,v3|S2|surgery|lightgbm,s0145
e_surgery_s123_w3r_20260817T063101366Z_a90234f0b326/S3/rSI_sMS,S3,score_rSI_sMS__isotonic,traditional_score,validation_2024,AUROC,0.5431282984709219,0.5165648192077977,0.5705398689032172,ESTIMATED,2688,519,2634,2000,2000,0,1900,outcome_stratified_patient_group_cluster,surgery,v3|S3|surgery|rSI_sMS,s0147
e_surgery_s123_w3r_20260817T063101366Z_a90234f0b326/S3/rSI_sMS,S3,score_rSI_sMS__isotonic,traditional_score,validation_2024,AUPRC,0.2238573020833782,0.20829783491817166,0.2442646754704166,ESTIMATED,2688,519,2634,2000,2000,0,1900,outcome_stratified_patient_group_cluster,surgery,v3|S3|surgery|rSI_sMS,s0147
e_surgery_s123_w3r_20260817T063101366Z_a90234f0b326/S3/rSI_sMS,S3,score_rSI_sMS__isotonic,traditional_score,validation_2024,Brier,0.15482784894790244,0.1534634997184097,0.1561690038127262,ESTIMATED,2688,519,2634,2000,2000,0,1900,outcome_stratified_patient_group_cluster,surgery,v3|S3|surgery|rSI_sMS,s0147
e_surgery_s123_w3r_20260817T063101366Z_a90234f0b326/S3/rSI_sMS,S3,score_rSI_sMS__isotonic,traditional_score,validation_2024,calibration_in_large,0.06379346003662079,0.051810121553372494,0.07570860353914231,ESTIMATED,2688,519,2634,2000,2000,0,1900,outcome_stratified_patient_group_cluster,surgery,v3|S3|surgery|rSI_sMS,s0147
e_surgery_s123_w3r_20260817T063101366Z_a90234f0b326/S3/rSI_sMS,S3,score_rSI_sMS__isotonic,traditional_score,validation_2024,calibration_intercept,-0.12164953965686442,-0.7286863121359702,0.5025551960572928,ESTIMATED,2688,519,2634,2000,2000,0,1900,outcome_stratified_patient_group_cluster,surgery,v3|S3|surgery|rSI_sMS,s0147
e_surgery_s123_w3r_20260817T063101366Z_a90234f0b326/S3/rSI_sMS,S3,score_rSI_sMS__isotonic,traditional_score,validation_2024,calibration_slope,0.8747439975544102,0.4673447667460941,1.2991507593142142,ESTIMATED,2688,519,2634,2000,2000,0,1900,outcome_stratified_patient_group_cluster,surgery,v3|S3|surgery|rSI_sMS,s0147
e_surgery_s123_w3r_20260817T063101366Z_a90234f0b326/S3/logistic_regression,S3,logistic_l2__isotonic,linear,validation_2024,AUROC,0.6969648124284391,0.6690565375340647,0.721493090839399,ESTIMATED,2712,521,2657,2000,2000,0,1900,outcome_stratified_patient_group_cluster,surgery,v3|S3|surgery|logistic_regression,s0148
e_surgery_s123_w3r_20260817T063101366Z_a90234f0b326/S3/logistic_regression,S3,logistic_l2__isotonic,linear,validation_2024,AUPRC,0.34469618474128977,0.31461418962758864,0.3757311903301841,ESTIMATED,2712,521,2657,2000,2000,0,1900,outcome_stratified_patient_group_cluster,surgery,v3|S3|surgery|logistic_regression,s0148
e_surgery_s123_w3r_20260817T063101366Z_a90234f0b326/S3/logistic_regression,S3,logistic_l2__isotonic,linear,validation_2024,Brier,0.14299730487002937,0.13865087789166058,0.1477971151360596,ESTIMATED,2712,521,2657,2000,2000,0,1900,outcome_stratified_patient_group_cluster,surgery,v3|S3|surgery|logistic_regression,s0148
e_surgery_s123_w3r_20260817T063101366Z_a90234f0b326/S3/logistic_regression,S3,logistic_l2__isotonic,linear,validation_2024,calibration_in_large,-0.002250761014366276,-0.043386351428741685,0.03783750517021751,ESTIMATED,2712,521,2657,2000,2000,0,1900,outcome_stratified_patient_group_cluster,surgery,v3|S3|surgery|logistic_regression,s0148
e_surgery_s123_w3r_20260817T063101366Z_a90234f0b326/S3/logistic_regression,S3,logistic_l2__isotonic,linear,validation_2024,calibration_intercept,-0.2995894924793048,-0.4476272001177041,-0.16410040940489382,ESTIMATED,2712,521,2657,2000,2000,0,1900,outcome_stratified_patient_group_cluster,surgery,v3|S3|surgery|logistic_regression,s0148
e_surgery_s123_w3r_20260817T063101366Z_a90234f0b326/S3/logistic_regression,S3,logistic_l2__isotonic,linear,validation_2024,calibration_slope,0.7605460670141583,0.6494436124828772,0.8654943190943772,ESTIMATED,2712,521,2657,2000,2000,0,1900,outcome_stratified_patient_group_cluster,surgery,v3|S3|surgery|logistic_regression,s0148
e_surgery_s123_w3r_20260817T063101366Z_a90234f0b326/S3/catboost,S3,catboost__platt,gbdt,validation_2024,AUROC,0.7525831989354461,0.7305044743844523,0.7757370276812962,ESTIMATED,2712,521,2657,2000,2000,0,1900,outcome_stratified_patient_group_cluster,surgery,v3|S3|surgery|catboost,s0149
e_surgery_s123_w3r_20260817T063101366Z_a90234f0b326/S3/catboost,S3,catboost__platt,gbdt,validation_2024,AUPRC,0.42994326082517786,0.3949078769311889,0.47207427576043076,ESTIMATED,2712,521,2657,2000,2000,0,1900,outcome_stratified_patient_group_cluster,surgery,v3|S3|surgery|catboost,s0149
e_surgery_s123_w3r_20260817T063101366Z_a90234f0b326/S3/catboost,S3,catboost__platt,gbdt,validation_2024,Brier,0.13369518203893638,0.12877241263873498,0.13838763687755448,ESTIMATED,2712,521,2657,2000,2000,0,1900,outcome_stratified_patient_group_cluster,surgery,v3|S3|surgery|catboost,s0149
e_surgery_s123_w3r_20260817T063101366Z_a90234f0b326/S3/catboost,S3,catboost__platt,gbdt,validation_2024,calibration_in_large,-0.10153949187774458,-0.14233020070724184,-0.05874693013457367,ESTIMATED,2712,521,2657,2000,2000,0,1900,outcome_stratified_patient_group_cluster,surgery,v3|S3|surgery|catboost,s0149
e_surgery_s123_w3r_20260817T063101366Z_a90234f0b326/S3/catboost,S3,catboost__platt,gbdt,validation_2024,calibration_intercept,-0.16476555302183532,-0.2834752521797818,-0.03114438539765684,ESTIMATED,2712,521,2657,2000,2000,0,1900,outcome_stratified_patient_group_cluster,surgery,v3|S3|surgery|catboost,s0149
e_surgery_s123_w3r_20260817T063101366Z_a90234f0b326/S3/catboost,S3,catboost__platt,gbdt,validation_2024,calibration_slope,0.942000840986768,0.8389641237760436,1.0624938108790318,ESTIMATED,2712,521,2657,2000,2000,0,1900,outcome_stratified_patient_group_cluster,surgery,v3|S3|surgery|catboost,s0149
e_surgery_s123_w3r_20260817T063101366Z_a90234f0b326/S3/xgboost,S3,xgboost__platt,gbdt,validation_2024,AUROC,0.740932851282204,0.7165901017102707,0.764229992380112,ESTIMATED,2712,521,2657,2000,2000,0,1900,outcome_stratified_patient_group_cluster,surgery,v3|S3|surgery|xgboost,s0150
e_surgery_s123_w3r_20260817T063101366Z_a90234f0b326/S3/xgboost,S3,xgboost__platt,gbdt,validation_2024,AUPRC,0.4055342978738968,0.371618481068655,0.44674643433718286,ESTIMATED,2712,521,2657,2000,2000,0,1900,outcome_stratified_patient_group_cluster,surgery,v3|S3|surgery|xgboost,s0150
e_surgery_s123_w3r_20260817T063101366Z_a90234f0b326/S3/xgboost,S3,xgboost__platt,gbdt,validation_2024,Brier,0.1364156728372273,0.13172755984643106,0.1411947366965056,ESTIMATED,2712,521,2657,2000,2000,0,1900,outcome_stratified_patient_group_cluster,surgery,v3|S3|surgery|xgboost,s0150
e_surgery_s123_w3r_20260817T063101366Z_a90234f0b326/S3/xgboost,S3,xgboost__platt,gbdt,validation_2024,calibration_in_large,-0.06309725071638184,-0.1052955434315385,-0.023468889261127973,ESTIMATED,2712,521,2657,2000,2000,0,1900,outcome_stratified_patient_group_cluster,surgery,v3|S3|surgery|xgboost,s0150
e_surgery_s123_w3r_20260817T063101366Z_a90234f0b326/S3/xgboost,S3,xgboost__platt,gbdt,validation_2024,calibration_intercept,-0.18943788935565423,-0.3173001076445869,-0.05440189952698529,ESTIMATED,2712,521,2657,2000,2000,0,1900,outcome_stratified_patient_group_cluster,surgery,v3|S3|surgery|xgboost,s0150
e_surgery_s123_w3r_20260817T063101366Z_a90234f0b326/S3/xgboost,S3,xgboost__platt,gbdt,validation_2024,calibration_slope,0.8892208657014687,0.7825183536116522,1.0035558757536507,ESTIMATED,2712,521,2657,2000,2000,0,1900,outcome_stratified_patient_group_cluster,surgery,v3|S3|surgery|xgboost,s0150
e_surgery_s123_w3r_20260817T063101366Z_a90234f0b326/S3/lightgbm,S3,lightgbm__isotonic,gbdt,validation_2024,AUROC,0.740814586981641,0.7177894611633856,0.762404830960467,ESTIMATED,2712,521,2657,2000,2000,0,1900,outcome_stratified_patient_group_cluster,surgery,v3|S3|surgery|lightgbm,s0151
e_surgery_s123_w3r_20260817T063101366Z_a90234f0b326/S3/lightgbm,S3,lightgbm__isotonic,gbdt,validation_2024,AUPRC,0.39284255045693467,0.36197949651906125,0.42735953599267623,ESTIMATED,2712,521,2657,2000,2000,0,1900,outcome_stratified_patient_group_cluster,surgery,v3|S3|surgery|lightgbm,s0151
e_surgery_s123_w3r_20260817T063101366Z_a90234f0b326/S3/lightgbm,S3,lightgbm__isotonic,gbdt,validation_2024,Brier,0.13666207852685947,0.1322251628879111,0.1413501015072739,ESTIMATED,2712,521,2657,2000,2000,0,1900,outcome_stratified_patient_group_cluster,surgery,v3|S3|surgery|lightgbm,s0151
e_surgery_s123_w3r_20260817T063101366Z_a90234f0b326/S3/lightgbm,S3,lightgbm__isotonic,gbdt,validation_2024,calibration_in_large,-0.06318465717178867,-0.10508390307059731,-0.020011771043817603,ESTIMATED,2712,521,2657,2000,2000,0,1900,outcome_stratified_patient_group_cluster,surgery,v3|S3|surgery|lightgbm,s0151
e_surgery_s123_w3r_20260817T063101366Z_a90234f0b326/S3/lightgbm,S3,lightgbm__isotonic,gbdt,validation_2024,calibration_intercept,-0.2254152016561141,-0.34982490999313903,-0.10158106305167468,ESTIMATED,2712,521,2657,2000,2000,0,1900,outcome_stratified_patient_group_cluster,surgery,v3|S3|surgery|lightgbm,s0151
e_surgery_s123_w3r_20260817T063101366Z_a90234f0b326/S3/lightgbm,S3,lightgbm__isotonic,gbdt,validation_2024,calibration_slope,0.8553212424669331,0.752364092874861,0.9607972404071382,ESTIMATED,2712,521,2657,2000,2000,0,1900,outcome_stratified_patient_group_cluster,surgery,v3|S3|surgery|lightgbm,s0151
e_surgery_s456_w3r_20260817T063101366Z_65ccbe429239/S4/rSI_sMS,S4,score_rSI_sMS__isotonic,traditional_score,validation_2024,AUROC,0.6249254900127398,0.5792465770781549,0.6716612420898873,ESTIMATED,2688,134,2634,2000,2000,0,1900,outcome_stratified_patient_group_cluster,surgery,v3|S4|surgery|rSI_sMS,s0153
e_surgery_s456_w3r_20260817T063101366Z_65ccbe429239/S4/rSI_sMS,S4,score_rSI_sMS__isotonic,traditional_score,validation_2024,AUPRC,0.16506958083798068,0.11486526872517648,0.23171662886032965,ESTIMATED,2688,134,2634,2000,2000,0,1900,outcome_stratified_patient_group_cluster,surgery,v3|S4|surgery|rSI_sMS,s0153
e_surgery_s456_w3r_20260817T063101366Z_65ccbe429239/S4/rSI_sMS,S4,score_rSI_sMS__isotonic,traditional_score,validation_2024,Brier,0.044887332401313984,0.04371622000675791,0.04601375900635965,ESTIMATED,2688,134,2634,2000,2000,0,1900,outcome_stratified_patient_group_cluster,surgery,v3|S4|surgery|rSI_sMS,s0153
e_surgery_s456_w3r_20260817T063101366Z_65ccbe429239/S4/rSI_sMS,S4,score_rSI_sMS__isotonic,traditional_score,validation_2024,calibration_in_large,-0.04317680625440801,-0.0676549767643262,-0.018689241286384835,ESTIMATED,2688,134,2634,2000,2000,0,1900,outcome_stratified_patient_group_cluster,surgery,v3|S4|surgery|rSI_sMS,s0153
e_surgery_s456_w3r_20260817T063101366Z_65ccbe429239/S4/rSI_sMS,S4,score_rSI_sMS__isotonic,traditional_score,validation_2024,calibration_intercept,1.0628020211557483,0.2887069255020146,1.7944983821736806,ESTIMATED,2688,134,2634,2000,2000,0,1900,outcome_stratified_patient_group_cluster,surgery,v3|S4|surgery|rSI_sMS,s0153
e_surgery_s456_w3r_20260817T063101366Z_65ccbe429239/S4/rSI_sMS,S4,score_rSI_sMS__isotonic,traditional_score,validation_2024,calibration_slope,1.4002385146181615,1.117341831655683,1.6683019736546216,ESTIMATED,2688,134,2634,2000,2000,0,1900,outcome_stratified_patient_group_cluster,surgery,v3|S4|surgery|rSI_sMS,s0153
e_surgery_s456_w3r_20260817T063101366Z_65ccbe429239/S4/logistic_regression,S4,logistic_l2__isotonic,linear,validation_2024,AUROC,0.6470145523217062,0.59016147685851,0.7042335040592848,ESTIMATED,2712,140,2657,2000,2000,0,1900,outcome_stratified_patient_group_cluster,surgery,v3|S4|surgery|logistic_regression,s0154
e_surgery_s456_w3r_20260817T063101366Z_65ccbe429239/S4/logistic_regression,S4,logistic_l2__isotonic,linear,validation_2024,AUPRC,0.16085413185839448,0.11635634482883167,0.2221443152250386,ESTIMATED,2712,140,2657,2000,2000,0,1900,outcome_stratified_patient_group_cluster,surgery,v3|S4|surgery|logistic_regression,s0154
e_surgery_s456_w3r_20260817T063101366Z_65ccbe429239/S4/logistic_regression,S4,logistic_l2__isotonic,linear,validation_2024,Brier,0.04641532994802353,0.04432082559048154,0.048493387467311695,ESTIMATED,2712,140,2657,2000,2000,0,1900,outcome_stratified_patient_group_cluster,surgery,v3|S4|surgery|logistic_regression,s0154
e_surgery_s456_w3r_20260817T063101366Z_65ccbe429239/S4/logistic_regression,S4,logistic_l2__isotonic,linear,validation_2024,calibration_in_large,0.14034633960200438,0.08114072357450175,0.20099809035937496,ESTIMATED,2712,140,2657,2000,2000,0,1900,outcome_stratified_patient_group_cluster,surgery,v3|S4|surgery|logistic_regression,s0154
e_surgery_s456_w3r_20260817T063101366Z_65ccbe429239/S4/logistic_regression,S4,logistic_l2__isotonic,linear,validation_2024,calibration_intercept,-0.5261106466605034,-1.0139984030677998,-0.07560478042071987,ESTIMATED,2712,140,2657,2000,2000,0,1900,outcome_stratified_patient_group_cluster,surgery,v3|S4|surgery|logistic_regression,s0154
e_surgery_s456_w3r_20260817T063101366Z_65ccbe429239/S4/logistic_regression,S4,logistic_l2__isotonic,linear,validation_2024,calibration_slope,0.7580507151833568,0.5891238621320708,0.9173535996755673,ESTIMATED,2712,140,2657,2000,2000,0,1900,outcome_stratified_patient_group_cluster,surgery,v3|S4|surgery|logistic_regression,s0154
e_surgery_s456_w3r_20260817T063101366Z_65ccbe429239/S4/catboost,S4,catboost__platt,gbdt,validation_2024,AUROC,0.8623333703621419,0.8315272923863383,0.8915938419593549,ESTIMATED,2712,140,2657,2000,2000,0,1900,outcome_stratified_patient_group_cluster,surgery,v3|S4|surgery|catboost,s0155
e_surgery_s456_w3r_20260817T063101366Z_65ccbe429239/S4/catboost,S4,catboost__platt,gbdt,validation_2024,AUPRC,0.4025310776697028,0.3282263620539515,0.48841248538704035,ESTIMATED,2712,140,2657,2000,2000,0,1900,outcome_stratified_patient_group_cluster,surgery,v3|S4|surgery|catboost,s0155
e_surgery_s456_w3r_20260817T063101366Z_65ccbe429239/S4/catboost,S4,catboost__platt,gbdt,validation_2024,Brier,0.03866784941751966,0.03577136953505786,0.041539791614948196,ESTIMATED,2712,140,2657,2000,2000,0,1900,outcome_stratified_patient_group_cluster,surgery,v3|S4|surgery|catboost,s0155
e_surgery_s456_w3r_20260817T063101366Z_65ccbe429239/S4/catboost,S4,catboost__platt,gbdt,validation_2024,calibration_in_large,-0.22758220293646048,-0.3062536201135426,-0.14945201417555828,ESTIMATED,2712,140,2657,2000,2000,0,1900,outcome_stratified_patient_group_cluster,surgery,v3|S4|surgery|catboost,s0155
e_surgery_s456_w3r_20260817T063101366Z_65ccbe429239/S4/catboost,S4,catboost__platt,gbdt,validation_2024,calibration_intercept,0.0038342636602571607,-0.26036609218534285,0.31102432386726664,ESTIMATED,2712,140,2657,2000,2000,0,1900,outcome_stratified_patient_group_cluster,surgery,v3|S4|surgery|catboost,s0155
e_surgery_s456_w3r_20260817T063101366Z_65ccbe429239/S4/catboost,S4,catboost__platt,gbdt,validation_2024,calibration_slope,1.1149298627780178,0.9907380225520199,1.256048822325945,ESTIMATED,2712,140,2657,2000,2000,0,1900,outcome_stratified_patient_group_cluster,surgery,v3|S4|surgery|catboost,s0155
e_surgery_s456_w3r_20260817T063101366Z_65ccbe429239/S4/xgboost,S4,xgboost__platt,gbdt,validation_2024,AUROC,0.8607614974450122,0.8303377620710976,0.8896348587584636,ESTIMATED,2712,140,2657,2000,2000,0,1900,outcome_stratified_patient_group_cluster,surgery,v3|S4|surgery|xgboost,s0156
e_surgery_s456_w3r_20260817T063101366Z_65ccbe429239/S4/xgboost,S4,xgboost__platt,gbdt,validation_2024,AUPRC,0.39382515840548316,0.3191349231476548,0.4788409338904326,ESTIMATED,2712,140,2657,2000,2000,0,1900,outcome_stratified_patient_group_cluster,surgery,v3|S4|surgery|xgboost,s0156
e_surgery_s456_w3r_20260817T063101366Z_65ccbe429239/S4/xgboost,S4,xgboost__platt,gbdt,validation_2024,Brier,0.0389154338715385,0.035550748978989105,0.04201316610097815,ESTIMATED,2712,140,2657,2000,2000,0,1900,outcome_stratified_patient_group_cluster,surgery,v3|S4|surgery|xgboost,s0156
e_surgery_s456_w3r_20260817T063101366Z_65ccbe429239/S4/xgboost,S4,xgboost__platt,gbdt,validation_2024,calibration_in_large,-0.22983365502078357,-0.3225637894305455,-0.14224708480966655,ESTIMATED,2712,140,2657,2000,2000,0,1900,outcome_stratified_patient_group_cluster,surgery,v3|S4|surgery|xgboost,s0156
e_surgery_s456_w3r_20260817T063101366Z_65ccbe429239/S4/xgboost,S4,xgboost__platt,gbdt,validation_2024,calibration_intercept,-0.15943853498392263,-0.41697510118931785,0.14003303465767153,ESTIMATED,2712,140,2657,2000,2000,0,1900,outcome_stratified_patient_group_cluster,surgery,v3|S4|surgery|xgboost,s0156
e_surgery_s456_w3r_20260817T063101366Z_65ccbe429239/S4/xgboost,S4,xgboost__platt,gbdt,validation_2024,calibration_slope,1.0345422795846988,0.9196058427163263,1.1679293216400266,ESTIMATED,2712,140,2657,2000,2000,0,1900,outcome_stratified_patient_group_cluster,surgery,v3|S4|surgery|xgboost,s0156
e_surgery_s456_w3r_20260817T063101366Z_65ccbe429239/S4/lightgbm,S4,lightgbm__platt,gbdt,validation_2024,AUROC,0.8559875583203733,0.8221458479069721,0.8858269495147123,ESTIMATED,2712,140,2657,2000,2000,0,1900,outcome_stratified_patient_group_cluster,surgery,v3|S4|surgery|lightgbm,s0157
e_surgery_s456_w3r_20260817T063101366Z_65ccbe429239/S4/lightgbm,S4,lightgbm__platt,gbdt,validation_2024,AUPRC,0.38560580921732207,0.3108511047151606,0.47056080359550695,ESTIMATED,2712,140,2657,2000,2000,0,1900,outcome_stratified_patient_group_cluster,surgery,v3|S4|surgery|lightgbm,s0157
e_surgery_s456_w3r_20260817T063101366Z_65ccbe429239/S4/lightgbm,S4,lightgbm__platt,gbdt,validation_2024,Brier,0.03915185477581231,0.03596841471441506,0.04223186293389543,ESTIMATED,2712,140,2657,2000,2000,0,1900,outcome_stratified_patient_group_cluster,surgery,v3|S4|surgery|lightgbm,s0157
e_surgery_s456_w3r_20260817T063101366Z_65ccbe429239/S4/lightgbm,S4,lightgbm__platt,gbdt,validation_2024,calibration_in_large,-0.23588785001500412,-0.31583810512175653,-0.15208560794617507,ESTIMATED,2712,140,2657,2000,2000,0,1900,outcome_stratified_patient_group_cluster,surgery,v3|S4|surgery|lightgbm,s0157
e_surgery_s456_w3r_20260817T063101366Z_65ccbe429239/S4/lightgbm,S4,lightgbm__platt,gbdt,validation_2024,calibration_intercept,-0.0928379452928296,-0.3812701180217711,0.23636054101855497,ESTIMATED,2712,140,2657,2000,2000,0,1900,outcome_stratified_patient_group_cluster,surgery,v3|S4|surgery|lightgbm,s0157
e_surgery_s456_w3r_20260817T063101366Z_65ccbe429239/S4/lightgbm,S4,lightgbm__platt,gbdt,validation_2024,calibration_slope,1.0702387761483507,0.9440922981666083,1.224628980663134,ESTIMATED,2712,140,2657,2000,2000,0,1900,outcome_stratified_patient_group_cluster,surgery,v3|S4|surgery|lightgbm,s0157
e_surgery_s456_w3r_20260817T063101366Z_65ccbe429239/S5/rSI_sMS,S5,score_rSI_sMS__platt,traditional_score,validation_2024,AUROC,0.5731702763256161,0.3464389689984656,0.7917292102918103,ESTIMATED,2688,10,2634,2000,2000,0,1900,outcome_stratified_patient_group_cluster,surgery,v3|S5|surgery|rSI_sMS,s0159
e_surgery_s456_w3r_20260817T063101366Z_65ccbe429239/S5/rSI_sMS,S5,score_rSI_sMS__platt,traditional_score,validation_2024,AUPRC,0.05706854441363028,0.00420390178028328,0.30371912734211465,ESTIMATED,2688,10,2634,2000,2000,0,1900,outcome_stratified_patient_group_cluster,surgery,v3|S5|surgery|rSI_sMS,s0159
e_surgery_s456_w3r_20260817T063101366Z_65ccbe429239/S5/rSI_sMS,S5,score_rSI_sMS__platt,traditional_score,validation_2024,Brier,0.003701283639970204,0.0036714742072106207,0.0037281035487282174,ESTIMATED,2688,10,2634,2000,2000,0,1900,outcome_stratified_patient_group_cluster,surgery,v3|S5|surgery|rSI_sMS,s0159
e_surgery_s456_w3r_20260817T063101366Z_65ccbe429239/S5/rSI_sMS,S5,score_rSI_sMS__platt,traditional_score,validation_2024,calibration_in_large,-0.1255670252501062,-0.14311549655185304,-0.1068015876573177,ESTIMATED,2688,10,2634,2000,2000,0,1900,outcome_stratified_patient_group_cluster,surgery,v3|S5|surgery|rSI_sMS,s0159
e_surgery_s456_w3r_20260817T063101366Z_65ccbe429239/S5/rSI_sMS,S5,score_rSI_sMS__platt,traditional_score,validation_2024,calibration_intercept,-1.4518513065491623,-10.75257069400862,10.12058420760368,ESTIMATED,2688,10,2634,2000,2000,0,1900,outcome_stratified_patient_group_cluster,surgery,v3|S5|surgery|rSI_sMS,s0159
e_surgery_s456_w3r_20260817T063101366Z_65ccbe429239/S5/rSI_sMS,S5,score_rSI_sMS__platt,traditional_score,validation_2024,calibration_slope,0.7539181190383675,-0.9084720512273334,2.977260051519512,ESTIMATED,2688,10,2634,2000,2000,0,1900,outcome_stratified_patient_group_cluster,surgery,v3|S5|surgery|rSI_sMS,s0159
e_surgery_s456_w3r_20260817T063101366Z_65ccbe429239/S5/logistic_regression,S5,logistic_l2__platt,linear,validation_2024,AUROC,0.582071375622154,0.388916833838671,0.7820148196213806,ESTIMATED,2712,14,2657,2000,2000,0,1900,outcome_stratified_patient_group_cluster,surgery,v3|S5|surgery|logistic_regression,s0160
e_surgery_s456_w3r_20260817T063101366Z_65ccbe429239/S5/logistic_regression,S5,logistic_l2__platt,linear,validation_2024,AUPRC,0.03351362259476574,0.009546722678828373,0.14545351763476388,ESTIMATED,2712,14,2657,2000,2000,0,1900,outcome_stratified_patient_group_cluster,surgery,v3|S5|surgery|logistic_regression,s0160
e_surgery_s456_w3r_20260817T063101366Z_65ccbe429239/S5/logistic_regression,S5,logistic_l2__platt,linear,validation_2024,Brier,0.005090348695055015,0.004781668420229708,0.005286272064636194,ESTIMATED,2712,14,2657,2000,2000,0,1900,outcome_stratified_patient_group_cluster,surgery,v3|S5|surgery|logistic_regression,s0160
e_surgery_s456_w3r_20260817T063101366Z_65ccbe429239/S5/logistic_regression,S5,logistic_l2__platt,linear,validation_2024,calibration_in_large,0.22836826787404618,0.12179194962895232,0.32914807305628957,ESTIMATED,2712,14,2657,2000,2000,0,1900,outcome_stratified_patient_group_cluster,surgery,v3|S5|surgery|logistic_regression,s0160
e_surgery_s456_w3r_20260817T063101366Z_65ccbe429239/S5/logistic_regression,S5,logistic_l2__platt,linear,validation_2024,calibration_intercept,-1.7650639641986792,-6.969502888918265,0.7237915376070847,ESTIMATED,2712,14,2657,2000,2000,0,1900,outcome_stratified_patient_group_cluster,surgery,v3|S5|surgery|logistic_regression,s0160
e_surgery_s456_w3r_20260817T063101366Z_65ccbe429239/S5/logistic_regression,S5,logistic_l2__platt,linear,validation_2024,calibration_slope,0.6105797920641828,-0.2796313584354672,1.0993630479898493,ESTIMATED,2712,14,2657,2000,2000,0,1900,outcome_stratified_patient_group_cluster,surgery,v3|S5|surgery|logistic_regression,s0160
e_surgery_s456_w3r_20260817T063101366Z_65ccbe429239/S5/catboost,S5,catboost__raw,gbdt,validation_2024,AUROC,0.6321878640262628,0.4717265258398805,0.7861935940187008,ESTIMATED,2712,14,2657,2000,2000,0,1900,outcome_stratified_patient_group_cluster,surgery,v3|S5|surgery|catboost,s0161
e_surgery_s456_w3r_20260817T063101366Z_65ccbe429239/S5/catboost,S5,catboost__raw,gbdt,validation_2024,AUPRC,0.020153104776739397,0.007265208117015148,0.07411238482779396,ESTIMATED,2712,14,2657,2000,2000,0,1900,outcome_stratified_patient_group_cluster,surgery,v3|S5|surgery|catboost,s0161
e_surgery_s456_w3r_20260817T063101366Z_65ccbe429239/S5/catboost,S5,catboost__raw,gbdt,validation_2024,Brier,0.005370878724163666,0.005140382760333926,0.005741840014233889,ESTIMATED,2712,14,2657,2000,2000,0,1900,outcome_stratified_patient_group_cluster,surgery,v3|S5|surgery|catboost,s0161
e_surgery_s456_w3r_20260817T063101366Z_65ccbe429239/S5/catboost,S5,catboost__raw,gbdt,validation_2024,calibration_in_large,1.1439489907242972,0.8719501078933867,1.3737378922730346,ESTIMATED,2712,14,2657,2000,2000,0,1900,outcome_stratified_patient_group_cluster,surgery,v3|S5|surgery|catboost,s0161
e_surgery_s456_w3r_20260817T063101366Z_65ccbe429239/S5/catboost,S5,catboost__raw,gbdt,validation_2024,calibration_intercept,-2.363194573778966,-5.53184766981479,-0.3437143392658,ESTIMATED,2712,14,2657,2000,2000,0,1900,outcome_stratified_patient_group_cluster,surgery,v3|S5|surgery|catboost,s0161
e_surgery_s456_w3r_20260817T063101366Z_65ccbe429239/S5/catboost,S5,catboost__raw,gbdt,validation_2024,calibration_slope,0.40523343990374733,-0.035468716818040306,0.7148787270494533,ESTIMATED,2712,14,2657,2000,2000,0,1900,outcome_stratified_patient_group_cluster,surgery,v3|S5|surgery|catboost,s0161
e_surgery_s456_w3r_20260817T063101366Z_65ccbe429239/S5/xgboost,S5,xgboost__raw,gbdt,validation_2024,AUROC,0.8264587525150906,0.7376013735896056,0.9064148199199702,ESTIMATED,2712,14,2657,2000,2000,0,1900,outcome_stratified_patient_group_cluster,surgery,v3|S5|surgery|xgboost,s0162
e_surgery_s456_w3r_20260817T063101366Z_65ccbe429239/S5/xgboost,S5,xgboost__raw,gbdt,validation_2024,AUPRC,0.05868723881222369,0.018407629137465353,0.1982903323929095,ESTIMATED,2712,14,2657,2000,2000,0,1900,outcome_stratified_patient_group_cluster,surgery,v3|S5|surgery|xgboost,s0162
e_surgery_s456_w3r_20260817T063101366Z_65ccbe429239/S5/xgboost,S5,xgboost__raw,gbdt,validation_2024,Brier,0.005523016193288799,0.0047847499741178814,0.006233641893887191,ESTIMATED,2712,14,2657,2000,2000,0,1900,outcome_stratified_patient_group_cluster,surgery,v3|S5|surgery|xgboost,s0162
e_surgery_s456_w3r_20260817T063101366Z_65ccbe429239/S5/xgboost,S5,xgboost__raw,gbdt,validation_2024,calibration_in_large,-0.24503144408853927,-0.4824036824470753,-0.017438334180563803,ESTIMATED,2712,14,2657,2000,2000,0,1900,outcome_stratified_patient_group_cluster,surgery,v3|S5|surgery|xgboost,s0162
e_surgery_s456_w3r_20260817T063101366Z_65ccbe429239/S5/xgboost,S5,xgboost__raw,gbdt,validation_2024,calibration_intercept,-1.7085565077110492,-2.78420477782699,-0.7724635932923785,ESTIMATED,2712,14,2657,2000,2000,0,1900,outcome_stratified_patient_group_cluster,surgery,v3|S5|surgery|xgboost,s0162
e_surgery_s456_w3r_20260817T063101366Z_65ccbe429239/S5/xgboost,S5,xgboost__raw,gbdt,validation_2024,calibration_slope,0.6025593245235306,0.3911934061973798,0.8208542004281444,ESTIMATED,2712,14,2657,2000,2000,0,1900,outcome_stratified_patient_group_cluster,surgery,v3|S5|surgery|xgboost,s0162
e_surgery_s456_w3r_20260817T063101366Z_65ccbe429239/S5/lightgbm,S5,lightgbm__raw,gbdt,validation_2024,AUROC,0.8592873027639522,0.7970006074252751,0.9173259237780085,ESTIMATED,2712,14,2657,2000,2000,0,1900,outcome_stratified_patient_group_cluster,surgery,v3|S5|surgery|lightgbm,s0163
e_surgery_s456_w3r_20260817T063101366Z_65ccbe429239/S5/lightgbm,S5,lightgbm__raw,gbdt,validation_2024,AUPRC,0.04757459168726714,0.018385029294929293,0.15601095503305148,ESTIMATED,2712,14,2657,2000,2000,0,1900,outcome_stratified_patient_group_cluster,surgery,v3|S5|surgery|lightgbm,s0163
e_surgery_s456_w3r_20260817T063101366Z_65ccbe429239/S5/lightgbm,S5,lightgbm__raw,gbdt,validation_2024,Brier,0.005412288612441036,0.004911019236789969,0.005893432822913423,ESTIMATED,2712,14,2657,2000,2000,0,1900,outcome_stratified_patient_group_cluster,surgery,v3|S5|surgery|lightgbm,s0163
e_surgery_s456_w3r_20260817T063101366Z_65ccbe429239/S5/lightgbm,S5,lightgbm__raw,gbdt,validation_2024,calibration_in_large,0.2147364972824306,-0.03536470582967643,0.4677064822904,ESTIMATED,2712,14,2657,2000,2000,0,1900,outcome_stratified_patient_group_cluster,surgery,v3|S5|surgery|lightgbm,s0163
e_surgery_s456_w3r_20260817T063101366Z_65ccbe429239/S5/lightgbm,S5,lightgbm__raw,gbdt,validation_2024,calibration_intercept,-1.333400443138136,-2.3596310543835703,-0.3516575446664495,ESTIMATED,2712,14,2657,2000,2000,0,1900,outcome_stratified_patient_group_cluster,surgery,v3|S5|surgery|lightgbm,s0163
e_surgery_s456_w3r_20260817T063101366Z_65ccbe429239/S5/lightgbm,S5,lightgbm__raw,gbdt,validation_2024,calibration_slope,0.6364621174824769,0.45014845012381116,0.8370911033622426,ESTIMATED,2712,14,2657,2000,2000,0,1900,outcome_stratified_patient_group_cluster,surgery,v3|S5|surgery|lightgbm,s0163
e_surgery_s456_w3r_20260817T063101366Z_65ccbe429239/S6/rSI_sMS,S6,score_rSI_sMS__platt,traditional_score,validation_2024,AUROC,0.4209969788519638,0.326074675499048,0.5178797139594474,ESTIMATED,2688,40,2634,2000,2000,0,1900,outcome_stratified_patient_group_cluster,surgery,v3|S6|surgery|rSI_sMS,s0165
e_surgery_s456_w3r_20260817T063101366Z_65ccbe429239/S6/rSI_sMS,S6,score_rSI_sMS__platt,traditional_score,validation_2024,AUPRC,0.012781024015486822,0.010817956262311064,0.017724672533748497,ESTIMATED,2688,40,2634,2000,2000,0,1900,outcome_stratified_patient_group_cluster,surgery,v3|S6|surgery|rSI_sMS,s0165
e_surgery_s456_w3r_20260817T063101366Z_65ccbe429239/S6/rSI_sMS,S6,score_rSI_sMS__platt,traditional_score,validation_2024,Brier,0.01468967184169335,0.014591906781701873,0.014779908425867638,ESTIMATED,2688,40,2634,2000,2000,0,1900,outcome_stratified_patient_group_cluster,surgery,v3|S6|surgery|rSI_sMS,s0165
e_surgery_s456_w3r_20260817T063101366Z_65ccbe429239/S6/rSI_sMS,S6,score_rSI_sMS__platt,traditional_score,validation_2024,calibration_in_large,0.2654420117369938,0.25699397604997315,0.2737438413026762,ESTIMATED,2688,40,2634,2000,2000,0,1900,outcome_stratified_patient_group_cluster,surgery,v3|S6|surgery|rSI_sMS,s0165
e_surgery_s456_w3r_20260817T063101366Z_65ccbe429239/S6/rSI_sMS,S6,score_rSI_sMS__platt,traditional_score,validation_2024,calibration_intercept,-19.68741165828053,-35.036258314550366,-6.005223194826979,ESTIMATED,2688,40,2634,2000,2000,0,1900,outcome_stratified_patient_group_cluster,surgery,v3|S6|surgery|rSI_sMS,s0165
e_surgery_s456_w3r_20260817T063101366Z_65ccbe429239/S6/rSI_sMS,S6,score_rSI_sMS__platt,traditional_score,validation_2024,calibration_slope,-3.4492967365503406,-6.836493576760575,-0.4055146447954102,ESTIMATED,2688,40,2634,2000,2000,0,1900,outcome_stratified_patient_group_cluster,surgery,v3|S6|surgery|rSI_sMS,s0165
e_surgery_s456_w3r_20260817T063101366Z_65ccbe429239/S6/logistic_regression,S6,logistic_l2__isotonic,linear,validation_2024,AUROC,0.6497681469591582,0.5538499086161756,0.7474477609592871,ESTIMATED,2712,42,2657,2000,2000,0,1900,outcome_stratified_patient_group_cluster,surgery,v3|S6|surgery|logistic_regression,s0166
e_surgery_s456_w3r_20260817T063101366Z_65ccbe429239/S6/logistic_regression,S6,logistic_l2__isotonic,linear,validation_2024,AUPRC,0.06388994215458874,0.031293667833411754,0.12733520410644686,ESTIMATED,2712,42,2657,2000,2000,0,1900,outcome_stratified_patient_group_cluster,surgery,v3|S6|surgery|logistic_regression,s0166
e_surgery_s456_w3r_20260817T063101366Z_65ccbe429239/S6/logistic_regression,S6,logistic_l2__isotonic,linear,validation_2024,Brier,0.014930238918468543,0.014666791864118693,0.015175151250796822,ESTIMATED,2712,42,2657,2000,2000,0,1900,outcome_stratified_patient_group_cluster,surgery,v3|S6|surgery|logistic_regression,s0166
e_surgery_s456_w3r_20260817T063101366Z_65ccbe429239/S6/logistic_regression,S6,logistic_l2__isotonic,linear,validation_2024,calibration_in_large,0.285074807210961,0.2515847773099057,0.3172170013230429,ESTIMATED,2712,42,2657,2000,2000,0,1900,outcome_stratified_patient_group_cluster,surgery,v3|S6|surgery|logistic_regression,s0166
e_surgery_s456_w3r_20260817T063101366Z_65ccbe429239/S6/logistic_regression,S6,logistic_l2__isotonic,linear,validation_2024,calibration_intercept,1.410685787214299,-0.466661417682772,3.0017980223070695,ESTIMATED,2712,42,2657,2000,2000,0,1900,outcome_stratified_patient_group_cluster,surgery,v3|S6|surgery|logistic_regression,s0166
e_surgery_s456_w3r_20260817T063101366Z_65ccbe429239/S6/logistic_regression,S6,logistic_l2__isotonic,linear,validation_2024,calibration_slope,1.2692412756676823,0.8241870498746855,1.6647788488733912,ESTIMATED,2712,42,2657,2000,2000,0,1900,outcome_stratified_patient_group_cluster,surgery,v3|S6|surgery|logistic_regression,s0166
e_surgery_s456_w3r_20260817T063101366Z_65ccbe429239/S6/catboost,S6,catboost__platt,gbdt,validation_2024,AUROC,0.8565275548421616,0.7995162020349557,0.904093449806981,ESTIMATED,2712,42,2657,2000,2000,0,1900,outcome_stratified_patient_group_cluster,surgery,v3|S6|surgery|catboost,s0167
e_surgery_s456_w3r_20260817T063101366Z_65ccbe429239/S6/catboost,S6,catboost__platt,gbdt,validation_2024,AUPRC,0.11108467098054217,0.06765075347349016,0.20376143161423538,ESTIMATED,2712,42,2657,2000,2000,0,1900,outcome_stratified_patient_group_cluster,surgery,v3|S6|surgery|catboost,s0167
e_surgery_s456_w3r_20260817T063101366Z_65ccbe429239/S6/catboost,S6,catboost__platt,gbdt,validation_2024,Brier,0.014506693453492132,0.013806270301024427,0.015192115237047039,ESTIMATED,2712,42,2657,2000,2000,0,1900,outcome_stratified_patient_group_cluster,surgery,v3|S6|surgery|catboost,s0167
e_surgery_s456_w3r_20260817T063101366Z_65ccbe429239/S6/catboost,S6,catboost__platt,gbdt,validation_2024,calibration_in_large,-0.03826440194210079,-0.11713235383174068,0.04142786320444292,ESTIMATED,2712,42,2657,2000,2000,0,1900,outcome_stratified_patient_group_cluster,surgery,v3|S6|surgery|catboost,s0167
e_surgery_s456_w3r_20260817T063101366Z_65ccbe429239/S6/catboost,S6,catboost__platt,gbdt,validation_2024,calibration_intercept,0.08199676425458302,-0.5969998852284053,0.7682709683354529,ESTIMATED,2712,42,2657,2000,2000,0,1900,outcome_stratified_patient_group_cluster,surgery,v3|S6|surgery|catboost,s0167
e_surgery_s456_w3r_20260817T063101366Z_65ccbe429239/S6/catboost,S6,catboost__platt,gbdt,validation_2024,calibration_slope,1.0365677391087904,0.8380979111818533,1.2525032324539445,ESTIMATED,2712,42,2657,2000,2000,0,1900,outcome_stratified_patient_group_cluster,surgery,v3|S6|surgery|catboost,s0167
e_surgery_s456_w3r_20260817T063101366Z_65ccbe429239/S6/xgboost,S6,xgboost__platt,gbdt,validation_2024,AUROC,0.8236935972891029,0.7646937947410182,0.8791870490513837,ESTIMATED,2712,42,2657,2000,2000,0,1900,outcome_stratified_patient_group_cluster,surgery,v3|S6|surgery|xgboost,s0168
e_surgery_s456_w3r_20260817T063101366Z_65ccbe429239/S6/xgboost,S6,xgboost__platt,gbdt,validation_2024,AUPRC,0.132304218342374,0.06434058021002462,0.2510376833014279,ESTIMATED,2712,42,2657,2000,2000,0,1900,outcome_stratified_patient_group_cluster,surgery,v3|S6|surgery|xgboost,s0168
e_surgery_s456_w3r_20260817T063101366Z_65ccbe429239/S6/xgboost,S6,xgboost__platt,gbdt,validation_2024,Brier,0.014495128783110297,0.013788041213991888,0.015127282552370948,ESTIMATED,2712,42,2657,2000,2000,0,1900,outcome_stratified_patient_group_cluster,surgery,v3|S6|surgery|xgboost,s0168
e_surgery_s456_w3r_20260817T063101366Z_65ccbe429239/S6/xgboost,S6,xgboost__platt,gbdt,validation_2024,calibration_in_large,0.04588182014479969,-0.02079965372521905,0.11468990425075042,ESTIMATED,2712,42,2657,2000,2000,0,1900,outcome_stratified_patient_group_cluster,surgery,v3|S6|surgery|xgboost,s0168
e_surgery_s456_w3r_20260817T063101366Z_65ccbe429239/S6/xgboost,S6,xgboost__platt,gbdt,validation_2024,calibration_intercept,0.20078733615327476,-0.5926230347567975,1.0616867211349257,ESTIMATED,2712,42,2657,2000,2000,0,1900,outcome_stratified_patient_group_cluster,surgery,v3|S6|surgery|xgboost,s0168
e_surgery_s456_w3r_20260817T063101366Z_65ccbe429239/S6/xgboost,S6,xgboost__platt,gbdt,validation_2024,calibration_slope,1.044162709315214,0.8253045986859691,1.2964209344158277,ESTIMATED,2712,42,2657,2000,2000,0,1900,outcome_stratified_patient_group_cluster,surgery,v3|S6|surgery|xgboost,s0168
e_surgery_s456_w3r_20260817T063101366Z_65ccbe429239/S6/lightgbm,S6,lightgbm__platt,gbdt,validation_2024,AUROC,0.8382111646156589,0.7769376636257921,0.8941322293495862,ESTIMATED,2712,42,2657,2000,2000,0,1900,outcome_stratified_patient_group_cluster,surgery,v3|S6|surgery|lightgbm,s0169
e_surgery_s456_w3r_20260817T063101366Z_65ccbe429239/S6/lightgbm,S6,lightgbm__platt,gbdt,validation_2024,AUPRC,0.10230682217674528,0.06500639668878623,0.19327985280797005,ESTIMATED,2712,42,2657,2000,2000,0,1900,outcome_stratified_patient_group_cluster,surgery,v3|S6|surgery|lightgbm,s0169
e_surgery_s456_w3r_20260817T063101366Z_65ccbe429239/S6/lightgbm,S6,lightgbm__platt,gbdt,validation_2024,Brier,0.014590684054585574,0.01411058888079271,0.014999156220548017,ESTIMATED,2712,42,2657,2000,2000,0,1900,outcome_stratified_patient_group_cluster,surgery,v3|S6|surgery|lightgbm,s0169
e_surgery_s456_w3r_20260817T063101366Z_65ccbe429239/S6/lightgbm,S6,lightgbm__platt,gbdt,validation_2024,calibration_in_large,0.11634205423725064,0.058154151648659086,0.17442108752192653,ESTIMATED,2712,42,2657,2000,2000,0,1900,outcome_stratified_patient_group_cluster,surgery,v3|S6|surgery|lightgbm,s0169
e_surgery_s456_w3r_20260817T063101366Z_65ccbe429239/S6/lightgbm,S6,lightgbm__platt,gbdt,validation_2024,calibration_intercept,0.6865136185420329,-0.17556968910012596,1.6328437915276677,ESTIMATED,2712,42,2657,2000,2000,0,1900,outcome_stratified_patient_group_cluster,surgery,v3|S6|surgery|lightgbm,s0169
e_surgery_s456_w3r_20260817T063101366Z_65ccbe429239/S6/lightgbm,S6,lightgbm__platt,gbdt,validation_2024,calibration_slope,1.1592951360224728,0.9199233625153875,1.4433358721872251,ESTIMATED,2712,42,2657,2000,2000,0,1900,outcome_stratified_patient_group_cluster,surgery,v3|S6|surgery|lightgbm,s0169
