entity_id,group,outcome,model,model_variant,split,scope,n,events,AUROC,AUPRC,Brier,calibration_intercept,calibration_slope,ECE,observed_expected_ratio
v3|P1|medicine|bert_finetuned,medicine,P1,bert_finetuned,bert_finetuned,external_2025,current_frozen_aggregate,6326,83,0.8977881733565689,0.28350489361633463,0.18528822013818375,-4.970198281730622,1.1164893167392664,0.3051156679901801,0.04122867991799533
v3|P1|medicine|catboost,medicine,P1,catboost,catboost__raw,external_2025,current_frozen_aggregate,6326,83,0.9177642815374907,0.3697815270662545,0.010170306267895867,0.6628256593361747,1.0848209501450194,0.004655556788702109,1.3570225840722057
v3|P1|medicine|cnn_1d,medicine,P1,cnn_1d,cnn_1d,external_2025,current_frozen_aggregate,6326,83,0.8517780878439273,0.2502145992862692,0.048444752259904446,-3.4993899013562397,0.5534716656342243,0.09215304766432125,0.12463207643925953
v3|P1|medicine|ft_transformer,medicine,P1,ft_transformer,ft_transformer,external_2025,current_frozen_aggregate,6326,83,0.9260241349829882,0.30673007035316857,0.10723090893060944,-4.424303094222614,1.1892639341303843,0.203802933965327,0.060484281158449976
v3|P1|medicine|lightgbm,medicine,P1,lightgbm,lightgbm__raw,external_2025,current_frozen_aggregate,6326,83,0.9247562088816582,0.3195344131733402,0.010679807730177421,0.7239852396987695,1.099345471198563,0.004721048347539906,1.3741505712748867
v3|P1|medicine|logistic_regression,medicine,P1,logistic_regression,logistic_l2__platt,external_2025,current_frozen_aggregate,6326,83,0.7840366752931959,0.16818423883008676,0.012163868073886506,0.49286314282987176,1.0519564830842112,0.0051542938092054786,1.314513661396309
v3|P1|medicine|mlp_plr,medicine,P1,mlp_plr,mlp_plr,external_2025,current_frozen_aggregate,6326,83,0.9020995080755506,0.30923513291987004,0.21223836935538185,-5.155209960894908,1.5997418509389778,0.4237024889781321,0.03003609457088747
v3|P1|medicine|rSI_sMS,medicine,P1,rSI_sMS,score_rSI_sMS__platt,external_2025,current_frozen_aggregate,6139,53,0.7858617674960782,0.06798457680423009,0.008381489192820963,0.7107527417599726,1.1229420767017608,0.004144615035885665,1.1933568107965271
v3|P1|medicine|stacking,medicine,P1,stacking,stacking,external_2025,current_frozen_aggregate,6326,83,0.9305188075705029,0.3773068704750853,0.11470138081978988,-4.513015342907166,0.691662097939552,0.28414336886387326,0.044137409933696935
v3|P1|medicine|tabicl,medicine,P1,tabicl,tabicl__platt,external_2025,current_frozen_aggregate,6326,83,0.9193120391223712,0.3567678267091704,0.010047187584118066,0.16305566957159953,1.0254294958153032,0.002849673985017594,1.0723834466053763
v3|P1|medicine|tabpfn,medicine,P1,tabpfn,tabpfn_standard_cloud_v3,external_2025,current_frozen_aggregate,6326,83,0.9175133981384452,0.3469588690314029,0.010259274160200662,0.46485762811055215,1.0125273737394023,0.004095306754707074,1.3997900536905106
v3|P1|medicine|xgboost,medicine,P1,xgboost,xgboost__raw,external_2025,current_frozen_aggregate,6326,83,0.9142847217799598,0.33983968710777157,0.010799570888351852,1.1466553881216326,1.217862971046857,0.005838896532366264,1.4472265536003222
v3|P2|medicine|bert_finetuned,medicine,P2,bert_finetuned,bert_finetuned,external_2025,current_frozen_aggregate,6326,545,0.7902375545324846,0.27658775331609164,0.2835099638144468,-2.984216135067342,0.9188928802058854,0.4219139871863843,0.1695691574092026
v3|P2|medicine|catboost,medicine,P2,catboost,catboost__platt,external_2025,current_frozen_aggregate,6326,545,0.8678807037923981,0.4685411814381679,0.06100990779802969,-0.32803263983939446,1.0038384871139245,0.02202737963115636,0.7967877481384772
v3|P2|medicine|cnn_1d,medicine,P2,cnn_1d,cnn_1d,external_2025,current_frozen_aggregate,6326,545,0.8362627335037747,0.4219428708861385,0.23749999692085458,-2.7773126252064273,0.7089750409519424,0.32152770935349245,0.21132350524442045
v3|P2|medicine|ft_transformer,medicine,P2,ft_transformer,ft_transformer,external_2025,current_frozen_aggregate,6326,545,0.8587022657265417,0.42592636016570395,0.1324338721181605,-2.0538261410906125,0.8691519792168729,0.1969500807426938,0.3043152102103422
v3|P2|medicine|lightgbm,medicine,P2,lightgbm,lightgbm__raw,external_2025,current_frozen_aggregate,6326,545,0.8663416538518303,0.4485561474356013,0.0616021266492921,-0.29197853289434145,1.0238064879540871,0.021829724848611023,0.7991611165840867
v3|P2|medicine|logistic_regression,medicine,P2,logistic_regression,logistic_l2__isotonic,external_2025,current_frozen_aggregate,6326,545,0.806908426687234,0.39427301003251886,0.0651064339849218,-0.5419367938121139,0.8244907125760472,0.029069690729819936,0.8195468954663861
v3|P2|medicine|mlp_plr,medicine,P2,mlp_plr,mlp_plr,external_2025,current_frozen_aggregate,6326,545,0.8522937366793149,0.4566556554468783,0.16763763754961003,-2.4303239043692497,0.8356983558899364,0.25548868237491956,0.2521722202148503
v3|P2|medicine|rSI_sMS,medicine,P2,rSI_sMS,score_rSI_sMS__isotonic,external_2025,current_frozen_aggregate,6139,491,0.7121743075067937,0.22898732522080228,0.06890340395439147,-0.46913243342487093,0.9051632959774635,0.02234789280352778,0.7857833190793161
v3|P2|medicine|stacking,medicine,P2,stacking,stacking,external_2025,current_frozen_aggregate,6326,545,0.8716266034415175,0.47455106790637935,0.1442203549457823,-2.303552056177063,1.2938234987285864,0.27607232898622464,0.23784237568084282
v3|P2|medicine|tabicl,medicine,P2,tabicl,tabicl__platt,external_2025,current_frozen_aggregate,6326,545,0.8692632778367605,0.47006513952103407,0.06079973233864964,-0.3229176457444055,1.0161666157345404,0.02395925271223969,0.7900847957577211
v3|P2|medicine|tabpfn,medicine,P2,tabpfn,tabpfn_standard_cloud_v3,external_2025,current_frozen_aggregate,6326,545,0.8645369440225732,0.45706072367848244,0.06055453617026837,-0.04714207433267723,1.0676286993335864,0.010450742155903263,0.899097222894104
v3|P2|medicine|xgboost,medicine,P2,xgboost,xgboost__raw,external_2025,current_frozen_aggregate,6326,545,0.8672284563954366,0.453573994623795,0.06149084817939979,-0.3223896344765347,1.0192446907089272,0.023620722470187823,0.7875522371090299
v3|P3|medicine|bert_finetuned,medicine,P3,bert_finetuned,bert_finetuned,external_2025,current_frozen_aggregate,6326,309,0.8128078857476632,0.22331943230906434,0.22153683317675218,-3.2909738056187723,0.9034077372404212,0.37429361970617614,0.11543714237674703
v3|P3|medicine|catboost,medicine,P3,catboost,catboost__platt,external_2025,current_frozen_aggregate,6326,309,0.8727419022585953,0.3784412030450908,0.03701357720590506,-0.037016102868821614,1.0053446174443594,0.003722878643347049,0.9648623138111213
v3|P3|medicine|cnn_1d,medicine,P3,cnn_1d,cnn_1d,external_2025,current_frozen_aggregate,6326,309,0.8166161356200581,0.3040549278039232,0.12254885928543915,-2.270177649395113,0.28091803703011975,0.14422217190143094,0.2759570660849884
v3|P3|medicine|ft_transformer,medicine,P3,ft_transformer,ft_transformer,external_2025,current_frozen_aggregate,6326,309,0.8664520105655338,0.31751956925645364,0.18179862450341175,-3.273385380370997,0.7385728254765507,0.28102256680555804,0.1480772416290375
v3|P3|medicine|lightgbm,medicine,P3,lightgbm,lightgbm__platt,external_2025,current_frozen_aggregate,6326,309,0.8731159772231105,0.3687055417759756,0.03715293470576594,-0.0472652610006273,0.9658046561155827,0.0059120326392097244,1.0185153179737392
v3|P3|medicine|logistic_regression,medicine,P3,logistic_regression,logistic_l2__isotonic,external_2025,current_frozen_aggregate,6326,309,0.7966285384506575,0.29070041007670555,0.03924019066178484,-0.385539681806845,0.7713275576320681,0.007294227569682583,1.1755453854814732
v3|P3|medicine|mlp_plr,medicine,P3,mlp_plr,mlp_plr,external_2025,current_frozen_aggregate,6326,309,0.8603492908173336,0.3564545958788234,0.11036467150707255,-2.6451703966202347,0.7639598425727954,0.19990316957608245,0.19636658887627945
v3|P3|medicine|rSI_sMS,medicine,P3,rSI_sMS,score_rSI_sMS__isotonic,external_2025,current_frozen_aggregate,6139,261,0.6731565458055819,0.10874180954331888,0.039370804001743774,-1.4316039691791238,0.5143121535721968,0.007380816525273814,0.9919928207960704
v3|P3|medicine|stacking,medicine,P3,stacking,stacking,external_2025,current_frozen_aggregate,6326,309,0.8849575609129042,0.3889477141940475,0.1217037256443587,-2.7651406005542447,1.1537612308380498,0.2792725380937326,0.1488670153506191
v3|P3|medicine|tabicl,medicine,P3,tabicl,tabicl__platt,external_2025,current_frozen_aggregate,6326,309,0.8762911771555566,0.37191875203633357,0.037018428881475766,-0.036879894286109306,0.986353280277102,0.003848486844305382,0.9930067252374306
v3|P3|medicine|tabpfn,medicine,P3,tabpfn,tabpfn_standard_cloud_v3,external_2025,current_frozen_aggregate,6326,309,0.8718990906563011,0.3777798378950183,0.03731725707993026,0.1672508338497408,0.9584703302586924,0.009561299294519448,1.2235702766618308
v3|P3|medicine|xgboost,medicine,P3,xgboost,xgboost__platt,external_2025,current_frozen_aggregate,6326,309,0.8778837522381301,0.3697367516168621,0.03733194529863166,-0.1208352242128617,0.9356344763937674,0.005458940807350094,1.0102782169644662
v3|S1|medicine|bert_finetuned,medicine,S1,bert_finetuned,bert_finetuned,external_2025,current_frozen_aggregate,6326,161,0.8330361235788084,0.1795136954605675,0.1975749343225379,-3.77369419977659,0.762657534008442,0.31252814508193394,0.07530215413371012
v3|S1|medicine|catboost,medicine,S1,catboost,catboost__raw,external_2025,current_frozen_aggregate,6326,161,0.898566844488774,0.3604937553774077,0.019824330992180433,-0.31148328934303354,0.9784335738677342,0.005847884718031432,0.8229844460765917
v3|S1|medicine|cnn_1d,medicine,S1,cnn_1d,cnn_1d,external_2025,current_frozen_aggregate,6326,161,0.8565605275221269,0.20945118074229357,0.1703576683523799,-3.7803084916749974,0.462440147814711,0.3129697031794346,0.0752039026892727
v3|S1|medicine|ft_transformer,medicine,S1,ft_transformer,ft_transformer,external_2025,current_frozen_aggregate,6326,161,0.8947011026985637,0.321651528757108,0.20834436990412059,-4.413757665211012,0.9526313110563223,0.36105823039068097,0.06584720662040307
v3|S1|medicine|lightgbm,medicine,S1,lightgbm,lightgbm__raw,external_2025,current_frozen_aggregate,6326,161,0.900570743477757,0.3602600113246082,0.019724945178232176,0.03226997347069323,1.1066438433982446,0.005079504284733797,0.8401872264318306
v3|S1|medicine|logistic_regression,medicine,S1,logistic_regression,logistic_l2__platt,external_2025,current_frozen_aggregate,6326,161,0.7998614700296707,0.21291788445166332,0.02342794338796883,-1.0547528629049554,0.7530233935356178,0.013108524994388585,0.7132790920546382
v3|S1|medicine|mlp_plr,medicine,S1,mlp_plr,mlp_plr,external_2025,current_frozen_aggregate,6326,161,0.8871126827965928,0.3418092476033606,0.1408393252400308,-3.813577832595751,0.993021709782525,0.28807926946591994,0.08117417348294391
v3|S1|medicine|rSI_sMS,medicine,S1,rSI_sMS,score_rSI_sMS__isotonic,external_2025,current_frozen_aggregate,6139,119,0.7555682738211565,0.09021674257917577,0.018434792306310965,-0.7000450906213075,0.8782141954543788,0.007933584017885433,0.7357845131752332
v3|S1|medicine|stacking,medicine,S1,stacking,stacking,external_2025,current_frozen_aggregate,6326,161,0.9008155637162303,0.3765511082059504,0.1125822028656634,-3.0565712417828417,1.8215240202689007,0.2988413576403064,0.07848029285170428
v3|S1|medicine|tabicl,medicine,S1,tabicl,tabicl,external_2025,current_frozen_aggregate,6326,161,0.896864185217089,0.39118011586622287,0.01919647923887901,-0.24686645837845697,0.9772759603546366,0.006033724730250834,0.8623328441544386
v3|S1|medicine|tabpfn,medicine,S1,tabpfn,tabpfn_finetuned,external_2025,current_frozen_aggregate,6326,161,0.8564280424959574,0.1886183629325122,0.02234610772425447,-0.14957508654393523,0.8742779153985625,0.005429634165445995,1.1894800939758394
v3|S1|medicine|xgboost,medicine,S1,xgboost,xgboost__raw,external_2025,current_frozen_aggregate,6326,161,0.8991804063209966,0.337732510582934,0.020133242118339112,-0.12320617321255053,1.0446379113775994,0.0050996575562040555,0.8363978421728303
v3|S2|medicine|bert_finetuned,medicine,S2,bert_finetuned,bert_finetuned,external_2025,current_frozen_aggregate,6326,247,0.8055384801863188,0.20017440445888768,0.19300451062301338,-3.2207931829559384,0.7331962130097968,0.30815831368563534,0.11245626139271478
v3|S2|medicine|catboost,medicine,S2,catboost,catboost__isotonic,external_2025,current_frozen_aggregate,6326,247,0.879725317063522,0.3449502712271634,0.030656107803644136,-0.3306378760621185,0.9805904757775704,0.011531658337256629,0.7975695698088775
v3|S2|medicine|cnn_1d,medicine,S2,cnn_1d,cnn_1d,external_2025,current_frozen_aggregate,6326,247,0.8518877292437693,0.23282768547604502,0.19579468122161112,-3.2276055205444405,0.30229047628811706,0.28785956597531115,0.1194390938397069
v3|S2|medicine|ft_transformer,medicine,S2,ft_transformer,ft_transformer,external_2025,current_frozen_aggregate,6326,247,0.8740843402621222,0.3458168863117498,0.17390357506562415,-3.5195852737940196,1.0062020036481403,0.29009738122709294,0.11862703659527876
v3|S2|medicine|lightgbm,medicine,S2,lightgbm,lightgbm__raw,external_2025,current_frozen_aggregate,6326,247,0.8800096968857413,0.37511686737003336,0.030006380877031683,-0.21637291469122893,1.0310799706415517,0.010288084811244887,0.8078143502775809
v3|S2|medicine|logistic_regression,medicine,S2,logistic_regression,logistic_l2__isotonic,external_2025,current_frozen_aggregate,6326,247,0.7788703794106345,0.2656371535650558,0.03276645801964393,-0.6911751680547406,0.8078290021129928,0.015510742034070112,0.8103353172294164
v3|S2|medicine|mlp_plr,medicine,S2,mlp_plr,mlp_plr,external_2025,current_frozen_aggregate,6326,247,0.8625646264800906,0.3645242669941102,0.15349431461234622,-3.2888812026508343,0.9412636785319217,0.2754566615140887,0.12414937318256236
v3|S2|medicine|rSI_sMS,medicine,S2,rSI_sMS,score_rSI_sMS__isotonic,external_2025,current_frozen_aggregate,6139,203,0.7521215626784221,0.13364835248535262,0.030620913959675398,-0.543694581843981,0.9182164952032377,0.01341850843434743,0.7418882636431035
v3|S2|medicine|stacking,medicine,S2,stacking,stacking,external_2025,current_frozen_aggregate,6326,247,0.880567800611783,0.40285250079314566,0.11533170144657934,-3.0356185204257673,0.9096934217443221,0.21804904721387924,0.1518711877488037
v3|S2|medicine|tabicl,medicine,S2,tabicl,tabicl,external_2025,current_frozen_aggregate,6326,247,0.8846083916689366,0.4009222288135569,0.02916424582642498,-0.16397397054280677,1.00578941579013,0.008612477108883167,0.8747173311266253
v3|S2|medicine|tabpfn,medicine,S2,tabpfn,tabpfn_finetuned,external_2025,current_frozen_aggregate,6326,247,0.8207934263639409,0.19533885892084532,0.03409913387754327,-0.294241151888215,0.8801316056081222,0.006305860558404299,0.9993318559425144
v3|S2|medicine|xgboost,medicine,S2,xgboost,xgboost__raw,external_2025,current_frozen_aggregate,6326,247,0.8807096575254427,0.37920698637568234,0.02991933436577937,-0.16322506230878964,1.055007896414054,0.010327825524854608,0.8097617564925692
v3|S3|medicine|bert_finetuned,medicine,S3,bert_finetuned,bert_finetuned,external_2025,current_frozen_aggregate,6326,2300,0.7119125143091645,0.576609444152603,0.24455233338842486,-0.9801398894851353,1.07041575022509,0.20265673765682396,0.642098216629713
v3|S3|medicine|catboost,medicine,S3,catboost,catboost__platt,external_2025,current_frozen_aggregate,6326,2300,0.7737620682952115,0.65782197432958,0.18201109677945954,0.0028422099479492647,1.0673460544778037,0.017982781840961005,0.9875624320202372
v3|S3|medicine|cnn_1d,medicine,S3,cnn_1d,cnn_1d,external_2025,current_frozen_aggregate,6326,2300,0.7216636428432579,0.562903847468013,0.29166973377153677,-1.2037977370492454,0.6392637528449308,0.28849525993643954,0.5575729170819771
v3|S3|medicine|ft_transformer,medicine,S3,ft_transformer,ft_transformer,external_2025,current_frozen_aggregate,6326,2300,0.7629737143350828,0.6470033869716743,0.20818355080024795,-0.7506955645006678,1.2785399282405248,0.144086284384513,0.7161785084673118
v3|S3|medicine|lightgbm,medicine,S3,lightgbm,lightgbm__raw,external_2025,current_frozen_aggregate,6326,2300,0.7705161018596514,0.6544179315671266,0.18280528656995026,0.023647484027174235,1.0062001843832171,0.011827458968061463,1.0105872011297794
v3|S3|medicine|logistic_regression,medicine,S3,logistic_regression,logistic_l2__isotonic,external_2025,current_frozen_aggregate,6326,2300,0.7358526102075639,0.5785321946869229,0.19501690565556695,-0.007452996370046384,0.8800621728358364,0.0212927050011362,1.0281387211206652
v3|S3|medicine|mlp_plr,medicine,S3,mlp_plr,mlp_plr,external_2025,current_frozen_aggregate,6326,2300,0.764453983887341,0.6365695099615707,0.20189233783190855,-0.5989869083554026,0.8130088025180368,0.11586741571799872,0.7611948081247228
v3|S3|medicine|rSI_sMS,medicine,S3,rSI_sMS,score_rSI_sMS__platt,external_2025,current_frozen_aggregate,6139,2249,0.5783480461467593,0.43704846497814864,0.22803371293417143,-0.056977478293895725,0.9065124245078348,0.014331831341683773,0.9953308231128375
v3|S3|medicine|stacking,medicine,S3,stacking,stacking,external_2025,current_frozen_aggregate,6326,2300,0.7836105531436963,0.6700080720081689,0.18892777835824517,-0.5321285695250865,1.1398727804647621,0.10163644292752727,0.7815281704155332
v3|S3|medicine|tabicl,medicine,S3,tabicl,tabicl,external_2025,current_frozen_aggregate,6326,2300,0.7705550875828852,0.6546037368561112,0.18304561639334777,0.039040302079153905,1.014335681503239,0.010295036207199095,1.016578339693099
v3|S3|medicine|tabpfn,medicine,S3,tabpfn,tabpfn_finetuned,external_2025,current_frozen_aggregate,6326,2300,0.7354452579969329,0.6153701972246386,0.19419340896386056,0.045347213733496754,1.0387604030972961,0.016920166113686238,1.0137171788468737
v3|S3|medicine|xgboost,medicine,S3,xgboost,xgboost__platt,external_2025,current_frozen_aggregate,6326,2300,0.7717154258191321,0.6546616190510549,0.18264417431291557,0.01252406778301277,1.0439601154591336,0.008444326007289466,0.9964670575531438
v3|S4|medicine|bert_finetuned,medicine,S4,bert_finetuned,bert_finetuned,external_2025,current_frozen_aggregate,6326,766,0.7343055581644345,0.3091073509491879,0.22126168567836485,-2.039728292850364,0.7303546114870089,0.3119570902232057,0.27961913582336667
v3|S4|medicine|catboost,medicine,S4,catboost,catboost__platt,external_2025,current_frozen_aggregate,6326,766,0.7973808159738527,0.39156419730914904,0.09000230868911065,-0.17791977353043792,0.9581897606327233,0.013280449280181319,0.919772007761717
v3|S4|medicine|cnn_1d,medicine,S4,cnn_1d,cnn_1d,external_2025,current_frozen_aggregate,6326,766,0.7733982004996526,0.3374643406765518,0.20607385927404048,-1.9756222513145218,0.6099524802604942,0.2695340707680454,0.3103169254691378
v3|S4|medicine|ft_transformer,medicine,S4,ft_transformer,ft_transformer,external_2025,current_frozen_aggregate,6326,766,0.7660154122133103,0.3206035468344925,0.19096827974925715,-1.9092644673197254,0.8727712595558096,0.2769216034877038,0.30423312226261334
v3|S4|medicine|lightgbm,medicine,S4,lightgbm,lightgbm__raw,external_2025,current_frozen_aggregate,6326,766,0.7968182373161524,0.3878006034681737,0.09027577410887655,-0.1586692836156739,0.9339143050075659,0.012018689067497677,0.9600890949587454
v3|S4|medicine|logistic_regression,medicine,S4,logistic_regression,logistic_l2__isotonic,external_2025,current_frozen_aggregate,6326,766,0.7519161955031277,0.29978962012731414,0.09618529785346527,-0.46416563110608233,0.7670406128005578,0.024195292798121507,0.9233495010623554
v3|S4|medicine|mlp_plr,medicine,S4,mlp_plr,mlp_plr,external_2025,current_frozen_aggregate,6326,766,0.7805490072693803,0.33806441876781435,0.16828342440238378,-1.7665960038654427,0.5223126062048661,0.21142732241198253,0.36507793714831877
v3|S4|medicine|rSI_sMS,medicine,S4,rSI_sMS,score_rSI_sMS__isotonic,external_2025,current_frozen_aggregate,6139,719,0.5924640362537144,0.18393525907510783,0.10147526594939739,-0.5931346951908305,0.7523351312556118,0.029352320950011775,0.8797162848568202
v3|S4|medicine|stacking,medicine,S4,stacking,stacking,external_2025,current_frozen_aggregate,6326,766,0.8041275334823524,0.4104985320311945,0.1518094321193703,-1.738845380938413,0.967929566791496,0.2301528681227544,0.3447426895958311
v3|S4|medicine|tabicl,medicine,S4,tabicl,tabicl,external_2025,current_frozen_aggregate,6326,766,0.7911666228375002,0.37287639105878573,0.09120721212727659,-0.172857328800815,0.9100756972273875,0.010803719844390464,0.9741569865049092
v3|S4|medicine|tabpfn,medicine,S4,tabpfn,tabpfn_finetuned,external_2025,current_frozen_aggregate,6326,766,0.7255747882112065,0.2909010617528799,0.09817675382226804,-0.3856412762364057,0.7563807405558663,0.024692266770876138,1.0265085954242075
v3|S4|medicine|xgboost,medicine,S4,xgboost,xgboost__raw,external_2025,current_frozen_aggregate,6326,766,0.797625476642185,0.3920818087027357,0.0901131369452336,-0.164267883942022,0.9318032389052604,0.012524709603431217,0.9585944790090695
v3|S5|medicine|bert_finetuned,medicine,S5,bert_finetuned,bert_finetuned,external_2025,current_frozen_aggregate,6326,119,0.7478192823770398,0.055368995643775294,0.33792179724555216,-4.489896538278034,0.6623155730540837,0.5001416193143797,0.036248484329902186
v3|S5|medicine|catboost,medicine,S5,catboost,catboost__raw,external_2025,current_frozen_aggregate,6326,119,0.7962289797504309,0.08925466019356412,0.017864212090231285,0.143393415724894,1.060309452993568,0.004542198684686706,0.9444473736330262
v3|S5|medicine|cnn_1d,medicine,S5,cnn_1d,cnn_1d,external_2025,current_frozen_aggregate,6326,119,0.7072389129648959,0.05186374266892193,0.19413029123629783,-3.868215582019208,0.3044909347386831,0.33375818751265957,0.05335475189264158
v3|S5|medicine|ft_transformer,medicine,S5,ft_transformer,ft_transformer,external_2025,current_frozen_aggregate,6326,119,0.7968192593615503,0.0963650004324708,0.19705646401386112,-4.040254107011075,1.0272346733656572,0.36369827715444447,0.049178526414261764
v3|S5|medicine|lightgbm,medicine,S5,lightgbm,lightgbm__isotonic,external_2025,current_frozen_aggregate,6326,119,0.77553940861023,0.062418654360695096,0.018158053912147847,-1.2026280914535556,0.6973221554254022,0.0049421697858796736,0.8318207558103239
v3|S5|medicine|logistic_regression,medicine,S5,logistic_regression,logistic_l2__isotonic,external_2025,current_frozen_aggregate,6326,119,0.6764455419673912,0.05281556165874667,0.01813315937240405,-0.14857124104536604,0.98586389574588,0.0039951858427953795,0.9097155913110302
v3|S5|medicine|mlp_plr,medicine,S5,mlp_plr,mlp_plr,external_2025,current_frozen_aggregate,6326,119,0.7725717643268037,0.08353356285948753,0.14170566240407362,-3.590995671246703,0.9702567834060432,0.30435284471108104,0.05820960665599952
v3|S5|medicine|rSI_sMS,medicine,S5,rSI_sMS,score_rSI_sMS__platt,external_2025,current_frozen_aggregate,6139,107,0.6545054103968864,0.047630208159321015,0.016958486460467964,-0.805448623757228,0.8324623192238926,0.006729132832084401,0.8283069254688428
v3|S5|medicine|stacking,medicine,S5,stacking,stacking,external_2025,current_frozen_aggregate,6326,119,0.8032148577168905,0.09202217729694125,0.19432232475116606,-3.831706795438587,1.698585591177345,0.41369216755475463,0.04349388733256685
v3|S5|medicine|tabicl,medicine,S5,tabicl,tabicl,external_2025,current_frozen_aggregate,6326,119,0.7730131201828242,0.09042542030036241,0.017857220029059793,-0.3059249233740035,0.8740503093604037,0.0031310704189426936,1.137292546291604
v3|S5|medicine|tabpfn,medicine,S5,tabpfn,tabpfn_finetuned,external_2025,current_frozen_aggregate,6326,119,0.7700021526251875,0.08956311995022344,0.01792550111814304,-0.639757864344719,0.7909974868097566,0.004059070432466276,1.0721247161133587
v3|S5|medicine|xgboost,medicine,S5,xgboost,xgboost__isotonic,external_2025,current_frozen_aggregate,6326,119,0.7835068295080236,0.06700578744490367,0.018071765794053913,-0.5760566294965361,0.8634810553831987,0.004864002495392525,0.880682010816425
v3|S6|medicine|bert_finetuned,medicine,S6,bert_finetuned,bert_finetuned,external_2025,current_frozen_aggregate,6326,380,0.670186281799352,0.1237378021623278,0.23560684807733104,-2.7064208205510267,0.4884014293124304,0.36618682640830513,0.14092353088542217
v3|S6|medicine|catboost,medicine,S6,catboost,catboost__platt,external_2025,current_frozen_aggregate,6326,380,0.7680625630676085,0.20017459284378336,0.05249595831184825,0.25952446779247207,1.1310004655891202,0.007880742413642904,0.9605791233056161
v3|S6|medicine|cnn_1d,medicine,S6,cnn_1d,cnn_1d,external_2025,current_frozen_aggregate,6326,380,0.7173593039106343,0.1544669450450209,0.23944584119997697,-2.7708745243052917,0.5565733612531532,0.3577292324848007,0.14377627731844503
v3|S6|medicine|ft_transformer,medicine,S6,ft_transformer,ft_transformer,external_2025,current_frozen_aggregate,6326,380,0.7465073822295395,0.18182570326962877,0.20143708127062496,-2.7050833484298455,1.0259359928417784,0.3488488465587606,0.14689863333657355
v3|S6|medicine|lightgbm,medicine,S6,lightgbm,lightgbm__platt,external_2025,current_frozen_aggregate,6326,380,0.7558575424433941,0.1883308042581886,0.05291926832633381,0.004223800630701379,1.0210354671915436,0.006816932154930235,0.9610761330656462
v3|S6|medicine|logistic_regression,medicine,S6,logistic_regression,logistic_l2__isotonic,external_2025,current_frozen_aggregate,6326,380,0.6889549807920406,0.13027341237759552,0.054368860757279966,-0.2523819166377778,0.9082316479382245,0.006895567197216224,0.9772436605651194
v3|S6|medicine|mlp_plr,medicine,S6,mlp_plr,mlp_plr,external_2025,current_frozen_aggregate,6326,380,0.7288610653778744,0.14574962151111862,0.17697817519651327,-2.527613498508171,0.6391887566082793,0.2951360508090534,0.16911206740571805
v3|S6|medicine|rSI_sMS,medicine,S6,rSI_sMS,score_rSI_sMS__platt,external_2025,current_frozen_aggregate,6139,358,0.594553869881977,0.1025707200549052,0.054402293142456745,-0.7230141978175451,0.7554252756377086,0.015434824955508963,0.930746426918388
v3|S6|medicine|stacking,medicine,S6,stacking,stacking,external_2025,current_frozen_aggregate,6326,380,0.7662785242622197,0.20111814966679245,0.15092780634407932,-2.307661910536845,1.3405912175448749,0.302423672295545,0.1657122115024912
v3|S6|medicine|tabicl,medicine,S6,tabicl,tabicl,external_2025,current_frozen_aggregate,6326,380,0.7588551348097792,0.18397506726993978,0.052961783827421685,0.1264073715735777,0.9812527731174222,0.008788885351367438,1.1664178318714769
v3|S6|medicine|tabpfn,medicine,S6,tabpfn,tabpfn_finetuned,external_2025,current_frozen_aggregate,6326,380,0.7043009896082284,0.13878825332251582,0.054596602407569084,-0.07973367962238426,0.8639546515546862,0.015170180574429747,1.3112469223697099
v3|S6|medicine|xgboost,medicine,S6,xgboost,xgboost__raw,external_2025,current_frozen_aggregate,6326,380,0.7646763857170678,0.19189159987229748,0.05265214946837173,0.16526773117416418,1.0773494257664573,0.006137003245581809,0.9842455867640515
v3|P1|surgery|bert_finetuned,surgery,P1,bert_finetuned,bert_finetuned,external_2025,current_frozen_aggregate,3157,13,0.7830299471520846,0.18220478859275677,0.09220593031074999,-4.5076367038135645,0.3996162167079551,0.14404093877985863,0.027820180515918468
v3|P1|surgery|catboost,surgery,P1,catboost,catboost,external_2025,current_frozen_aggregate,3157,13,0.9980916030534351,0.6637896382577234,0.0033087957958867456,4.441648531450851,2.1089399130216933,0.003057128534291236,2.3875632447715773
v3|P1|surgery|cnn_1d,surgery,P1,cnn_1d,cnn_1d,external_2025,current_frozen_aggregate,3157,13,0.9639117244079077,0.17047591964133477,0.28462403229540006,-7.383984340180896,0.7504197148096471,0.5021450817018587,0.008133784370538815
v3|P1|surgery|ft_transformer,surgery,P1,ft_transformer,ft_transformer,external_2025,current_frozen_aggregate,3157,13,0.9900665492268546,0.19859991954943126,0.03598582491761087,-10.432582008489431,2.3983124555900828,0.10105271232696435,0.039153865354656314
v3|P1|surgery|lightgbm,surgery,P1,lightgbm,lightgbm,external_2025,current_frozen_aggregate,3157,13,0.993369543942063,0.4436103214923812,0.0033015336228307247,1.6654321173680593,1.0798688384984492,0.002824162183913926,2.7135250933015844
v3|P1|surgery|logistic_regression,surgery,P1,logistic_regression,logistic_regression,external_2025,current_frozen_aggregate,3157,13,0.8422636523781563,0.34412979388095766,0.004757741363013294,-3.772228487704917,0.3137966614925135,0.006459144074118271,0.48399939094464794
v3|P1|surgery|mlp_plr,surgery,P1,mlp_plr,mlp_plr,external_2025,current_frozen_aggregate,3157,13,0.933940105695831,0.3655604265623879,0.23110991962766103,-6.224759222483075,2.424294339175418,0.4718483322343382,0.0086515254309266
v3|P1|surgery|rSI_sMS,surgery,P1,rSI_sMS,rSI_sMS,external_2025,current_frozen_aggregate,3114,3,0.9105325190185364,0.035996107572540695,0.18230994974591205,-7.446280321392869,0.8803013775820924,0.304984611944208,0.0031488721191177465
v3|P1|surgery|stacking,surgery,P1,stacking,stacking_validation_2024_meta,external_2025,current_frozen_aggregate,3157,13,0.9919994128009396,0.6565290374113902,0.021255317688203736,-4.502743976388297,1.397179075337017,0.12559710485000417,0.03174525187399816
v3|P1|surgery|tabicl,surgery,P1,tabicl,tabicl,external_2025,current_frozen_aggregate,3157,13,0.9831180270111568,0.6535616909485689,0.0028042250243881135,1.7984979413408528,1.176551720191294,0.002323659164998996,2.131570233197567
v3|P1|surgery|tabpfn,surgery,P1,tabpfn,tabpfn_standard_cloud_v3,external_2025,current_frozen_aggregate,3157,13,0.9831424936386769,0.412279699119164,0.003412352266882371,2.2281689166348047,1.472454266218291,0.0021752995174118338,1.9321283894052657
v3|P1|surgery|xgboost,surgery,P1,xgboost,xgboost,external_2025,current_frozen_aggregate,3157,13,0.9861151888823645,0.5173062286344527,0.0028923737608147256,0.7889738170089114,1.1291432168141735,0.0014092407559728904,1.3312604322924524
v3|P2|surgery|bert_finetuned,surgery,P2,bert_finetuned,bert_finetuned,external_2025,current_frozen_aggregate,3157,41,0.8579479633050503,0.13563409730324927,0.1704452572662349,-4.42837160711127,0.6885829112296991,0.2958009214853864,0.04205803251089726
v3|P2|surgery|catboost,surgery,P2,catboost,catboost,external_2025,current_frozen_aggregate,3157,41,0.9526206205579386,0.5318466398684787,0.00835977552137649,-0.14349325893121426,1.1282644519888474,0.004721546389812323,0.7333749014055161
v3|P2|surgery|cnn_1d,surgery,P2,cnn_1d,cnn_1d,external_2025,current_frozen_aggregate,3157,41,0.9070963398979304,0.5546636815051518,0.08221262187124653,-4.2260220186209905,0.4855653087953201,0.1403161849455346,0.08471456017980257
v3|P2|surgery|ft_transformer,surgery,P2,ft_transformer,ft_transformer,external_2025,current_frozen_aggregate,3157,41,0.934758445787282,0.5923500322440157,0.10862209637885009,-4.6935946924301035,1.2251580179173587,0.2068914631124979,0.059064503344726786
v3|P2|surgery|lightgbm,surgery,P2,lightgbm,lightgbm,external_2025,current_frozen_aggregate,3157,41,0.9541000031309684,0.491435646877683,0.008706408030740399,0.3821127903311292,1.375530508334538,0.005960662792069795,0.6854145668541549
v3|P2|surgery|logistic_regression,surgery,P2,logistic_regression,logistic_regression,external_2025,current_frozen_aggregate,3157,41,0.8684680171577069,0.41235192125506576,0.07434113598345417,-3.7310584316579187,0.22511040767419638,0.09850840165981502,0.1187311523417529
v3|P2|surgery|mlp_plr,surgery,P2,mlp_plr,mlp_plr,external_2025,current_frozen_aggregate,3157,41,0.9239722596199004,0.5493976666713283,0.0585404672008268,-3.807403773867653,0.6687463078095314,0.10505641715467395,0.11001893939734503
v3|P2|surgery|rSI_sMS,surgery,P2,rSI_sMS,rSI_sMS,external_2025,current_frozen_aggregate,3114,27,0.6137626126288257,0.1354409640960735,0.2462867355716846,-4.821602434946252,1.6744107386552853,0.4809386524474325,0.017709064116951792
v3|P2|surgery|stacking,surgery,P2,stacking,stacking,external_2025,current_frozen_aggregate,3157,41,0.9517282945615079,0.5959017521646282,0.10531176845852554,-4.639436096095933,0.9868399935376275,0.28963562133508564,0.04291487652965893
v3|P2|surgery|tabicl,surgery,P2,tabicl,tabicl,external_2025,current_frozen_aggregate,3157,41,0.9432746798584801,0.6090966262359366,0.00750898751709789,-0.4564868968405434,1.016696000509685,0.004759002257132728,0.744548478934781
v3|P2|surgery|tabpfn,surgery,P2,tabpfn,tabpfn_standard_cloud_v3,external_2025,current_frozen_aggregate,3157,41,0.9430320298068192,0.5844141462260264,0.007604482461763321,-0.1478032730361087,1.1451633214714136,0.005105109243913039,0.7190600052494266
v3|P2|surgery|xgboost,surgery,P2,xgboost,xgboost,external_2025,current_frozen_aggregate,3157,41,0.9608394126303267,0.49614678935820866,0.008761180970184716,-0.024668887591308867,1.2392303499351716,0.006776571083195287,0.6571183111766492
v3|P3|surgery|bert_finetuned,surgery,P3,bert_finetuned,bert_finetuned,external_2025,current_frozen_aggregate,3157,39,0.8888875182973964,0.23630900319610726,0.12478330987725349,-4.55163383969772,0.917038410636022,0.2548863773588486,0.046226260366332775
v3|P3|surgery|catboost,surgery,P3,catboost,catboost,external_2025,current_frozen_aggregate,3157,39,0.9252479400009869,0.5073138594884106,0.0075288356660163204,0.039567476290326024,0.951490391417839,0.0018360962344862652,1.0999030806661447
v3|P3|surgery|cnn_1d,surgery,P3,cnn_1d,cnn_1d,external_2025,current_frozen_aggregate,3157,39,0.8937147415338564,0.3466998137257247,0.06349474221398273,-4.057334412322007,0.4081703019550119,0.13106293246745698,0.08613727124706652
v3|P3|surgery|ft_transformer,surgery,P3,ft_transformer,ft_transformer,external_2025,current_frozen_aggregate,3157,39,0.9097136560253943,0.5089135029782537,0.06823727458821784,-4.5698453077876335,1.153802830040528,0.18531490677580037,0.06249607790126922
v3|P3|surgery|lightgbm,surgery,P3,lightgbm,lightgbm,external_2025,current_frozen_aggregate,3157,39,0.9409302478577655,0.52201400071011,0.007874991599918396,0.6579048987376392,1.057585557296405,0.004765531408727382,1.3633217393914385
v3|P3|surgery|logistic_regression,surgery,P3,logistic_regression,logistic_regression,external_2025,current_frozen_aggregate,3157,39,0.756311573822799,0.3214270216655748,0.02693707119313525,-3.346670746711649,0.18171674252350226,0.035207555959037476,0.3209528688259719
v3|P3|surgery|mlp_plr,surgery,P3,mlp_plr,mlp_plr,external_2025,current_frozen_aggregate,3157,39,0.9169750497524711,0.48699526439923335,0.13315439699266596,-4.987567790946385,0.9690421667914318,0.3312860715622185,0.03594900347630067
v3|P3|surgery|rSI_sMS,surgery,P3,rSI_sMS,rSI_sMS,external_2025,current_frozen_aggregate,3114,27,0.8353369566521494,0.373954707010843,0.221795606791196,-5.90299417137364,3.866152505959106,0.4465465557118503,0.01904700128669674
v3|P3|surgery|stacking,surgery,P3,stacking,stacking,external_2025,current_frozen_aggregate,3157,39,0.9258318119767767,0.5009500973290756,0.0747710241021022,-4.542478153747168,0.8580260787024834,0.2462198104432683,0.04777561972515329
v3|P3|surgery|tabicl,surgery,P3,tabicl,tabicl,external_2025,current_frozen_aggregate,3157,39,0.9418677324386112,0.553087661308608,0.007504999325006541,-0.11525507299876621,0.8652275313628431,0.0021550838260662028,1.110604201126315
v3|P3|surgery|tabpfn,surgery,P3,tabpfn,tabpfn_standard_cloud_v3,external_2025,current_frozen_aggregate,3157,39,0.9231262643706518,0.5016429463654426,0.007616376444438206,0.006330095488033766,0.9219076825668274,0.0017906300338899539,1.1269637185065329
v3|P3|surgery|xgboost,surgery,P3,xgboost,xgboost,external_2025,current_frozen_aggregate,3157,39,0.9306096939195079,0.5278166872748576,0.007265452878379362,-0.6377431870944084,0.8685264228179096,0.0039659894274075395,0.8472295478012213
v3|S1|surgery|bert_finetuned,surgery,S1,bert_finetuned,bert_finetuned,external_2025,current_frozen_aggregate,3157,17,0.742862495316598,0.010865357522748585,0.10919275087989777,-2.625875389829268,4.172927999268206,0.3177680621701855,0.016663501054463997
v3|S1|surgery|catboost,surgery,S1,catboost,catboost__isotonic,external_2025,current_frozen_aggregate,3157,17,0.9714687148744849,0.3676693616008583,0.004239025668652297,-3.5891664248094046,0.1734944377410044,0.0032795849926326726,0.6214892751346106
v3|S1|surgery|cnn_1d,surgery,S1,cnn_1d,cnn_1d,external_2025,current_frozen_aggregate,3157,17,0.9296365680029973,0.4089079502572255,0.2761084407046057,-7.071175471295225,0.8969019408903909,0.49022187624394536,0.010865185357647763
v3|S1|surgery|ft_transformer,surgery,S1,ft_transformer,ft_transformer,external_2025,current_frozen_aggregate,3157,17,0.9639378044211315,0.40515132586854063,0.16137034044822332,-7.06571245263557,1.3809789778857327,0.3315340618021481,0.01598265550026574
v3|S1|surgery|lightgbm,surgery,S1,lightgbm,lightgbm__platt,external_2025,current_frozen_aggregate,3157,17,0.9766204571000374,0.5058606645585337,0.0037657522437106405,0.0423526926429553,1.4815683112413873,0.00655897715943597,0.45084836663441574
v3|S1|surgery|logistic_regression,surgery,S1,logistic_regression,logistic_l2__platt,external_2025,current_frozen_aggregate,3157,17,0.9248220307231172,0.5020629984200046,0.0035449833848801723,1.2798594569932316,1.322453675691004,0.0021665099283557417,1.0784750432115675
v3|S1|surgery|mlp_plr,surgery,S1,mlp_plr,mlp_plr,external_2025,current_frozen_aggregate,3157,17,0.8642094417384789,0.42122634270744236,0.04001587043861351,-4.37278439563285,0.3714136475904708,0.07378929435376277,0.06843824798750996
v3|S1|surgery|rSI_sMS,surgery,S1,rSI_sMS,score_rSI_sMS__platt,external_2025,current_frozen_aggregate,3114,6,0.6151061776061776,0.019198547957033536,0.0019283476668069646,-2.7513230121404773,0.6132555768766064,0.0029196066683242062,0.4820885437009876
v3|S1|surgery|stacking,surgery,S1,stacking,stacking,external_2025,current_frozen_aggregate,3157,17,0.9551330086174596,0.5647104300934229,0.05092697733310662,-4.821883453814674,1.221119861041875,0.19980573705624755,0.026243205808421516
v3|S1|surgery|tabicl,surgery,S1,tabicl,tabicl,external_2025,current_frozen_aggregate,3157,17,0.9683776695391533,0.6116096417772224,0.0028724159180774232,-0.4538331006191449,1.0077578731991057,0.0021345248823966025,0.7631363238325103
v3|S1|surgery|tabpfn,surgery,S1,tabpfn,tabpfn_finetuned,external_2025,current_frozen_aggregate,3157,17,0.9674597227426003,0.2476920336772235,0.004746079935428759,1.193874648661611,1.1580784047266084,0.0025529404253558916,1.7638537277273825
v3|S1|surgery|xgboost,surgery,S1,xgboost,xgboost__raw,external_2025,current_frozen_aggregate,3157,17,0.9674784563506931,0.45062146053492796,0.0036976206182891425,0.06008575011969943,1.129521323503682,0.0017860647299895378,0.8293033712055727
v3|S2|surgery|bert_finetuned,surgery,S2,bert_finetuned,bert_finetuned,external_2025,current_frozen_aggregate,3157,25,0.6386079182630906,0.018879902783480354,0.1448375616612048,-4.448280143764879,0.6353596556240733,0.3325339864655069,0.023259929440522527
v3|S2|surgery|catboost,surgery,S2,catboost,catboost__raw,external_2025,current_frozen_aggregate,3157,25,0.976845466155811,0.5363491942165335,0.005159499380658239,0.8880619197078657,1.3945163679992127,0.0024092084730376806,0.92609142968868
v3|S2|surgery|cnn_1d,surgery,S2,cnn_1d,cnn_1d,external_2025,current_frozen_aggregate,3157,25,0.8786206896551725,0.2212201020942677,0.019600727143419733,-3.258084162613041,0.3965196439788173,0.02847077001506417,0.23109095758246376
v3|S2|surgery|ft_transformer,surgery,S2,ft_transformer,ft_transformer,external_2025,current_frozen_aggregate,3157,25,0.977624521072797,0.518033079088428,0.31493589587252035,-10.684504740920444,2.9423093416105326,0.4593848443885401,0.016945959191427797
v3|S2|surgery|lightgbm,surgery,S2,lightgbm,lightgbm__raw,external_2025,current_frozen_aggregate,3157,25,0.9812260536398467,0.5335908798730717,0.004976692558095942,0.34385853788062826,1.1567438938505388,0.0010253683153795172,0.99785812367175
v3|S2|surgery|logistic_regression,surgery,S2,logistic_regression,logistic_l2__platt,external_2025,current_frozen_aggregate,3157,25,0.8403959131545339,0.33101564977574727,0.006390827343872266,0.6951475808753972,1.1265333775277608,0.0037494292815232833,1.1920702393931695
v3|S2|surgery|mlp_plr,surgery,S2,mlp_plr,mlp_plr,external_2025,current_frozen_aggregate,3157,25,0.9260025542784164,0.5147209093124686,0.06332988862493516,-4.523988164567086,0.3261257445941366,0.09906751960597074,0.07442577582588643
v3|S2|surgery|rSI_sMS,surgery,S2,rSI_sMS,score_rSI_sMS__platt,external_2025,current_frozen_aggregate,3114,13,0.7266762582789672,0.10864689922428541,0.00403593580531719,0.5047627043374264,1.221983657048966,0.003483855464836523,0.6250189642484256
v3|S2|surgery|stacking,surgery,S2,stacking,stacking,external_2025,current_frozen_aggregate,3157,25,0.9829246487867178,0.5362188440981647,0.07217063069380804,-4.730693998551738,1.0463663975236905,0.22132404698453692,0.034543745420734975
v3|S2|surgery|tabicl,surgery,S2,tabicl,tabicl,external_2025,current_frozen_aggregate,3157,25,0.976602809706258,0.5912371420380712,0.004618413198309674,0.03791423059880398,1.0989349439466476,0.0013094274623294227,0.8886029032095569
v3|S2|surgery|tabpfn,surgery,S2,tabpfn,tabpfn_finetuned,external_2025,current_frozen_aggregate,3157,25,0.9607024265644956,0.34392076886860473,0.006681908782400506,2.0912510230341184,1.504918550126036,0.0035679961947901657,1.4252486049116453
v3|S2|surgery|xgboost,surgery,S2,xgboost,xgboost__raw,external_2025,current_frozen_aggregate,3157,25,0.9759642401021711,0.42913501476797844,0.005407172575413877,0.4252532517214393,1.2219881857974422,0.001676948680630542,0.9304274082614868
v3|S3|surgery|bert_finetuned,surgery,S3,bert_finetuned,bert_finetuned,external_2025,current_frozen_aggregate,3157,650,0.647760424657114,0.33920092079483916,0.23770356942716106,-1.407704724714548,0.869378162777157,0.28492456526838605,0.41948830295867506
v3|S3|surgery|catboost,surgery,S3,catboost,catboost__platt,external_2025,current_frozen_aggregate,3157,650,0.7542389003099015,0.4454449465707483,0.14006057133436653,-0.06815408862282758,1.0003846543713857,0.01442518629226201,0.9547872277118027
v3|S3|surgery|cnn_1d,surgery,S3,cnn_1d,cnn_1d,external_2025,current_frozen_aggregate,3157,650,0.710316038170047,0.40641830302127946,0.19411400437595222,-1.1255986864040028,0.6792465638582309,0.18452245337516307,0.5307507873042892
v3|S3|surgery|ft_transformer,surgery,S3,ft_transformer,ft_transformer,external_2025,current_frozen_aggregate,3157,650,0.733889724156976,0.4321169804030325,0.26751541152335095,-1.8228083141344495,0.9961622237751572,0.34187900557958284,0.37587201861289044
v3|S3|surgery|lightgbm,surgery,S3,lightgbm,lightgbm__isotonic,external_2025,current_frozen_aggregate,3157,650,0.7511021447638919,0.4147385737600556,0.14125444598659928,-0.0994143716145071,0.9396275313863727,0.02012107682897905,0.9768412198234371
v3|S3|surgery|logistic_regression,surgery,S3,logistic_regression,logistic_l2__isotonic,external_2025,current_frozen_aggregate,3157,650,0.6978208707925501,0.39509561076652006,0.14750870635279767,-0.6540519153098717,0.4238565925855343,0.0366017581333099,1.0850626555698457
v3|S3|surgery|mlp_plr,surgery,S3,mlp_plr,mlp_plr,external_2025,current_frozen_aggregate,3157,650,0.7140676873983615,0.4275405253381441,0.20803758502898964,-1.248138583746236,0.6820224982784348,0.22051892881710902,0.48754690709299237
v3|S3|surgery|rSI_sMS,surgery,S3,rSI_sMS,score_rSI_sMS__isotonic,external_2025,current_frozen_aggregate,3114,644,0.5572230115422335,0.24388603976508902,0.16292405007410277,0.14180527621015795,0.9973637862414001,0.023334678321708505,1.123133104599492
v3|S3|surgery|stacking,surgery,S3,stacking,stacking,external_2025,current_frozen_aggregate,3157,650,0.7643005737780368,0.4686566427093771,0.18348508392767035,-1.1975436019245154,1.0666492316079237,0.20987295864141167,0.4952120874799276
v3|S3|surgery|tabicl,surgery,S3,tabicl,tabicl,external_2025,current_frozen_aggregate,3157,650,0.7517406646006566,0.44971895048323457,0.14030384999888507,-0.09440303853925934,0.8522801994106491,0.014827280396859691,1.0520352759754816
v3|S3|surgery|tabpfn,surgery,S3,tabpfn,tabpfn_finetuned,external_2025,current_frozen_aggregate,3157,650,0.6755242244791507,0.3157870991086339,0.1556911706105677,0.21257164084551033,0.9436473125402005,0.04198237460095992,1.2561317506516685
v3|S3|surgery|xgboost,surgery,S3,xgboost,xgboost__platt,external_2025,current_frozen_aggregate,3157,650,0.7505989383572153,0.43722982817545486,0.14082946409583055,-0.04117442803128459,0.9861044025348217,0.014702939637124764,0.982484149855079
v3|S4|surgery|bert_finetuned,surgery,S4,bert_finetuned,bert_finetuned,external_2025,current_frozen_aggregate,3157,151,0.71433622820584,0.17207529725777174,0.3206480864857019,-3.4688455312835424,0.612336961595259,0.49590951531929595,0.08796528114749518
v3|S4|surgery|catboost,surgery,S4,catboost,catboost__platt,external_2025,current_frozen_aggregate,3157,151,0.8330865862094795,0.2760743726178952,0.039862874762763616,-0.21507101032294376,1.0250272849776403,0.013327179679635585,0.8050634569891929
v3|S4|surgery|cnn_1d,surgery,S4,cnn_1d,cnn_1d,external_2025,current_frozen_aggregate,3157,151,0.7984362401025764,0.2584152040541091,0.1899008461744261,-3.0845120824990424,0.7594805042882553,0.34667809734620697,0.12124007690895891
v3|S4|surgery|ft_transformer,surgery,S4,ft_transformer,ft_transformer,external_2025,current_frozen_aggregate,3157,151,0.8283036575854912,0.2702223576420322,0.2946520041906925,-3.902220428393725,1.281653370897845,0.4698384214838094,0.09239543380047156
v3|S4|surgery|lightgbm,surgery,S4,lightgbm,lightgbm__platt,external_2025,current_frozen_aggregate,3157,151,0.8246641375086472,0.2646159694144223,0.04016346925912969,-0.28689040353541323,0.9945024225301604,0.012598408499972475,0.8011060924207699
v3|S4|surgery|logistic_regression,surgery,S4,logistic_regression,logistic_l2__isotonic,external_2025,current_frozen_aggregate,3157,151,0.5998224301947981,0.08051047242401738,0.04660400863494818,-1.37281717210481,0.49716283412528495,0.017639140983932784,1.0650347376023706
v3|S4|surgery|mlp_plr,surgery,S4,mlp_plr,mlp_plr,external_2025,current_frozen_aggregate,3157,151,0.8057218895542249,0.25625599176848735,0.19608976293616215,-3.109350449251056,0.8065188321947822,0.35244709494151116,0.11949270405382388
v3|S4|surgery|rSI_sMS,surgery,S4,rSI_sMS,score_rSI_sMS__isotonic,external_2025,current_frozen_aggregate,3114,142,0.58603894565238,0.15101310141118526,0.04146428116116379,0.6185426388965783,1.272742948031426,0.011981925964642691,0.878330637843236
v3|S4|surgery|stacking,surgery,S4,stacking,stacking,external_2025,current_frozen_aggregate,3157,151,0.8435402924834658,0.30671729542636234,0.16728454027896542,-2.503262382994726,2.3148624318946354,0.357939112394414,0.11787539104839921
v3|S4|surgery|tabicl,surgery,S4,tabicl,tabicl,external_2025,current_frozen_aggregate,3157,151,0.8302115415967183,0.28776571320430994,0.03932813434949911,-0.227334003271117,0.9277964247335592,0.009243604538463028,0.95431686839277
v3|S4|surgery|tabpfn,surgery,S4,tabpfn,tabpfn_finetuned,external_2025,current_frozen_aggregate,3157,151,0.7635038972826973,0.23949867302545794,0.04148958608313999,-0.44901556773146084,0.8553616720677214,0.01154825954586958,0.925710221591226
v3|S4|surgery|xgboost,surgery,S4,xgboost,xgboost__platt,external_2025,current_frozen_aggregate,3157,151,0.8328717840257676,0.27645491377896886,0.0396981858664139,-0.2734169998779291,0.9871503559750012,0.012117622765741465,0.8231718176582975
v3|S5|surgery|bert_finetuned,surgery,S5,bert_finetuned,bert_finetuned,external_2025,current_frozen_aggregate,3157,10,0.7432634254845886,0.03215299487054777,0.34109448159379424,-6.3023967183434655,1.062070232021321,0.5283537770497282,0.005959429843522148
v3|S5|surgery|catboost,surgery,S5,catboost,catboost__raw,external_2025,current_frozen_aggregate,3157,10,0.6952017794725135,0.008532741718556103,0.003270244667984969,-2.7281683950439217,0.4259023336047546,0.0019839991876626824,1.990597799044135
v3|S5|surgery|cnn_1d,surgery,S5,cnn_1d,cnn_1d,external_2025,current_frozen_aggregate,3157,10,0.5314585319351763,0.006420358631263076,0.007799920812497159,-5.063550229310858,0.10762938576225306,0.012226358031982328,0.2548217926201159
v3|S5|surgery|ft_transformer,surgery,S5,ft_transformer,ft_transformer,external_2025,current_frozen_aggregate,3157,10,0.7890371782650144,0.030340290058474648,0.24169570503780932,-6.078159732953689,0.838940797682979,0.39448457032012574,0.007965666140454837
v3|S5|surgery|lightgbm,surgery,S5,lightgbm,lightgbm__raw,external_2025,current_frozen_aggregate,3157,10,0.7687956784238958,0.014891295713416075,0.003569499713503251,-2.358165621252528,0.5298677549095185,0.0027315541010302464,0.9049689365543538
v3|S5|surgery|logistic_regression,surgery,S5,logistic_regression,logistic_l2__platt,external_2025,current_frozen_aggregate,3157,10,0.5061487130600573,0.0051029036078475,0.003228415329591263,-5.4349683699719336,0.0538536132032366,0.004008352818189174,0.7113649393137103
v3|S5|surgery|mlp_plr,surgery,S5,mlp_plr,mlp_plr,external_2025,current_frozen_aggregate,3157,10,0.7320305052430887,0.01653236229922634,0.2445742969239868,-5.873272364623696,0.9861969610801621,0.4707502971580597,0.00668378299664996
v3|S5|surgery|rSI_sMS,surgery,S5,rSI_sMS,score_rSI_sMS__platt,external_2025,current_frozen_aggregate,3114,9,0.5502594381821435,0.03129886074960192,0.002878725992881178,-4.415373777980219,0.257687737293138,0.00255590008011541,0.6838438010293871
v3|S5|surgery|stacking,surgery,S5,stacking,stacking,external_2025,current_frozen_aggregate,3157,10,0.8247855100095329,0.026412968661138014,0.1982069007749823,-5.528844149575436,1.3334842928974402,0.4403500583050715,0.0071419127061710524
v3|S5|surgery|tabicl,surgery,S5,tabicl,tabicl,external_2025,current_frozen_aggregate,3157,10,0.8139180171591993,0.02359606866335584,0.0034899795635456657,-2.043937385906805,0.5820068737826596,0.0028764685365137072,0.784493235102553
v3|S5|surgery|tabpfn,surgery,S5,tabpfn,tabpfn_finetuned,external_2025,current_frozen_aggregate,3157,10,0.7138703527168733,0.015033043954493286,0.0031846533226743577,-1.850999462030848,0.6013042570341189,0.0029133712931918606,1.4126182099521511
v3|S5|surgery|xgboost,surgery,S5,xgboost,xgboost__raw,external_2025,current_frozen_aggregate,3157,10,0.7512233873530347,0.014932729207683964,0.003691452757431461,-2.669571571290947,0.4898735675648274,0.0038045008358830873,0.7084097327374177
v3|S6|surgery|bert_finetuned,surgery,S6,bert_finetuned,bert_finetuned,external_2025,current_frozen_aggregate,3157,39,0.7278622062137136,0.04353815974714906,0.35562959373931985,-5.235434041090005,1.348066566887173,0.5723539289602722,0.021127660678091714
v3|S6|surgery|catboost,surgery,S6,catboost,catboost__platt,external_2025,current_frozen_aggregate,3157,39,0.8374944491044555,0.09841550181026004,0.011616045714577356,0.16723362283872864,1.1174762931963094,0.004717222312386308,0.8066894258486095
v3|S6|surgery|cnn_1d,surgery,S6,cnn_1d,cnn_1d,external_2025,current_frozen_aggregate,3157,39,0.7616815512902748,0.0895676662136149,0.17355505933250198,-4.04277736311624,0.2803301726772382,0.2234779426364394,0.052428564474268316
v3|S6|surgery|ft_transformer,surgery,S6,ft_transformer,ft_transformer,external_2025,current_frozen_aggregate,3157,39,0.831532376112235,0.09786826614666211,0.15871128247292485,-4.311950459501614,0.9791048008266104,0.31851315205709674,0.03733679437217222
v3|S6|surgery|lightgbm,surgery,S6,lightgbm,lightgbm__platt,external_2025,current_frozen_aggregate,3157,39,0.7933915560599332,0.09394590745430596,0.011787582685494805,0.40331773254638387,1.1347557858473034,0.0024327613109194103,0.9129915055219913
v3|S6|surgery|logistic_regression,surgery,S6,logistic_regression,logistic_l2__isotonic,external_2025,current_frozen_aggregate,3157,39,0.5863061462804888,0.026380653556953244,0.012113609979405717,-0.6701076567610065,0.8389707975079329,0.004936477138685285,1.0092678542905964
v3|S6|surgery|mlp_plr,surgery,S6,mlp_plr,mlp_plr,external_2025,current_frozen_aggregate,3157,39,0.7767059752306705,0.06734774371322427,0.1802355481814716,-4.246620818569057,1.1521098687918274,0.3770991830691568,0.03172015674921095
v3|S6|surgery|rSI_sMS,surgery,S6,rSI_sMS,score_rSI_sMS__platt,external_2025,current_frozen_aggregate,3114,38,0.3990871603586339,0.010206078331655677,0.012072537158619539,-21.813542680770773,-3.8744457109036365,0.006377444359078775,1.063972545633928
v3|S6|surgery|stacking,surgery,S6,stacking,stacking,external_2025,current_frozen_aggregate,3157,39,0.8509563987434416,0.10311433888159317,0.170044200118147,-3.8520455405064564,2.5594551702678383,0.3956371726999628,0.030278878857280842
v3|S6|surgery|tabicl,surgery,S6,tabicl,tabicl,external_2025,current_frozen_aggregate,3157,39,0.7379072712619857,0.03767687309467088,0.012123495671893228,-0.7724207217953141,0.7719400089104863,0.0031040380478241317,1.1662911737948156
v3|S6|surgery|tabpfn,surgery,S6,tabpfn,tabpfn_finetuned,external_2025,current_frozen_aggregate,3157,39,0.7541076627029161,0.0421587800801445,0.01205288458853363,0.4508629025592624,1.106431986949762,0.005363550884337192,1.0207995275867114
v3|S6|surgery|xgboost,surgery,S6,xgboost,xgboost__platt,external_2025,current_frozen_aggregate,3157,39,0.7933915560599332,0.09942903503775306,0.011706008031517823,0.1692544749063691,1.0923493038689274,0.0031270528307679943,0.8560570791862041
v2|P1|overall|bert_finetuned,overall,P1,bert_finetuned,bert_finetuned,external_2025,current_frozen_aggregate,9274,56,0.7748107352075132,0.04215271276468078,0.5213821768714372,-6.921414433889,1.1920645893495223,,
v2|P1|overall|catboost,overall,P1,catboost,catboost,external_2025,current_frozen_aggregate,9274,56,0.9060959923131761,0.18685550667547474,0.005466414677928362,0.6152422120269062,1.09289139267121,,
v2|P1|overall|cnn_1d,overall,P1,cnn_1d,cnn_1d,external_2025,current_frozen_aggregate,9274,56,0.8502464122989182,0.04176233063286784,0.03233726484928024,-3.6618077589516362,0.18889536473493437,,
v2|P1|overall|ft_transformer,overall,P1,ft_transformer,ft_transformer,external_2025,current_frozen_aggregate,9274,56,0.905677556333881,0.127033926596766,0.10439273580493334,-4.8716809141986275,0.9325697232762489,,
v2|P1|overall|lightgbm,overall,P1,lightgbm,lightgbm,external_2025,current_frozen_aggregate,9274,56,0.9078259151349843,0.12310857295497163,0.00564131685252933,0.36680411067812246,1.0358517835733394,,
v2|P1|overall|logistic_regression,overall,P1,logistic_regression,logistic_regression,external_2025,current_frozen_aggregate,9274,56,0.7543180268418932,0.0448702882996261,0.04776256280950193,-4.0949227273095135,0.13428827976123658,,
v2|P1|overall|mlp_plr,overall,P1,mlp_plr,mlp_plr,external_2025,current_frozen_aggregate,9274,56,0.8555562873880296,0.0834562509800907,0.03489910213292409,-3.712619491274014,0.4844154739324933,,
v2|P1|overall|rSI_sMS,overall,P1,rSI_sMS,rSI_sMS,external_2025,current_frozen_aggregate,9274,56,0.8087263273719121,0.0628984937625771,0.18530074281010303,-5.242651936270926,1.2856583774536545,,
v2|P1|overall|stacking,overall,P1,stacking,stacking,external_2025,current_frozen_aggregate,9274,56,0.9127212286520162,0.13720423725473224,0.09558998892839811,-4.855637400043192,0.9489998526018865,,
v2|P1|overall|tabicl,overall,P1,tabicl,tabicl,external_2025,current_frozen_aggregate,9274,56,0.877229721352633,0.0901411725192008,0.0058473756594949735,-0.14888401466530699,0.8646170641343487,,
v2|P1|overall|tabpfn,overall,P1,tabpfn,tabpfn,external_2025,current_frozen_aggregate,9274,56,0.910774339026129,0.1387384116468186,0.005607204465129926,0.4132963028725526,0.9841443919893635,,
v2|P1|overall|xgboost,overall,P1,xgboost,xgboost,external_2025,current_frozen_aggregate,9274,56,0.8930140563493786,0.1597803790150474,0.005554745293686747,0.5905074512232951,1.1145824947031848,,
v2|P2|overall|bert_finetuned,overall,P2,bert_finetuned,bert_finetuned,external_2025,current_frozen_aggregate,9274,518,0.8203148287947283,0.25465825242626877,0.20784758005324722,-2.9724985235055286,0.6393290969657758,,
v2|P2|overall|catboost,overall,P2,catboost,catboost,external_2025,current_frozen_aggregate,9274,518,0.8908862935244846,0.3957704394196838,0.05743832149647252,-1.3165476262217073,1.0326244012722456,,
v2|P2|overall|cnn_1d,overall,P2,cnn_1d,cnn_1d,external_2025,current_frozen_aggregate,9274,518,0.8634222798795663,0.25611017915979845,0.19247873348304492,-2.990495910138452,0.516466835803415,,
v2|P2|overall|ft_transformer,overall,P2,ft_transformer,ft_transformer,external_2025,current_frozen_aggregate,9274,518,0.8862990364246646,0.3431792485882098,0.14008110073296795,-2.7626231148543994,1.0639326664463586,,
v2|P2|overall|lightgbm,overall,P2,lightgbm,lightgbm,external_2025,current_frozen_aggregate,9274,518,0.8925548680573805,0.3914615149786321,0.04231840510152206,-0.3004336051855007,1.0509071120103217,,
v2|P2|overall|logistic_regression,overall,P2,logistic_regression,logistic_regression,external_2025,current_frozen_aggregate,9274,518,0.8231282333041126,0.32065315769643227,0.14170797957616313,-2.497417263535049,0.47677964570863246,,
v2|P2|overall|mlp_plr,overall,P2,mlp_plr,mlp_plr,external_2025,current_frozen_aggregate,9274,518,0.8821946252850776,0.36604519565050103,0.15904334308640902,-2.843028830232371,0.7731197088344316,,
v2|P2|overall|rSI_sMS,overall,P2,rSI_sMS,rSI_sMS,external_2025,current_frozen_aggregate,9274,518,0.7262055054140482,0.2192427104701753,0.21440756881629272,-2.8725270628316206,1.0761812531422932,,
v2|P2|overall|stacking,overall,P2,stacking,stacking,external_2025,current_frozen_aggregate,9274,518,0.894934262396574,0.3840051530126643,0.13576453249800421,-2.8654574533271693,1.1278343332844345,,
v2|P2|overall|tabicl,overall,P2,tabicl,tabicl,external_2025,current_frozen_aggregate,9274,518,0.8439525638018099,0.2881646884906957,0.046491615176257016,-0.5028648566350777,0.9355398300330269,,
v2|P2|overall|tabpfn,overall,P2,tabpfn,tabpfn,external_2025,current_frozen_aggregate,9274,518,0.8905017805771576,0.3754321137126849,0.042132603241360436,-0.07216145281166232,1.068888574617898,,
v2|P2|overall|xgboost,overall,P2,xgboost,xgboost,external_2025,current_frozen_aggregate,9274,518,0.8944209905265184,0.3977136240994128,0.042086921026168365,-0.337235200215148,1.0479223084299722,,
v2|P3|overall|bert_finetuned,overall,P3,bert_finetuned,bert_finetuned,external_2025,current_frozen_aggregate,9274,288,0.8447459551277297,0.21542591407869374,0.17435214391879386,-3.551009992126462,0.7947713233245903,,
v2|P3|overall|catboost,overall,P3,catboost,catboost,external_2025,current_frozen_aggregate,9274,288,0.8873641405148749,0.3491715029493588,0.02754953990833916,-0.9178073948986817,1.0123099997360225,,
v2|P3|overall|cnn_1d,overall,P3,cnn_1d,cnn_1d,external_2025,current_frozen_aggregate,9274,288,0.8609944172416352,0.3120415582172749,0.07078900912665088,-2.4004088680120828,0.5037727201343921,,
v2|P3|overall|ft_transformer,overall,P3,ft_transformer,ft_transformer,external_2025,current_frozen_aggregate,9274,288,0.8924532683557138,0.3088757880260239,0.10604010677643629,-3.0961618109150377,0.9836391336510827,,
v2|P3|overall|lightgbm,overall,P3,lightgbm,lightgbm,external_2025,current_frozen_aggregate,9274,288,0.8969550628137598,0.36440415409731575,0.02398654315431727,0.08646778009081452,1.0184732242593488,,
v2|P3|overall|logistic_regression,overall,P3,logistic_regression,logistic_regression,external_2025,current_frozen_aggregate,9274,288,0.8189069571184806,0.2685038006478018,0.08901874165189087,-2.868565555377514,0.39106432878620445,,
v2|P3|overall|mlp_plr,overall,P3,mlp_plr,mlp_plr,external_2025,current_frozen_aggregate,9274,288,0.8780270853426319,0.32021029699274717,0.09484832738140819,-2.966268623819459,0.6861428999018276,,
v2|P3|overall|rSI_sMS,overall,P3,rSI_sMS,rSI_sMS,external_2025,current_frozen_aggregate,9274,288,0.7005747366273463,0.1188452164169253,0.2152024483558566,-3.4366936606518634,1.0408026589725339,,
v2|P3|overall|stacking,overall,P3,stacking,stacking,external_2025,current_frozen_aggregate,9274,288,0.9060212491035438,0.3530307920454804,0.09958898614696048,-3.2094670602282713,1.0191835499525113,,
v2|P3|overall|tabicl,overall,P3,tabicl,tabicl,external_2025,current_frozen_aggregate,9274,288,0.8540383806909513,0.21608022470427782,0.026914340536126537,-0.29117317337677506,0.8241300722373968,,
v2|P3|overall|tabpfn,overall,P3,tabpfn,tabpfn,external_2025,current_frozen_aggregate,9274,288,0.8961950070480006,0.3645577499441037,0.024323200982659793,0.19752719433751614,0.9802203455095609,,
v2|P3|overall|xgboost,overall,P3,xgboost,xgboost,external_2025,current_frozen_aggregate,9274,288,0.9003086591487992,0.35629520948236026,0.024087794311428087,-0.0634067486036875,0.9587745189093545,,
v2|S1|overall|bert_finetuned,overall,S1,bert_finetuned,bert_finetuned,external_2025,current_frozen_aggregate,9274,125,0.8050746529675374,0.09807701160580953,0.21577243453080536,-4.354464180876733,0.5102751817523296,,
v2|S1|overall|catboost,overall,S1,catboost,catboost,external_2025,current_frozen_aggregate,9274,125,0.8989607607388785,0.1839615137178429,0.012194219080436245,-0.36332495664405123,1.0018798576204013,,
v2|S1|overall|cnn_1d,overall,S1,cnn_1d,cnn_1d,external_2025,current_frozen_aggregate,9274,125,0.8595335009290632,0.10608425034904247,0.09736287859761311,-3.639541718262294,0.420676426737015,,
v2|S1|overall|ft_transformer,overall,S1,ft_transformer,ft_transformer,external_2025,current_frozen_aggregate,9274,125,0.8927467482785004,0.14081884944181391,0.1161038319251849,-4.083223466765496,0.8252259349019786,,
v2|S1|overall|lightgbm,overall,S1,lightgbm,lightgbm,external_2025,current_frozen_aggregate,9274,125,0.900521587058695,0.19123016692724906,0.011978329987174048,-0.15243564806304694,1.0841979558932267,,
v2|S1|overall|logistic_regression,overall,S1,logistic_regression,logistic_regression,external_2025,current_frozen_aggregate,9274,125,0.7968136408350639,0.0806710769767349,0.10659139385515438,-3.8147248286474724,0.22292089077051316,,
v2|S1|overall|mlp_plr,overall,S1,mlp_plr,mlp_plr,external_2025,current_frozen_aggregate,9274,125,0.8748881845010383,0.15450198466733278,0.10292946105971292,-3.941574378914615,0.749579396165617,,
v2|S1|overall|rSI_sMS,overall,S1,rSI_sMS,rSI_sMS,external_2025,current_frozen_aggregate,9274,125,0.7683436441141108,0.09334177597853874,0.1906534181403816,-4.295443740384697,1.110604182061324,,
v2|S1|overall|stacking,overall,S1,stacking,stacking,external_2025,current_frozen_aggregate,9274,125,0.8984352388239153,0.1913422188191101,0.1136610755084695,-4.175507174249948,0.9705435043911095,,
v2|S1|overall|tabicl,overall,S1,tabicl,tabicl,external_2025,current_frozen_aggregate,9274,125,0.8616469559514701,0.11877461752996857,0.012524540488358908,-0.4053314972813258,0.9057156279513571,,
v2|S1|overall|tabpfn,overall,S1,tabpfn,tabpfn,external_2025,current_frozen_aggregate,9274,125,0.8727760410973877,0.16194911097657794,0.01224723731692355,0.01938135920921002,0.9920997391785568,,
v2|S1|overall|xgboost,overall,S1,xgboost,xgboost,external_2025,current_frozen_aggregate,9274,125,0.8978581265712099,0.1820334346150876,0.012102868312764905,-0.26456260827284134,1.0387197210747614,,
v2|S2|overall|bert_finetuned,overall,S2,bert_finetuned,bert_finetuned,external_2025,current_frozen_aggregate,9274,216,0.8057339327625264,0.11246666775561512,0.2091833907309625,-3.8835832369781884,0.7670185436105366,,
v2|S2|overall|catboost,overall,S2,catboost,catboost,external_2025,current_frozen_aggregate,9274,216,0.896557575460203,0.2721966630080533,0.019570242286655513,-0.18832719125541728,1.0384786178680314,,
v2|S2|overall|cnn_1d,overall,S2,cnn_1d,cnn_1d,external_2025,current_frozen_aggregate,9274,216,0.8254116475716167,0.14957007815601245,0.14842520362203498,-3.446734708937844,0.28698742417391565,,
v2|S2|overall|ft_transformer,overall,S2,ft_transformer,ft_transformer,external_2025,current_frozen_aggregate,9274,216,0.8936176737567773,0.21459742893485217,0.11824570916423352,-3.5486549024542478,0.9477710504647081,,
v2|S2|overall|lightgbm,overall,S2,lightgbm,lightgbm,external_2025,current_frozen_aggregate,9274,216,0.8955052010500234,0.27059275333251004,0.019573464356182298,-0.3394468487620874,1.0106888201467141,,
v2|S2|overall|logistic_regression,overall,S2,logistic_regression,logistic_regression,external_2025,current_frozen_aggregate,9274,216,0.7955306543019063,0.1812453768066653,0.12550198311512012,-3.263692683244842,0.34173596361985137,,
v2|S2|overall|mlp_plr,overall,S2,mlp_plr,mlp_plr,external_2025,current_frozen_aggregate,9274,216,0.8761290408315138,0.24513935279277124,0.13573134387966085,-3.604155175070487,0.7566959138709758,,
v2|S2|overall|rSI_sMS,overall,S2,rSI_sMS,rSI_sMS,external_2025,current_frozen_aggregate,9274,216,0.7707622891162305,0.1322865015390244,0.19906364763099405,-3.799099093828571,1.1910752432393492,,
v2|S2|overall|stacking,overall,S2,stacking,stacking,external_2025,current_frozen_aggregate,9274,216,0.8962279098484662,0.25895415857832765,0.11805441459742995,-3.6746089570573663,0.9049411392824502,,
v2|S2|overall|tabicl,overall,S2,tabicl,tabicl,external_2025,current_frozen_aggregate,9274,216,0.849599903502531,0.1558445227721769,0.021359751134223927,-0.5361114169806749,0.9521190404490892,,
v2|S2|overall|tabpfn,overall,S2,tabpfn,tabpfn,external_2025,current_frozen_aggregate,9274,216,0.8625470731826991,0.18170699398245949,0.020566623655663918,-0.1808065725871045,0.9682111633878353,,
v2|S2|overall|xgboost,overall,S2,xgboost,xgboost,external_2025,current_frozen_aggregate,9274,216,0.896019888291913,0.2776156502599515,0.01947356878318979,-0.2711122117529968,1.0495932485864883,,
v2|S3|overall|bert_finetuned,overall,S3,bert_finetuned,bert_finetuned,external_2025,current_frozen_aggregate,9274,2905,0.6909251432754772,0.5184043221822416,0.21631476884677184,-0.7158551115539405,0.8686653318131533,,
v2|S3|overall|catboost,overall,S3,catboost,catboost,external_2025,current_frozen_aggregate,9274,2905,0.7833705051009502,0.6272381715558688,0.1874937144589553,-0.7319722796438343,1.0594181011277812,,
v2|S3|overall|cnn_1d,overall,S3,cnn_1d,cnn_1d,external_2025,current_frozen_aggregate,9274,2905,0.7651952267721042,0.6023264962673394,0.25571430052693117,-1.2900160485464975,0.6885262425273755,,
v2|S3|overall|ft_transformer,overall,S3,ft_transformer,ft_transformer,external_2025,current_frozen_aggregate,9274,2905,0.7710465305134135,0.605620415988595,0.19558894295323173,-0.7874644105482197,1.094220087794424,,
v2|S3|overall|lightgbm,overall,S3,lightgbm,lightgbm,external_2025,current_frozen_aggregate,9274,2905,0.7828754220164421,0.6255346770767436,0.16772425457147982,0.04909408408745849,1.0449367031922885,,
v2|S3|overall|logistic_regression,overall,S3,logistic_regression,logistic_regression,external_2025,current_frozen_aggregate,9274,2905,0.7481957707689652,0.5572055309172026,0.2011010180932423,-0.7031816424229,0.5839232595200101,,
v2|S3|overall|mlp_plr,overall,S3,mlp_plr,mlp_plr,external_2025,current_frozen_aggregate,9274,2905,0.7656693120642181,0.6024755335744594,0.19596203657014788,-0.6932184357077925,0.7300018125623071,,
v2|S3|overall|rSI_sMS,overall,S3,rSI_sMS,rSI_sMS,external_2025,current_frozen_aggregate,9274,2905,0.5591852640357542,0.3778544435948711,0.24881719024295024,-0.7967777577529152,0.8102165621085616,,
v2|S3|overall|stacking,overall,S3,stacking,stacking,external_2025,current_frozen_aggregate,9274,2905,0.789357335134225,0.633574686388143,0.1912444596986882,-0.8482880812562487,0.9965180408218298,,
v2|S3|overall|tabicl,overall,S3,tabicl,tabicl,external_2025,current_frozen_aggregate,9274,2905,0.699658252145923,0.5297875016113449,0.1937026740326782,-0.306541803247492,0.8753411900086768,,
v2|S3|overall|tabpfn,overall,S3,tabpfn,tabpfn,external_2025,current_frozen_aggregate,9274,2905,0.7369453589879335,0.5715712327184665,0.18132571622612909,0.05993789591995227,0.998298960784483,,
v2|S3|overall|xgboost,overall,S3,xgboost,xgboost,external_2025,current_frozen_aggregate,9274,2905,0.7837791378149702,0.6239577034945276,0.16776242261771163,0.05483785743535372,1.0312322002524446,,
v2|S4|overall|bert_finetuned,overall,S4,bert_finetuned,bert_finetuned,external_2025,current_frozen_aggregate,9274,861,0.7501410556887997,0.24684464246937723,0.17614662675051293,-2.1242009817512018,0.7322897372024156,,
v2|S4|overall|catboost,overall,S4,catboost,catboost,external_2025,current_frozen_aggregate,9274,861,0.8210421264695573,0.3824707803338764,0.08772398202071591,-1.1049657324201128,1.0256114365401805,,
v2|S4|overall|cnn_1d,overall,S4,cnn_1d,cnn_1d,external_2025,current_frozen_aggregate,9274,861,0.7784301243871652,0.2807587972277197,0.23909433207165226,-2.4391892358202982,0.6040873856935086,,
v2|S4|overall|ft_transformer,overall,S4,ft_transformer,ft_transformer,external_2025,current_frozen_aggregate,9274,861,0.7895593388529697,0.3116079409883953,0.21298997159612285,-2.457224055882485,0.8078200246611126,,
v2|S4|overall|lightgbm,overall,S4,lightgbm,lightgbm,external_2025,current_frozen_aggregate,9274,861,0.821640448324471,0.3800368548076311,0.07031848644576226,-0.08724765074553766,1.0014597258393514,,
v2|S4|overall|logistic_regression,overall,S4,logistic_regression,logistic_regression,external_2025,current_frozen_aggregate,9274,861,0.7585549050036355,0.28629640148731234,0.16701134985058924,-2.0805514283823894,0.32772672508296985,,
v2|S4|overall|mlp_plr,overall,S4,mlp_plr,mlp_plr,external_2025,current_frozen_aggregate,9274,861,0.8114624882982796,0.3646191367544873,0.16131263184698927,-2.1519452528271867,0.9152913260862081,,
v2|S4|overall|rSI_sMS,overall,S4,rSI_sMS,rSI_sMS,external_2025,current_frozen_aggregate,9274,861,0.5941402284750124,0.17954828746568388,0.2446835448115788,-2.286896196524995,0.9101851451092299,,
v2|S4|overall|stacking,overall,S4,stacking,stacking,external_2025,current_frozen_aggregate,9274,861,0.8205386470498826,0.38246696876300623,0.1698302020937404,-2.2861751565115904,0.9372762542763361,,
v2|S4|overall|tabicl,overall,S4,tabicl,tabicl,external_2025,current_frozen_aggregate,9274,861,0.703723552662332,0.20484605418406165,0.0855230796135665,-0.8819135383149145,0.7938548249721987,,
v2|S4|overall|tabpfn,overall,S4,tabpfn,tabpfn,external_2025,current_frozen_aggregate,9274,861,0.7481673804698855,0.27450810061908815,0.07652701578294126,-0.3248995155811562,0.7897132829830488,,
v2|S4|overall|xgboost,overall,S4,xgboost,xgboost,external_2025,current_frozen_aggregate,9274,861,0.8206867089302228,0.383532369498339,0.07017830209858952,-0.09996374790839818,0.9937267551722361,,
v2|S5|overall|bert_finetuned,overall,S5,bert_finetuned,bert_finetuned,external_2025,current_frozen_aggregate,9274,116,0.7667782455136267,0.04748214495035992,0.2497248403376248,-4.724587622174554,1.11380459133588,,
v2|S5|overall|catboost,overall,S5,catboost,catboost,external_2025,current_frozen_aggregate,9274,116,0.8281510042096226,0.06593252416886754,0.012039577867096144,0.17853072764794303,1.076422965268903,,
v2|S5|overall|cnn_1d,overall,S5,cnn_1d,cnn_1d,external_2025,current_frozen_aggregate,9274,116,0.7562678381818044,0.04021261864480244,0.27433474579774286,-4.450119585564016,0.24847698719823388,,
v2|S5|overall|ft_transformer,overall,S5,ft_transformer,ft_transformer,external_2025,current_frozen_aggregate,9274,116,0.8175940010994721,0.0692680958665796,0.18786677717082362,-4.41799291417299,1.2504123939011598,,
v2|S5|overall|lightgbm,overall,S5,lightgbm,lightgbm,external_2025,current_frozen_aggregate,9274,116,0.8233944695047104,0.05742628007217542,0.012140948008890498,-0.15120348548931098,1.0193674168922011,,
v2|S5|overall|logistic_regression,overall,S5,logistic_regression,logistic_regression,external_2025,current_frozen_aggregate,9274,116,0.6675998373383738,0.04437300923400213,0.11217628730677508,-4.103809644855823,0.0697305452496514,,
v2|S5|overall|mlp_plr,overall,S5,mlp_plr,mlp_plr,external_2025,current_frozen_aggregate,9274,116,0.8097555557229029,0.06222639546136804,0.16419078162086845,-4.233153850870575,0.903064026031579,,
v2|S5|overall|rSI_sMS,overall,S5,rSI_sMS,rSI_sMS,external_2025,current_frozen_aggregate,9274,116,0.6649109314637287,0.042997935046847374,0.22675907081629812,-4.366547603738858,0.9514562502711977,,
v2|S5|overall|stacking,overall,S5,stacking,stacking,external_2025,current_frozen_aggregate,9274,116,0.8355903261516217,0.06505333510509287,0.16789376490922167,-4.327015053939828,1.0610355075659326,,
v2|S5|overall|tabicl,overall,S5,tabicl,tabicl,external_2025,current_frozen_aggregate,9274,116,0.7981470882815852,0.06560612639513565,0.012076191203315325,-0.5395044059350836,0.821398735297109,,
v2|S5|overall|tabpfn,overall,S5,tabpfn,tabpfn,external_2025,current_frozen_aggregate,9274,116,0.800616664532988,0.062242442891336874,0.012074583277229768,-0.5744770427991976,0.8379091081645752,,
v2|S5|overall|xgboost,overall,S5,xgboost,xgboost,external_2025,current_frozen_aggregate,9274,116,0.829611946592766,0.060450802595995,0.012124739477223864,-0.22244489896753514,0.9896555324408738,,
v2|S6|overall|bert_finetuned,overall,S6,bert_finetuned,bert_finetuned,external_2025,current_frozen_aggregate,9274,396,0.7387747433788209,0.12358649465225234,0.19865584408567788,-3.0350704790056544,0.8416239182663776,,
v2|S6|overall|catboost,overall,S6,catboost,catboost,external_2025,current_frozen_aggregate,9274,396,0.8143040565601954,0.19713922627536803,0.08850564910965496,-2.0146864587656337,1.30505587762003,,
v2|S6|overall|cnn_1d,overall,S6,cnn_1d,cnn_1d,external_2025,current_frozen_aggregate,9274,396,0.7743113154523383,0.13081471291891245,0.18778132602620567,-2.9553120681486775,0.6488579957158208,,
v2|S6|overall|ft_transformer,overall,S6,ft_transformer,ft_transformer,external_2025,current_frozen_aggregate,9274,396,0.8064154157024173,0.17741644865667175,0.20612416271572542,-3.300890466665555,1.1057456713934997,,
v2|S6|overall|lightgbm,overall,S6,lightgbm,lightgbm,external_2025,current_frozen_aggregate,9274,396,0.8050555111830174,0.18181351004931515,0.037813831269302156,0.1045255798806553,1.0544074082953743,,
v2|S6|overall|logistic_regression,overall,S6,logistic_regression,logistic_regression,external_2025,current_frozen_aggregate,9274,396,0.7102911293607396,0.1254920544423016,0.16088651352282846,-2.8376395859672687,0.18992360385368512,,
v2|S6|overall|mlp_plr,overall,S6,mlp_plr,mlp_plr,external_2025,current_frozen_aggregate,9274,396,0.7868562284252756,0.18286532283049003,0.17069934653711483,-2.9709233634315524,0.9242455084258537,,
v2|S6|overall|rSI_sMS,overall,S6,rSI_sMS,rSI_sMS,external_2025,current_frozen_aggregate,9274,396,0.6127268688233996,0.09017676151935337,0.24254864384620978,-3.1226753528545848,0.9015262052010886,,
v2|S6|overall|stacking,overall,S6,stacking,stacking,external_2025,current_frozen_aggregate,9274,396,0.8152355954225745,0.1960878766031285,0.17674099325489318,-3.120808316034786,1.027330353501047,,
v2|S6|overall|tabicl,overall,S6,tabicl,tabicl,external_2025,current_frozen_aggregate,9274,396,0.7341848878512541,0.12013276031009208,0.03929616249475293,-0.2895490288896226,0.8952963050495953,,
v2|S6|overall|tabpfn,overall,S6,tabpfn,tabpfn,external_2025,current_frozen_aggregate,9274,396,0.7425751374979805,0.12888039959662861,0.03928870072877611,0.08602924554150079,0.9332350588148414,,
v2|S6|overall|xgboost,overall,S6,xgboost,xgboost,external_2025,current_frozen_aggregate,9274,396,0.8105776166713314,0.19145554105758844,0.037619615611339904,0.34352717719750203,1.1513216593313214,,
