entity_id,group,outcome,model,model_sha256,bound_document_count,recorded_field_count,seed,final_fit_rows,context_rows,context_row_policy,runtime_packages,stack_member_order
v2|P1|overall|rSI_sMS,overall,P1,rSI_sMS,3ac455bf04f5913d137b28d987ca9f2a68962cda46a99578457cbea462d6575a,7,3,20260710.0,,,,"{""numpy"":""2.4.4"",""pandas"":""2.3.3"",""scikit-learn"":""1.8.0"",""imbalanced-learn"":""0.14.2"",""xgboost"":""3.2.0"",""lightgbm"":""4.6.0"",""catboost"":""1.2.10"",""optuna"":""4.9.0"",""joblib"":""1.5.3""}",
v2|P1|overall|logistic_regression,overall,P1,logistic_regression,ed41a3084f1051626d70bb380031d0999528267ece311fcfeaaa4cc134552474,7,3,20260710.0,,,,"{""numpy"":""2.4.4"",""pandas"":""2.3.3"",""scikit-learn"":""1.8.0"",""imbalanced-learn"":""0.14.2"",""xgboost"":""3.2.0"",""lightgbm"":""4.6.0"",""catboost"":""1.2.10"",""optuna"":""4.9.0"",""joblib"":""1.5.3""}",
v2|P1|overall|catboost,overall,P1,catboost,e404e0a3a84bc6d22f27a8cd5b95c21896ecd3ddd089b113159b92583c006f5f,7,6,,24784.0,,,"{""numpy"":""2.0.2"",""pandas"":""2.3.3"",""scikit-learn"":""1.6.1"",""imbalanced-learn"":""0.14.1"",""xgboost"":""3.2.0"",""lightgbm"":""4.6.0"",""catboost"":""1.2.10"",""optuna"":""4.9.0"",""joblib"":""1.5.3""}",
v2|P1|overall|xgboost,overall,P1,xgboost,e6d348c174b82b0e0072b241be730ca7f375c2b5525a00858b2acd22e40f3c05,7,6,,24784.0,,,"{""numpy"":""2.0.2"",""pandas"":""2.3.3"",""scikit-learn"":""1.6.1"",""imbalanced-learn"":""0.14.1"",""xgboost"":""3.2.0"",""lightgbm"":""4.6.0"",""catboost"":""1.2.10"",""optuna"":""4.9.0"",""joblib"":""1.5.3""}",
v2|P1|overall|lightgbm,overall,P1,lightgbm,bf271da47511deb44fbbc318ed179284dbd83cf5e55a44a7c71d6556d48e819e,8,6,,24784.0,,,"{""numpy"":""2.0.2"",""pandas"":""2.3.3"",""scikit-learn"":""1.6.1"",""imbalanced-learn"":""0.14.1"",""xgboost"":""3.2.0"",""lightgbm"":""4.6.0"",""catboost"":""1.2.10"",""optuna"":""4.9.0"",""joblib"":""1.5.3""}",
v2|P1|overall|bert_finetuned,overall,P1,bert_finetuned,822eae85f4f28b49a018a2afba574c90f58a33c5c096df6257da53cec3c5c711,22,4,20260715.0,,,,,
v2|P1|overall|mlp_plr,overall,P1,mlp_plr,e12ce512bbd83ec0e6ea2e5ad4c16592adbde6f338dfa9b80f4f5f86cc8eb6fa,18,2,20260715.0,,,,,
v2|P1|overall|ft_transformer,overall,P1,ft_transformer,fcc71eaee742b5cbea1ad293a46e24378426385f3d8e7d0c249447db768ad365,30,2,20260715.0,,,,,
v2|P1|overall|cnn_1d,overall,P1,cnn_1d,d7795a96b6fdf7d2a37e8f44af6d52ccbfb6cfeb3895a517a572a19c2444dd74,11,1,,,,,,
v2|P1|overall|tabpfn,overall,P1,tabpfn,bf6489dd7a19b57da91994073086580939cb3b4941689743c212569596257863,8,9,20260716.0,,,full_or_model_limit,"{""numpy"":""2.4.4"",""pandas"":""2.3.3"",""scikit-learn"":""1.8.0"",""imbalanced-learn"":""0.14.2"",""xgboost"":""3.2.0"",""lightgbm"":""4.6.0"",""catboost"":""1.2.10"",""optuna"":""4.9.0"",""joblib"":""1.5.3""}",
v2|P1|overall|tabicl,overall,P1,tabicl,0a7e5dd08eff1a2351343661479fc33830735a2c8f56300848de38e7f532a2f1,10,11,20260716.0,,,full_or_model_limit,"{""numpy"":""2.0.2"",""pandas"":""2.3.3"",""scikit-learn"":""1.6.1"",""imbalanced-learn"":""0.14.1"",""xgboost"":""3.2.0"",""lightgbm"":""4.6.0"",""catboost"":""1.2.10"",""optuna"":""4.9.0"",""joblib"":""1.5.3""}",
v2|P1|overall|stacking,overall,P1,stacking,6168ecc99271a9b6956453c930d0fec36b43219b4101f6d2aee6f18cf5af5cc3,9,2,,,,,,"[""logistic_l2"",""catboost"",""xgboost"",""lightgbm"",""balanced_random_forest"",""bert_finetuned"",""mlp_plr"",""ft_transformer"",""cnn_1d"",""tabpfn_standard"",""tabicl""]"
v2|P2|overall|rSI_sMS,overall,P2,rSI_sMS,763901b5b1ee3ef12e55bb7bc6a516e0b444ccd44e600c229b02352f7b85bf83,7,3,20260710.0,,,,"{""numpy"":""2.4.4"",""pandas"":""2.3.3"",""scikit-learn"":""1.8.0"",""imbalanced-learn"":""0.14.2"",""xgboost"":""3.2.0"",""lightgbm"":""4.6.0"",""catboost"":""1.2.10"",""optuna"":""4.9.0"",""joblib"":""1.5.3""}",
v2|P2|overall|logistic_regression,overall,P2,logistic_regression,d8cb9035ce590a108d1e2fecf3b629e3181767b2fb964d458bfd35bb7d542266,7,3,20260710.0,,,,"{""numpy"":""2.4.4"",""pandas"":""2.3.3"",""scikit-learn"":""1.8.0"",""imbalanced-learn"":""0.14.2"",""xgboost"":""3.2.0"",""lightgbm"":""4.6.0"",""catboost"":""1.2.10"",""optuna"":""4.9.0"",""joblib"":""1.5.3""}",
v2|P2|overall|catboost,overall,P2,catboost,e111b4861670f57366f3368e0f663b6b340467e979d9cbb461a1e25400f2862e,7,6,,24784.0,,,"{""numpy"":""2.0.2"",""pandas"":""2.3.3"",""scikit-learn"":""1.6.1"",""imbalanced-learn"":""0.14.1"",""xgboost"":""3.2.0"",""lightgbm"":""4.6.0"",""catboost"":""1.2.10"",""optuna"":""4.9.0"",""joblib"":""1.5.3""}",
v2|P2|overall|xgboost,overall,P2,xgboost,c1cafc777f34f22d8edbc404183238f2b8a52320eb36e4057d07188ee55a80d4,7,6,,24784.0,,,"{""numpy"":""2.0.2"",""pandas"":""2.3.3"",""scikit-learn"":""1.6.1"",""imbalanced-learn"":""0.14.1"",""xgboost"":""3.2.0"",""lightgbm"":""4.6.0"",""catboost"":""1.2.10"",""optuna"":""4.9.0"",""joblib"":""1.5.3""}",
v2|P2|overall|lightgbm,overall,P2,lightgbm,73cf53d4f963242dd5c52224d37ca8803413bdce51d5776df64b0af8ad634275,8,6,,24784.0,,,"{""numpy"":""2.0.2"",""pandas"":""2.3.3"",""scikit-learn"":""1.6.1"",""imbalanced-learn"":""0.14.1"",""xgboost"":""3.2.0"",""lightgbm"":""4.6.0"",""catboost"":""1.2.10"",""optuna"":""4.9.0"",""joblib"":""1.5.3""}",
v2|P2|overall|bert_finetuned,overall,P2,bert_finetuned,8d275b51892ce8261a897675daf10c5b5d0cad9d8298aac99fc0bffcace9be19,22,4,20260715.0,,,,,
v2|P2|overall|mlp_plr,overall,P2,mlp_plr,8ee476c461d25e1ae03af509a06cab8affd6b41cfa0857a4e96ae92b8eb1cc86,18,2,20260715.0,,,,,
v2|P2|overall|ft_transformer,overall,P2,ft_transformer,41f5fd7cbc44197fdd003c40d9a73e7d245ca3db800f61b21c24a43fbc96b066,30,2,20260715.0,,,,,
v2|P2|overall|cnn_1d,overall,P2,cnn_1d,8de26ba7a0d732f5cc5b1eeae54ab8f052d2d04a18ef8eae2459856c97e90b65,11,1,,,,,,
v2|P2|overall|tabpfn,overall,P2,tabpfn,ab6d6fad28a50ca46fcb83b3cb921928981616a0de0763ee589b4aa93cc3f70a,8,8,,,,full_or_model_limit,"{""numpy"":""2.4.4"",""pandas"":""2.3.3"",""scikit-learn"":""1.8.0"",""imbalanced-learn"":""0.14.2"",""xgboost"":""3.2.0"",""lightgbm"":""4.6.0"",""catboost"":""1.2.10"",""optuna"":""4.9.0"",""joblib"":""1.5.3""}",
v2|P2|overall|tabicl,overall,P2,tabicl,7b333329274150b0a8485337c4afd0036ee4204eb455ddf1c412852ca46c91b5,5,2,,,,,,
v2|P2|overall|stacking,overall,P2,stacking,766595d1f04e7988407fdfca65a2a47e8618bf7c58024c7d8718fdff344e42cd,9,2,,,,,,"[""logistic_l2"",""catboost"",""xgboost"",""lightgbm"",""balanced_random_forest"",""bert_finetuned"",""mlp_plr"",""ft_transformer"",""cnn_1d"",""tabpfn_standard"",""tabicl""]"
v2|P3|overall|rSI_sMS,overall,P3,rSI_sMS,7f10c404a348775a7ebb68299a1de483b721ed31c17c9e81522823212a83be6a,7,3,20260710.0,,,,"{""numpy"":""2.4.4"",""pandas"":""2.3.3"",""scikit-learn"":""1.8.0"",""imbalanced-learn"":""0.14.2"",""xgboost"":""3.2.0"",""lightgbm"":""4.6.0"",""catboost"":""1.2.10"",""optuna"":""4.9.0"",""joblib"":""1.5.3""}",
v2|P3|overall|logistic_regression,overall,P3,logistic_regression,52f5479359c2945b2275e628cb10d3266c003dbbd5fb733d14b76adfe25d3ffb,7,3,20260710.0,,,,"{""numpy"":""2.4.4"",""pandas"":""2.3.3"",""scikit-learn"":""1.8.0"",""imbalanced-learn"":""0.14.2"",""xgboost"":""3.2.0"",""lightgbm"":""4.6.0"",""catboost"":""1.2.10"",""optuna"":""4.9.0"",""joblib"":""1.5.3""}",
v2|P3|overall|catboost,overall,P3,catboost,16489ba7787a1912ef4542ef322dba23788204ec3d9769dee0fc26f8f5186777,7,6,,24784.0,,,"{""numpy"":""2.0.2"",""pandas"":""2.3.3"",""scikit-learn"":""1.6.1"",""imbalanced-learn"":""0.14.1"",""xgboost"":""3.2.0"",""lightgbm"":""4.6.0"",""catboost"":""1.2.10"",""optuna"":""4.9.0"",""joblib"":""1.5.3""}",
v2|P3|overall|xgboost,overall,P3,xgboost,f8ddc7c4def46b799cb07ce0669748ec5c22e5aca4308aca2f19c8ee2d691a97,8,6,,24784.0,,,"{""numpy"":""2.0.2"",""pandas"":""2.3.3"",""scikit-learn"":""1.6.1"",""imbalanced-learn"":""0.14.1"",""xgboost"":""3.2.0"",""lightgbm"":""4.6.0"",""catboost"":""1.2.10"",""optuna"":""4.9.0"",""joblib"":""1.5.3""}",
v2|P3|overall|lightgbm,overall,P3,lightgbm,8d06fe644fd76f8c88a63520648c2ceec5f51a885d9a02c094ccefce2e1337e4,8,6,,24784.0,,,"{""numpy"":""2.0.2"",""pandas"":""2.3.3"",""scikit-learn"":""1.6.1"",""imbalanced-learn"":""0.14.1"",""xgboost"":""3.2.0"",""lightgbm"":""4.6.0"",""catboost"":""1.2.10"",""optuna"":""4.9.0"",""joblib"":""1.5.3""}",
v2|P3|overall|bert_finetuned,overall,P3,bert_finetuned,fc19998e8c3533d55fdcfc19707c846f3d55c1a18bdca8b14199be9b9e48b4de,22,4,20260715.0,,,,,
v2|P3|overall|mlp_plr,overall,P3,mlp_plr,de24bf51f5e0bf4bae9c14dbc58fdf80f9db8f88dc583efdf6f595592e8826dd,18,2,20260715.0,,,,,
v2|P3|overall|ft_transformer,overall,P3,ft_transformer,5ecad6fc94cccf846646db09a540865c2682759a5808efefd0931f7c965065b3,30,2,20260715.0,,,,,
v2|P3|overall|cnn_1d,overall,P3,cnn_1d,10a267a60c8ec7c1043a84217ae85da0af291742f0687addab2279fc9feec665,11,1,,,,,,
v2|P3|overall|tabpfn,overall,P3,tabpfn,07a1135b5d61ff20744eb0f00f19055d1d7396d55e12f8c8298f6b406ab2b31e,8,8,,,,half_model_limit,"{""numpy"":""2.4.4"",""pandas"":""2.3.3"",""scikit-learn"":""1.8.0"",""imbalanced-learn"":""0.14.2"",""xgboost"":""3.2.0"",""lightgbm"":""4.6.0"",""catboost"":""1.2.10"",""optuna"":""4.9.0"",""joblib"":""1.5.3""}",
v2|P3|overall|tabicl,overall,P3,tabicl,d8fce1f86bb3f0ce0a88bd9d3c835c063fcc46c4527ed65c486bae7b25578aed,5,2,,,,,,
v2|P3|overall|stacking,overall,P3,stacking,c04cd21ee5166de3b83d69fb9ebf431541a46f7c60c401cae339ddcd05d56adc,9,2,,,,,,"[""logistic_l2"",""catboost"",""xgboost"",""lightgbm"",""balanced_random_forest"",""bert_finetuned"",""mlp_plr"",""ft_transformer"",""cnn_1d"",""tabpfn_standard"",""tabicl""]"
v2|S1|overall|rSI_sMS,overall,S1,rSI_sMS,5832ea7cbceb29d16779199328eb82e887cc0e67de3c04e3d9efa9675bd149a7,7,3,20260710.0,,,,"{""numpy"":""2.4.4"",""pandas"":""2.3.3"",""scikit-learn"":""1.8.0"",""imbalanced-learn"":""0.14.2"",""xgboost"":""3.2.0"",""lightgbm"":""4.6.0"",""catboost"":""1.2.10"",""optuna"":""4.9.0"",""joblib"":""1.5.3""}",
v2|S1|overall|logistic_regression,overall,S1,logistic_regression,d2fd654e94ac436fc29fb7b9cc68bd2a59dbaa5b736c363d47662f3008f20abd,7,3,20260710.0,,,,"{""numpy"":""2.4.4"",""pandas"":""2.3.3"",""scikit-learn"":""1.8.0"",""imbalanced-learn"":""0.14.2"",""xgboost"":""3.2.0"",""lightgbm"":""4.6.0"",""catboost"":""1.2.10"",""optuna"":""4.9.0"",""joblib"":""1.5.3""}",
v2|S1|overall|catboost,overall,S1,catboost,c72af8d24102edf692755f3155cf70bffbc0fa5c318254e1575692de816f280b,7,6,,24784.0,,,"{""numpy"":""2.0.2"",""pandas"":""2.3.3"",""scikit-learn"":""1.6.1"",""imbalanced-learn"":""0.14.1"",""xgboost"":""3.2.0"",""lightgbm"":""4.6.0"",""catboost"":""1.2.10"",""optuna"":""4.9.0"",""joblib"":""1.5.3""}",
v2|S1|overall|xgboost,overall,S1,xgboost,8d397a2cfd2fa0e3ecb3234faaf2e2de74ed2525ba07f99dfdd59b5d67c6dfe1,7,6,,24784.0,,,"{""numpy"":""2.0.2"",""pandas"":""2.3.3"",""scikit-learn"":""1.6.1"",""imbalanced-learn"":""0.14.1"",""xgboost"":""3.2.0"",""lightgbm"":""4.6.0"",""catboost"":""1.2.10"",""optuna"":""4.9.0"",""joblib"":""1.5.3""}",
v2|S1|overall|lightgbm,overall,S1,lightgbm,690ec39b1dbe276403ff9597fcd25043a9079822547407cbb77220555f4618d9,8,6,,24784.0,,,"{""numpy"":""2.0.2"",""pandas"":""2.3.3"",""scikit-learn"":""1.6.1"",""imbalanced-learn"":""0.14.1"",""xgboost"":""3.2.0"",""lightgbm"":""4.6.0"",""catboost"":""1.2.10"",""optuna"":""4.9.0"",""joblib"":""1.5.3""}",
v2|S1|overall|bert_finetuned,overall,S1,bert_finetuned,66b83b3f3e06a65061eba21aeb74fd2e71015ea781afb0de1ead1528e668721d,22,4,20260715.0,,,,,
v2|S1|overall|mlp_plr,overall,S1,mlp_plr,1be7478efbc6de90f101911ed368bf2385036d046b35a330a1c9f43e92d6f815,18,2,20260715.0,,,,,
v2|S1|overall|ft_transformer,overall,S1,ft_transformer,347ff59c7d74aa4e569b9d3116278ecf6cb4921b316e87c6054f871cb48f33fd,30,2,20260715.0,,,,,
v2|S1|overall|cnn_1d,overall,S1,cnn_1d,3334f7651e0c84ffa02a5fd396bcc1cbae3080542ae5ec086fb98223fc40611c,11,1,,,,,,
v2|S1|overall|tabpfn,overall,S1,tabpfn,dfc8a227e247bca4b77b4e9a62cb5c4e7f2c54b87f23b5cb64aae3c143e39c22,8,8,,,,full_or_model_limit,"{""numpy"":""2.0.2"",""pandas"":""2.3.3"",""scikit-learn"":""1.6.1"",""imbalanced-learn"":""0.14.1"",""xgboost"":""3.2.0"",""lightgbm"":""4.6.0"",""catboost"":""1.2.10"",""optuna"":""4.9.0"",""joblib"":""1.5.3""}",
v2|S1|overall|tabicl,overall,S1,tabicl,52ac319bac1ac6698548cae62d87739328f8d4ba1e9e1457e0dbe4c37f393cdf,8,8,,,,half_model_limit,"{""numpy"":""2.0.2"",""pandas"":""2.3.3"",""scikit-learn"":""1.6.1"",""imbalanced-learn"":""0.14.1"",""xgboost"":""3.2.0"",""lightgbm"":""4.6.0"",""catboost"":""1.2.10"",""optuna"":""4.9.0"",""joblib"":""1.5.3""}",
v2|S1|overall|stacking,overall,S1,stacking,7099741678ec5583d3805c54f031402d0fce552b8773eaf3a734c64a121cb14a,9,2,,,,,,"[""logistic_l2"",""catboost"",""xgboost"",""lightgbm"",""balanced_random_forest"",""bert_finetuned"",""mlp_plr"",""ft_transformer"",""cnn_1d"",""tabpfn_finetuned"",""tabicl""]"
v2|S2|overall|rSI_sMS,overall,S2,rSI_sMS,631704644e4880eb10619ffeec39456ca923876bd0d3979f13adf3e93d6c8501,7,3,20260710.0,,,,"{""numpy"":""2.4.4"",""pandas"":""2.3.3"",""scikit-learn"":""1.8.0"",""imbalanced-learn"":""0.14.2"",""xgboost"":""3.2.0"",""lightgbm"":""4.6.0"",""catboost"":""1.2.10"",""optuna"":""4.9.0"",""joblib"":""1.5.3""}",
v2|S2|overall|logistic_regression,overall,S2,logistic_regression,24a1753b5d58b5b20ab26ff19b474da9e9426987ddf222670f249c97e79ffd59,7,3,20260710.0,,,,"{""numpy"":""2.4.4"",""pandas"":""2.3.3"",""scikit-learn"":""1.8.0"",""imbalanced-learn"":""0.14.2"",""xgboost"":""3.2.0"",""lightgbm"":""4.6.0"",""catboost"":""1.2.10"",""optuna"":""4.9.0"",""joblib"":""1.5.3""}",
v2|S2|overall|catboost,overall,S2,catboost,463ad82b3eac64dbdfc8c4588b3b5dded3dfa65d51d6bb74000ed343ddc10434,7,6,,24784.0,,,"{""numpy"":""2.0.2"",""pandas"":""2.3.3"",""scikit-learn"":""1.6.1"",""imbalanced-learn"":""0.14.1"",""xgboost"":""3.2.0"",""lightgbm"":""4.6.0"",""catboost"":""1.2.10"",""optuna"":""4.9.0"",""joblib"":""1.5.3""}",
v2|S2|overall|xgboost,overall,S2,xgboost,6e94ece77e9d48e413940e91e391683adcddb98ecb74ca64e81381ed7f22eae9,7,6,,24784.0,,,"{""numpy"":""2.0.2"",""pandas"":""2.3.3"",""scikit-learn"":""1.6.1"",""imbalanced-learn"":""0.14.1"",""xgboost"":""3.2.0"",""lightgbm"":""4.6.0"",""catboost"":""1.2.10"",""optuna"":""4.9.0"",""joblib"":""1.5.3""}",
v2|S2|overall|lightgbm,overall,S2,lightgbm,a4c1cbbf407f4261b1b926c0b5253f799213c8d7d0e647ea1922e18c857b2509,8,6,,24784.0,,,"{""numpy"":""2.0.2"",""pandas"":""2.3.3"",""scikit-learn"":""1.6.1"",""imbalanced-learn"":""0.14.1"",""xgboost"":""3.2.0"",""lightgbm"":""4.6.0"",""catboost"":""1.2.10"",""optuna"":""4.9.0"",""joblib"":""1.5.3""}",
v2|S2|overall|bert_finetuned,overall,S2,bert_finetuned,5cd8032281b4d1a8574cb87c8a4565defa55ce93237c1f944074f3664c450943,22,4,20260715.0,,,,,
v2|S2|overall|mlp_plr,overall,S2,mlp_plr,de9561a610a322a3d498d9f71f2479be802e0544e6ab7b5921e3c2583541250e,18,2,20260715.0,,,,,
v2|S2|overall|ft_transformer,overall,S2,ft_transformer,49a5067d5d1f177b3d2591a85918dc3248bb731c86066dcf6dfc6c87604a3fdc,30,2,20260715.0,,,,,
v2|S2|overall|cnn_1d,overall,S2,cnn_1d,1729143282a96196dfb66ded57a4cf99b3a32bb8a25be66a958f3a212da340cb,11,1,,,,,,
v2|S2|overall|tabpfn,overall,S2,tabpfn,9f039c164b3350750246caedb41d66c32632af57c2a19e0055ac459d27a2c63c,8,8,,,,half_model_limit,"{""numpy"":""2.0.2"",""pandas"":""2.3.3"",""scikit-learn"":""1.6.1"",""imbalanced-learn"":""0.14.1"",""xgboost"":""3.2.0"",""lightgbm"":""4.6.0"",""catboost"":""1.2.10"",""optuna"":""4.9.0"",""joblib"":""1.5.3""}",
v2|S2|overall|tabicl,overall,S2,tabicl,1c281c94b12c789b3abd6061aabbebe156b9aa82ff03c5b048ffb50adf6ba7aa,8,9,20260716.0,,,full_or_model_limit,"{""catboost"":""1.2.10"",""imbalanced-learn"":""0.14.1"",""joblib"":""1.5.3"",""lightgbm"":""4.6.0"",""numpy"":""2.0.2"",""optuna"":""4.9.0"",""pandas"":""2.3.3"",""scikit-learn"":""1.6.1"",""xgboost"":""3.2.0""}",
v2|S2|overall|stacking,overall,S2,stacking,6d5e479075b14287b0cbd975324fdc9761cece98c45ff7612e9f177613886242,9,2,,,,,,"[""logistic_l2"",""catboost"",""xgboost"",""lightgbm"",""balanced_random_forest"",""bert_finetuned"",""mlp_plr"",""ft_transformer"",""cnn_1d"",""tabpfn_finetuned"",""tabicl""]"
v2|S3|overall|rSI_sMS,overall,S3,rSI_sMS,ee317ae3ddf4800ad7d4ef69f784a986fe8bffc6913e89d606dc6ecc02e2631d,7,3,20260710.0,,,,"{""numpy"":""2.4.4"",""pandas"":""2.3.3"",""scikit-learn"":""1.8.0"",""imbalanced-learn"":""0.14.2"",""xgboost"":""3.2.0"",""lightgbm"":""4.6.0"",""catboost"":""1.2.10"",""optuna"":""4.9.0"",""joblib"":""1.5.3""}",
v2|S3|overall|logistic_regression,overall,S3,logistic_regression,0578043fc9b4ca3c7bcbd877598878e4379535fb023e0d7df5238291eb8a8fa6,7,3,20260710.0,,,,"{""numpy"":""2.4.4"",""pandas"":""2.3.3"",""scikit-learn"":""1.8.0"",""imbalanced-learn"":""0.14.2"",""xgboost"":""3.2.0"",""lightgbm"":""4.6.0"",""catboost"":""1.2.10"",""optuna"":""4.9.0"",""joblib"":""1.5.3""}",
v2|S3|overall|catboost,overall,S3,catboost,eb3f3cb5f634085ce186b50736f38f7e47fff8b2721a64f3e2cdfd0101ab4100,7,6,,24784.0,,,"{""numpy"":""2.0.2"",""pandas"":""2.3.3"",""scikit-learn"":""1.6.1"",""imbalanced-learn"":""0.14.1"",""xgboost"":""3.2.0"",""lightgbm"":""4.6.0"",""catboost"":""1.2.10"",""optuna"":""4.9.0"",""joblib"":""1.5.3""}",
v2|S3|overall|xgboost,overall,S3,xgboost,eedca2823b66585285a53cc8acc88f099f86bbe0070693d18660f54e237de89d,8,6,,24784.0,,,"{""numpy"":""2.0.2"",""pandas"":""2.3.3"",""scikit-learn"":""1.6.1"",""imbalanced-learn"":""0.14.1"",""xgboost"":""3.2.0"",""lightgbm"":""4.6.0"",""catboost"":""1.2.10"",""optuna"":""4.9.0"",""joblib"":""1.5.3""}",
v2|S3|overall|lightgbm,overall,S3,lightgbm,8082db988bdef12433f8558feb33b8789e923b4fcf8ec0e75097a350852489d1,8,6,,24784.0,,,"{""numpy"":""2.0.2"",""pandas"":""2.3.3"",""scikit-learn"":""1.6.1"",""imbalanced-learn"":""0.14.1"",""xgboost"":""3.2.0"",""lightgbm"":""4.6.0"",""catboost"":""1.2.10"",""optuna"":""4.9.0"",""joblib"":""1.5.3""}",
v2|S3|overall|bert_finetuned,overall,S3,bert_finetuned,c349d9332160a252bc5f8130d62300422d746be82a9fba6086d8e3cce32d0c4d,22,4,20260715.0,,,,,
v2|S3|overall|mlp_plr,overall,S3,mlp_plr,e9710da9cdfbbdc32a708809809226fe42b1ece779dac0e949f1614d84cf5ee6,18,2,20260715.0,,,,,
v2|S3|overall|ft_transformer,overall,S3,ft_transformer,eded06d57718297bcef7ae1352bd864f342299832e3feb2f4c1add96a501e7a3,30,2,20260715.0,,,,,
v2|S3|overall|cnn_1d,overall,S3,cnn_1d,f22194e07fcf6f9be356de042a18ff5749d812900bc74a39da8da3a6c6d0dbb9,11,1,,,,,,
v2|S3|overall|tabpfn,overall,S3,tabpfn,efdc3ab701f05bf5f0ba652f31282c702bb55ce9c31508f9eb6f7d3b12a6bb97,8,8,,,,full_or_model_limit,"{""numpy"":""2.0.2"",""pandas"":""2.3.3"",""scikit-learn"":""1.6.1"",""imbalanced-learn"":""0.14.1"",""xgboost"":""3.2.0"",""lightgbm"":""4.6.0"",""catboost"":""1.2.10"",""optuna"":""4.9.0"",""joblib"":""1.5.3""}",
v2|S3|overall|tabicl,overall,S3,tabicl,9abe0101079f122a2f97b905320a2a7391bef86fba472ae80354954e890b8ecc,10,9,20260716.0,,,full_or_model_limit,"{""numpy"":""2.0.2"",""pandas"":""2.3.3"",""scikit-learn"":""1.6.1"",""imbalanced-learn"":""0.14.1"",""xgboost"":""3.2.0"",""lightgbm"":""4.6.0"",""catboost"":""1.2.10"",""optuna"":""4.9.0"",""joblib"":""1.5.3""}",
v2|S3|overall|stacking,overall,S3,stacking,7b5d537f722067ee0bb835978e95ad42d9a3bf887c84aac5b2d488f5f2092444,9,2,,,,,,"[""logistic_l2"",""catboost"",""xgboost"",""lightgbm"",""balanced_random_forest"",""bert_finetuned"",""mlp_plr"",""ft_transformer"",""cnn_1d"",""tabpfn_finetuned"",""tabicl""]"
v2|S4|overall|rSI_sMS,overall,S4,rSI_sMS,221b4d8eec9abebf0c92b4f9233b1ea46c79c61d1d4fc978d2b2410f3f165765,7,3,20260710.0,,,,"{""numpy"":""2.4.4"",""pandas"":""2.3.3"",""scikit-learn"":""1.8.0"",""imbalanced-learn"":""0.14.2"",""xgboost"":""3.2.0"",""lightgbm"":""4.6.0"",""catboost"":""1.2.10"",""optuna"":""4.9.0"",""joblib"":""1.5.3""}",
v2|S4|overall|logistic_regression,overall,S4,logistic_regression,b0ef40db269b3a0dfb46fa182bc4bbc814b5e3ba19221c81bcce4bdbf01ece08,7,3,20260710.0,,,,"{""numpy"":""2.4.4"",""pandas"":""2.3.3"",""scikit-learn"":""1.8.0"",""imbalanced-learn"":""0.14.2"",""xgboost"":""3.2.0"",""lightgbm"":""4.6.0"",""catboost"":""1.2.10"",""optuna"":""4.9.0"",""joblib"":""1.5.3""}",
v2|S4|overall|catboost,overall,S4,catboost,c618b402ba9e650507dfed8c0e4a98df43a721218cdbb5a23a07031af6c85409,7,6,,24784.0,,,"{""numpy"":""2.0.2"",""pandas"":""2.3.3"",""scikit-learn"":""1.6.1"",""imbalanced-learn"":""0.14.1"",""xgboost"":""3.2.0"",""lightgbm"":""4.6.0"",""catboost"":""1.2.10"",""optuna"":""4.9.0"",""joblib"":""1.5.3""}",
v2|S4|overall|xgboost,overall,S4,xgboost,0e9d3baa3729d39a0833e77fad2d2097fd00a8178868071d2f41d1526b027cac,7,6,,24784.0,,,"{""numpy"":""2.0.2"",""pandas"":""2.3.3"",""scikit-learn"":""1.6.1"",""imbalanced-learn"":""0.14.1"",""xgboost"":""3.2.0"",""lightgbm"":""4.6.0"",""catboost"":""1.2.10"",""optuna"":""4.9.0"",""joblib"":""1.5.3""}",
v2|S4|overall|lightgbm,overall,S4,lightgbm,a3227e5ca50afb6628828f71897168ae801a59f8ef2ed31ce4c4bad1d9641b8c,8,6,,24784.0,,,"{""numpy"":""2.0.2"",""pandas"":""2.3.3"",""scikit-learn"":""1.6.1"",""imbalanced-learn"":""0.14.1"",""xgboost"":""3.2.0"",""lightgbm"":""4.6.0"",""catboost"":""1.2.10"",""optuna"":""4.9.0"",""joblib"":""1.5.3""}",
v2|S4|overall|bert_finetuned,overall,S4,bert_finetuned,3b70a36ecf79d777e704637b9418b100d2498d44709e754e80ee4241da8213d7,22,4,20260715.0,,,,,
v2|S4|overall|mlp_plr,overall,S4,mlp_plr,996d20795c5370582346041504b607ff69063d6a97c4f27722e77d1dc204c2a4,18,2,20260715.0,,,,,
v2|S4|overall|ft_transformer,overall,S4,ft_transformer,40af13ef784801d64fe5ce5c89ded21a95a7190f55547b6217f8df066f1f3aa5,30,2,20260715.0,,,,,
v2|S4|overall|cnn_1d,overall,S4,cnn_1d,14ac5082876b92e746c4e98501a3deeb1c6cbe51b37da7b0f3561d059bc29824,11,1,,,,,,
v2|S4|overall|tabpfn,overall,S4,tabpfn,6a4b0e442f927f934276679facdd546f7cc0863fd7cc151a8bc24304b11640a8,8,8,,,,full_or_model_limit,"{""numpy"":""2.0.2"",""pandas"":""2.3.3"",""scikit-learn"":""1.6.1"",""imbalanced-learn"":""0.14.1"",""xgboost"":""3.2.0"",""lightgbm"":""4.6.0"",""catboost"":""1.2.10"",""optuna"":""4.9.0"",""joblib"":""1.5.3""}",
v2|S4|overall|tabicl,overall,S4,tabicl,3d9ab080a1885d6cf7a1e6fa19f4c166acc58be7d3ad69186b47029f50e80ac9,5,2,,,,,,
v2|S4|overall|stacking,overall,S4,stacking,6b90e6d701591c4ce117a86d7a59993a243e27657f8c44bd84446ece304c128e,9,2,,,,,,"[""logistic_l2"",""catboost"",""xgboost"",""lightgbm"",""balanced_random_forest"",""bert_finetuned"",""mlp_plr"",""ft_transformer"",""cnn_1d"",""tabpfn_finetuned"",""tabicl""]"
v2|S5|overall|rSI_sMS,overall,S5,rSI_sMS,9eb8e1f4ccc1a6bccee2b405f65298028e834f75104194195b1bad81d31f743a,7,3,20260710.0,,,,"{""numpy"":""2.4.4"",""pandas"":""2.3.3"",""scikit-learn"":""1.8.0"",""imbalanced-learn"":""0.14.2"",""xgboost"":""3.2.0"",""lightgbm"":""4.6.0"",""catboost"":""1.2.10"",""optuna"":""4.9.0"",""joblib"":""1.5.3""}",
v2|S5|overall|logistic_regression,overall,S5,logistic_regression,c0c381ee72e5ad65f1a1a8717cce18e5deb14c6113aa4aaa75a076d72a7a4dc1,7,3,20260710.0,,,,"{""numpy"":""2.4.4"",""pandas"":""2.3.3"",""scikit-learn"":""1.8.0"",""imbalanced-learn"":""0.14.2"",""xgboost"":""3.2.0"",""lightgbm"":""4.6.0"",""catboost"":""1.2.10"",""optuna"":""4.9.0"",""joblib"":""1.5.3""}",
v2|S5|overall|catboost,overall,S5,catboost,c84ad3b9ebb1e610c200c0f5862dae51cae7ffbf73caa18fafe32a0660a52d7d,7,6,,24784.0,,,"{""numpy"":""2.0.2"",""pandas"":""2.3.3"",""scikit-learn"":""1.6.1"",""imbalanced-learn"":""0.14.1"",""xgboost"":""3.2.0"",""lightgbm"":""4.6.0"",""catboost"":""1.2.10"",""optuna"":""4.9.0"",""joblib"":""1.5.3""}",
v2|S5|overall|xgboost,overall,S5,xgboost,360fd7b9053471e0a85575ece521086b32e42e6d059289488d52fdcfd3cf32a8,8,6,,24784.0,,,"{""numpy"":""2.0.2"",""pandas"":""2.3.3"",""scikit-learn"":""1.6.1"",""imbalanced-learn"":""0.14.1"",""xgboost"":""3.2.0"",""lightgbm"":""4.6.0"",""catboost"":""1.2.10"",""optuna"":""4.9.0"",""joblib"":""1.5.3""}",
v2|S5|overall|lightgbm,overall,S5,lightgbm,3f1719e7b08ec72aeb6835743dd8b085178c081a8df87f4fbfac6ab7a3233f95,8,6,,24784.0,,,"{""numpy"":""2.0.2"",""pandas"":""2.3.3"",""scikit-learn"":""1.6.1"",""imbalanced-learn"":""0.14.1"",""xgboost"":""3.2.0"",""lightgbm"":""4.6.0"",""catboost"":""1.2.10"",""optuna"":""4.9.0"",""joblib"":""1.5.3""}",
v2|S5|overall|bert_finetuned,overall,S5,bert_finetuned,315a240c097261dd5978775f3e292910a2240ed3177430bbe05326fdc7eca937,22,4,20260715.0,,,,,
v2|S5|overall|mlp_plr,overall,S5,mlp_plr,41335e6cf3abe33c7fac53f302ca972ad6af5f2b239c80db3c69d385e4476f25,18,2,20260715.0,,,,,
v2|S5|overall|ft_transformer,overall,S5,ft_transformer,85bcb983024910a05e32775bb978fd8f854918219a510910ec0f626af16b0d08,30,2,20260715.0,,,,,
v2|S5|overall|cnn_1d,overall,S5,cnn_1d,6c521ec19aa050386070f7c022dc26f5940bb5e6641d53a04b72cea35bf0174a,11,1,,,,,,
v2|S5|overall|tabpfn,overall,S5,tabpfn,13d8e3a3cd240f29edb74ea02e8f6cc9e2298b8f27c074c26d5f12859c68b258,8,8,,,,full_or_model_limit,"{""numpy"":""2.0.2"",""pandas"":""2.3.3"",""scikit-learn"":""1.6.1"",""imbalanced-learn"":""0.14.1"",""xgboost"":""3.2.0"",""lightgbm"":""4.6.0"",""catboost"":""1.2.10"",""optuna"":""4.9.0"",""joblib"":""1.5.3""}",
v2|S5|overall|tabicl,overall,S5,tabicl,e3fa6bee80780f5cfc9b93ccbc9911aa33fbec7bace5b68b29eaa91986155d3f,8,8,,,,half_model_limit,"{""numpy"":""2.0.2"",""pandas"":""2.3.3"",""scikit-learn"":""1.6.1"",""imbalanced-learn"":""0.14.1"",""xgboost"":""3.2.0"",""lightgbm"":""4.6.0"",""catboost"":""1.2.10"",""optuna"":""4.9.0"",""joblib"":""1.5.3""}",
v2|S5|overall|stacking,overall,S5,stacking,df9c8b555c2d226faa7e8aca45b4704423b2ae078c2a7f33b2e1160fee4f5235,9,2,,,,,,"[""logistic_l2"",""catboost"",""xgboost"",""lightgbm"",""balanced_random_forest"",""bert_finetuned"",""mlp_plr"",""ft_transformer"",""cnn_1d"",""tabpfn_finetuned"",""tabicl""]"
v2|S6|overall|rSI_sMS,overall,S6,rSI_sMS,97f2e37c97a7e8fc734ba6358974823cbb90f93a1d8322d4b447c5202c5d765b,7,3,20260710.0,,,,"{""numpy"":""2.4.4"",""pandas"":""2.3.3"",""scikit-learn"":""1.8.0"",""imbalanced-learn"":""0.14.2"",""xgboost"":""3.2.0"",""lightgbm"":""4.6.0"",""catboost"":""1.2.10"",""optuna"":""4.9.0"",""joblib"":""1.5.3""}",
v2|S6|overall|logistic_regression,overall,S6,logistic_regression,83fc0d85a033e5b54b2179bb8d2c70436b8d4a49f85c0b09486ef0ef30282eb4,7,3,20260710.0,,,,"{""numpy"":""2.4.4"",""pandas"":""2.3.3"",""scikit-learn"":""1.8.0"",""imbalanced-learn"":""0.14.2"",""xgboost"":""3.2.0"",""lightgbm"":""4.6.0"",""catboost"":""1.2.10"",""optuna"":""4.9.0"",""joblib"":""1.5.3""}",
v2|S6|overall|catboost,overall,S6,catboost,46b8a1d4f5953f9fd308a084f03f2087c3e9618e880ad33a56de84e0859a46e0,7,6,,24784.0,,,"{""numpy"":""2.0.2"",""pandas"":""2.3.3"",""scikit-learn"":""1.6.1"",""imbalanced-learn"":""0.14.1"",""xgboost"":""3.2.0"",""lightgbm"":""4.6.0"",""catboost"":""1.2.10"",""optuna"":""4.9.0"",""joblib"":""1.5.3""}",
v2|S6|overall|xgboost,overall,S6,xgboost,f88757747ffde35033638b7894ca8c5e1d7decbde0c28c8872a1691c11e1db03,7,6,,24784.0,,,"{""numpy"":""2.0.2"",""pandas"":""2.3.3"",""scikit-learn"":""1.6.1"",""imbalanced-learn"":""0.14.1"",""xgboost"":""3.2.0"",""lightgbm"":""4.6.0"",""catboost"":""1.2.10"",""optuna"":""4.9.0"",""joblib"":""1.5.3""}",
v2|S6|overall|lightgbm,overall,S6,lightgbm,e875628793a5fdc1f95b0e9c0ca9fff0d8e82acdfb0b3930d431fee0c7914809,8,6,,24784.0,,,"{""numpy"":""2.0.2"",""pandas"":""2.3.3"",""scikit-learn"":""1.6.1"",""imbalanced-learn"":""0.14.1"",""xgboost"":""3.2.0"",""lightgbm"":""4.6.0"",""catboost"":""1.2.10"",""optuna"":""4.9.0"",""joblib"":""1.5.3""}",
v2|S6|overall|bert_finetuned,overall,S6,bert_finetuned,cdb1916b5b5b1d28c4932fa48ed430de93438e25331cec927622db88e01dedef,22,4,20260715.0,,,,,
v2|S6|overall|mlp_plr,overall,S6,mlp_plr,07ad8ea5e7cf29dbee83ac3d188338681814fdec077279631a070b832b4a0ce1,18,2,20260715.0,,,,,
v2|S6|overall|ft_transformer,overall,S6,ft_transformer,69a56431f37fc9822d4fce131bb5efe11e644755176b9a72fee3acc1db7f426b,30,2,20260715.0,,,,,
v2|S6|overall|cnn_1d,overall,S6,cnn_1d,73754ea95ed11004a3d122479af9c9c5600791e40739c07900ad40998034944b,11,1,,,,,,
v2|S6|overall|tabpfn,overall,S6,tabpfn,b523f73d48480f28a7cc63ded6ed24abdec3f2bf4fe4f9c21f5baa43503131a4,8,8,,,,full_or_model_limit,"{""numpy"":""2.0.2"",""pandas"":""2.3.3"",""scikit-learn"":""1.6.1"",""imbalanced-learn"":""0.14.1"",""xgboost"":""3.2.0"",""lightgbm"":""4.6.0"",""catboost"":""1.2.10"",""optuna"":""4.9.0"",""joblib"":""1.5.3""}",
v2|S6|overall|tabicl,overall,S6,tabicl,cd1f79dadf15fa498da28f826ef0136cf43fb21dc6e7bf6d6aa8326d775a19ae,10,9,20260716.0,,,full_or_model_limit,"{""numpy"":""2.0.2"",""pandas"":""2.3.3"",""scikit-learn"":""1.6.1"",""imbalanced-learn"":""0.14.1"",""xgboost"":""3.2.0"",""lightgbm"":""4.6.0"",""catboost"":""1.2.10"",""optuna"":""4.9.0"",""joblib"":""1.5.3""}",
v2|S6|overall|stacking,overall,S6,stacking,c4d68bac9d216db470003e17c601acf77afe1dabe172ae722f3db7152227fa50,9,2,,,,,,"[""logistic_l2"",""catboost"",""xgboost"",""lightgbm"",""balanced_random_forest"",""bert_finetuned"",""mlp_plr"",""ft_transformer"",""cnn_1d"",""tabpfn_finetuned"",""tabicl""]"
v3|P1|medicine|bert_finetuned,medicine,P1,bert_finetuned,507392521eb0b6cf983837ce6a6c7ab83fe36d27398865731832d8af83d27c39,1,0,,,,,,
v3|P1|medicine|catboost,medicine,P1,catboost,ada21b9d113537ec69e8c093dd48cbc4eaa48cac7033bab171bfd32ed65581e0,1,0,,,,,,
v3|P1|medicine|cnn_1d,medicine,P1,cnn_1d,d1e9a7298ced207e41a15365f6093ae3e4bbe66e1fc3ea3125c1c5311f2522d5,1,0,,,,,,
v3|P1|medicine|ft_transformer,medicine,P1,ft_transformer,c1d9715cc757919a1443580d60e858241236b75e07706caa27f0f03bf307db22,2,0,,,,,,
v3|P1|medicine|lightgbm,medicine,P1,lightgbm,854e1fb13736c0603b32c16279fb8613aa87dde27aa746e42e3a698cc600d8f8,1,0,,,,,,
v3|P1|medicine|logistic_regression,medicine,P1,logistic_regression,2d4c276714b6d788f2caf8cba95bf36e0434e9f9ef0c160bac1189534714d2f0,1,0,,,,,,
v3|P1|medicine|mlp_plr,medicine,P1,mlp_plr,5ac8defa1b15ed019858cf27e600e44ca8b06289a4cdc4d7cde2177351cc8733,2,0,,,,,,
v3|P1|medicine|rSI_sMS,medicine,P1,rSI_sMS,dfd7a80b4426364a219c29af8d2c84d6e39e3a8ca1bb0df99e0f6e37dbf3a55c,1,0,,,,,,
v3|P1|medicine|stacking,medicine,P1,stacking,5a35ad8166ed08daf0fc5e963ea59a5199d6bf0cd9c948ee0df5bc483456804b,1,3,,,,,,"[""logistic_l2"",""catboost"",""xgboost"",""lightgbm"",""bert_finetuned"",""mlp_plr"",""ft_transformer"",""cnn_1d"",""tabpfn_standard"",""tabicl"",""tabpfn_thinking""]"
v3|P1|medicine|tabicl,medicine,P1,tabicl,cd9cacac6b1b176b41ddd8b58ec3f000925d58cadb9b3de82e37750d6e399ff1,1,5,,,,half_model_limit,,
v3|P1|medicine|tabpfn,medicine,P1,tabpfn,44e9c25dfdcd73ed79be68829fd143f2c8a08001952da8af0b305eda59b3f53e,5,9,20260716.0,,,full_or_model_limit,"{""numpy"":""2.4.4"",""pandas"":""2.3.3"",""scikit-learn"":""1.8.0"",""imbalanced-learn"":""0.14.2"",""xgboost"":""3.2.0"",""lightgbm"":""4.6.0"",""catboost"":""1.2.10"",""optuna"":""4.9.0"",""joblib"":""1.5.3""}",
v3|P1|medicine|xgboost,medicine,P1,xgboost,73334bca3ca5ee8bb9c63c8cec1d8b9ffce6bc27ce8be3668e046dcc6e59cee3,1,0,,,,,,
v3|P2|medicine|bert_finetuned,medicine,P2,bert_finetuned,2c92eb2b6bdc420fd91b3efccc7006e7af0e73428c245c50895b1a9185e738e5,1,0,,,,,,
v3|P2|medicine|catboost,medicine,P2,catboost,38f1805c6aac3f5f15ece608ed49e23d3c89bbb3688dfb943bf8208de7e0ec8a,1,0,,,,,,
v3|P2|medicine|cnn_1d,medicine,P2,cnn_1d,36a201c5afca2df1f54933157074997fc1b17b5a686832734f5176d231de10af,1,0,,,,,,
v3|P2|medicine|ft_transformer,medicine,P2,ft_transformer,fa390e34214d81d8737e6aa00b34fbf221669209cc0e68de0771fd09ffd10e3d,2,0,,,,,,
v3|P2|medicine|lightgbm,medicine,P2,lightgbm,2c0cade4ce1a909ca61989b64d64f6b1438cfc9770690901853a580f4b0648e5,1,0,,,,,,
v3|P2|medicine|logistic_regression,medicine,P2,logistic_regression,029c6eca60fc75f9af4000947cdddc36e0b0ec0ee332e6aa4af603038599031d,1,0,,,,,,
v3|P2|medicine|mlp_plr,medicine,P2,mlp_plr,f1bbde8846d208df846d6e627d941ab501bbc2b4f8c6f41c111302e6455af13a,2,0,,,,,,
v3|P2|medicine|rSI_sMS,medicine,P2,rSI_sMS,0bbf7488528bb80e8f94c14141cb35129c9af89a1826688e340b10bafaf8b26e,1,0,,,,,,
v3|P2|medicine|stacking,medicine,P2,stacking,fdc52a0698e06173d5f80824d951ff815ab4b12889c7047f69ad20b7059cf7d4,1,3,,,,,,"[""logistic_l2"",""catboost"",""xgboost"",""lightgbm"",""bert_finetuned"",""mlp_plr"",""ft_transformer"",""cnn_1d"",""tabpfn_standard"",""tabicl"",""tabpfn_thinking""]"
v3|P2|medicine|tabicl,medicine,P2,tabicl,f9a86772892d0507b201745f21f31a0117d8039b709bddf4595febfa00f19c1e,1,5,,,,half_model_limit,,
v3|P2|medicine|tabpfn,medicine,P2,tabpfn,713b45f80a873c7438f4f6615228ef37ae5695e20761f986f90db77159b41794,5,9,20260716.0,,,full_or_model_limit,"{""numpy"":""2.4.4"",""pandas"":""2.3.3"",""scikit-learn"":""1.8.0"",""imbalanced-learn"":""0.14.2"",""xgboost"":""3.2.0"",""lightgbm"":""4.6.0"",""catboost"":""1.2.10"",""optuna"":""4.9.0"",""joblib"":""1.5.3""}",
v3|P2|medicine|xgboost,medicine,P2,xgboost,5d65287e0f4909d2e16db572772939d7f4bf95ed0a6ce4a231c1eb672775af22,1,0,,,,,,
v3|P3|medicine|bert_finetuned,medicine,P3,bert_finetuned,b2dfbee65f3f609a8a1c0c3ff5179fdac7b90ee9be4302de3d16c0efcc85a438,1,0,,,,,,
v3|P3|medicine|catboost,medicine,P3,catboost,2e271dee6a4bf214c0da421ec5b388c51852e3b019a359f323fd65e05d93c02f,1,0,,,,,,
v3|P3|medicine|cnn_1d,medicine,P3,cnn_1d,96486b4d389bc2a5747f590899733458159d4b123ce7d7f8df57c5a9407c8fee,1,0,,,,,,
v3|P3|medicine|ft_transformer,medicine,P3,ft_transformer,71202325817549c68e722e8af75b2fdbf7f48442f143e8abd741de04f3351cef,2,0,,,,,,
v3|P3|medicine|lightgbm,medicine,P3,lightgbm,2cc28b814f40889ac51e3b768fd9609f0d05353b22c95efc45981aba844afa52,1,0,,,,,,
v3|P3|medicine|logistic_regression,medicine,P3,logistic_regression,fd518893ae944d46c797968ede602c583b2df0d19685d50f23a40546dd4e6993,1,0,,,,,,
v3|P3|medicine|mlp_plr,medicine,P3,mlp_plr,af8dd9c20883b18d3cbaee91d8e1ac7070232e701963c9f712ca61c71451d9c5,2,0,,,,,,
v3|P3|medicine|rSI_sMS,medicine,P3,rSI_sMS,f69a3accbf3c6b0fba97b5344de018e498d55a2927737afe4525250faab6d708,1,0,,,,,,
v3|P3|medicine|stacking,medicine,P3,stacking,0bdd468eee749f2cadf30046fa422b97b59c159a88abec055279bf61c1545ccd,1,3,,,,,,"[""logistic_l2"",""catboost"",""xgboost"",""lightgbm"",""bert_finetuned"",""mlp_plr"",""ft_transformer"",""cnn_1d"",""tabpfn_standard"",""tabicl"",""tabpfn_thinking""]"
v3|P3|medicine|tabicl,medicine,P3,tabicl,ade710e3ef6caeccbefbf719bc30dea43286a575582a6f27a15e89b9973da00b,1,5,,,,half_model_limit,,
v3|P3|medicine|tabpfn,medicine,P3,tabpfn,7ff193d7ea4b20749200154df386e3fb10ae08e3d7cd0ff95c3918ee7642b725,5,9,20260716.0,,,full_or_model_limit,"{""numpy"":""2.4.4"",""pandas"":""2.3.3"",""scikit-learn"":""1.8.0"",""imbalanced-learn"":""0.14.2"",""xgboost"":""3.2.0"",""lightgbm"":""4.6.0"",""catboost"":""1.2.10"",""optuna"":""4.9.0"",""joblib"":""1.5.3""}",
v3|P3|medicine|xgboost,medicine,P3,xgboost,86445b645856fed4e3b0bd0588444879e2d8f9a63cf5a42044f290d5f1d466c2,1,0,,,,,,
v3|S1|medicine|bert_finetuned,medicine,S1,bert_finetuned,f53e71d62e0b86d5aef8ca6a64206e9b0b15872df530747a7162a22e340da2e8,1,0,,,,,,
v3|S1|medicine|catboost,medicine,S1,catboost,0d91ebbf220e6d76aa0d8d50753b7be9545142c9d736382b77b2f9536ebbc091,1,0,,,,,,
v3|S1|medicine|cnn_1d,medicine,S1,cnn_1d,644552cf68b58d781b7b872b77a772db2c6b5670baca1e0784388af660082990,1,0,,,,,,
v3|S1|medicine|ft_transformer,medicine,S1,ft_transformer,911a41d898b4f51bcd1c3fbb69d55fd731ff91b978c5309127aa7a32a78f98ad,2,0,,,,,,
v3|S1|medicine|lightgbm,medicine,S1,lightgbm,6e07523df598187c018ab998289fb1e756fa3663fd4a8b7de54b8970081656f5,1,0,,,,,,
v3|S1|medicine|logistic_regression,medicine,S1,logistic_regression,16e2a2e838e651d517ff8fb53e03063bae80265c7c346a65f29c45bccf44dd44,1,0,,,,,,
v3|S1|medicine|mlp_plr,medicine,S1,mlp_plr,76acabd26fa4e7f4d38d2a636b004e89f6df9f9f151b7e81b036c44461f713a3,2,0,,,,,,
v3|S1|medicine|rSI_sMS,medicine,S1,rSI_sMS,8138bd00b8da7c2600f57ef7c2c66507c8fca91299399d78b5d4ecb7b02797f6,1,0,,,,,,
v3|S1|medicine|stacking,medicine,S1,stacking,477cb66d06492b728e1cea10d8bf943ac25519d24129b03dd413d176d4b3a877,1,3,,,,,,"[""logistic_l2"",""catboost"",""xgboost"",""lightgbm"",""bert_finetuned"",""mlp_plr"",""ft_transformer"",""cnn_1d"",""tabpfn_finetuned"",""tabicl"",""tabpfn_thinking""]"
v3|S1|medicine|tabicl,medicine,S1,tabicl,780da9f5733e6cd554277db52f5e573cd8ad73cc5a007ade2ce93924cee66d8b,1,0,,,,,,
v3|S1|medicine|tabpfn,medicine,S1,tabpfn,a1e2e26824fff61a11544b93285fa2da3333f2451c58846515faf1eb4f05e2ba,6,9,,,,full_or_model_limit,"{""numpy"":""2.0.2"",""pandas"":""2.3.3"",""scikit-learn"":""1.6.1"",""imbalanced-learn"":""0.14.1"",""xgboost"":""3.2.0"",""lightgbm"":""4.6.0"",""catboost"":""1.2.10"",""optuna"":""4.9.0"",""joblib"":""1.5.3""}",
v3|S1|medicine|xgboost,medicine,S1,xgboost,09d58befb512c1379b6781ec5c39e70217a7e5b07ed825730e45f23160ace4ee,1,0,,,,,,
v3|S2|medicine|bert_finetuned,medicine,S2,bert_finetuned,edf7698a37ed2d1c7247f0a920d049b4c2bd2387510a4ca70711307900247723,1,0,,,,,,
v3|S2|medicine|catboost,medicine,S2,catboost,e1ae810b320a6734c7e2f89162388b1d6afbba0756d032057f957ab32725d027,1,0,,,,,,
v3|S2|medicine|cnn_1d,medicine,S2,cnn_1d,8352507d607f96fa93ef062d2eafc4130b6a20627394128aac63bcbaf4235d5a,1,0,,,,,,
v3|S2|medicine|ft_transformer,medicine,S2,ft_transformer,b43b30f1295ac1906ed0cf97ab887e5bf6577c1e1eabf9f62fd8eefe8c0739d6,2,0,,,,,,
v3|S2|medicine|lightgbm,medicine,S2,lightgbm,90dbe26928d5547aa6de0a2b9740142e034372977fc526a2af061dd99862a7ed,1,0,,,,,,
v3|S2|medicine|logistic_regression,medicine,S2,logistic_regression,2a9761f67af24bd561183574f172604b0943cbf900ae005a1944e863e2ec5a24,1,0,,,,,,
v3|S2|medicine|mlp_plr,medicine,S2,mlp_plr,c9ff8df4ad3471cf1b8622ba0df8009e3d03de85dc99184135f5163fdfe9df5b,2,0,,,,,,
v3|S2|medicine|rSI_sMS,medicine,S2,rSI_sMS,79a0c0f1e9f3c2b242a42b153f03ebe406195d3fe5d4edd7ac4b7ae67456327b,1,0,,,,,,
v3|S2|medicine|stacking,medicine,S2,stacking,816d7dcbe70b51c011b13d4e6c7579b0ca625b9f931e71b39ed95ed552c6538f,1,3,,,,,,"[""logistic_l2"",""catboost"",""xgboost"",""lightgbm"",""bert_finetuned"",""mlp_plr"",""ft_transformer"",""cnn_1d"",""tabpfn_finetuned"",""tabicl"",""tabpfn_thinking""]"
v3|S2|medicine|tabicl,medicine,S2,tabicl,2461e09fc3633dee85a95a7911c1925860ece1aa46f56f4a5603234a50232f30,1,0,,,,,,
v3|S2|medicine|tabpfn,medicine,S2,tabpfn,02bcd8948bfa04a0a470ad07845e38525a76f672cff5d6f305f2c4bd96a567ae,6,9,,,,half_model_limit,"{""numpy"":""2.0.2"",""pandas"":""2.3.3"",""scikit-learn"":""1.6.1"",""imbalanced-learn"":""0.14.1"",""xgboost"":""3.2.0"",""lightgbm"":""4.6.0"",""catboost"":""1.2.10"",""optuna"":""4.9.0"",""joblib"":""1.5.3""}",
v3|S2|medicine|xgboost,medicine,S2,xgboost,320bae3223986586dc1bf0b1c75068eb9b137aa30d83f8ec878ca0f5a5bd8537,1,0,,,,,,
v3|S3|medicine|bert_finetuned,medicine,S3,bert_finetuned,ea5f0ed3aa1566e96c3c5b64fd7be2e00128917707016382906e6755122c39d8,1,0,,,,,,
v3|S3|medicine|catboost,medicine,S3,catboost,4e8cd783b8a05f09b1687a2e38363b9a0e4005a33220fceaa1c93a30ae30ae64,1,0,,,,,,
v3|S3|medicine|cnn_1d,medicine,S3,cnn_1d,ee78976df717d684ac3f743c54d3e3ba457ff2900d9b040dbb834af06531fc01,1,0,,,,,,
v3|S3|medicine|ft_transformer,medicine,S3,ft_transformer,f6842271eaf6cd69e993cd91ce8371440d52e1cd1501937ed39b874e80f9db2c,2,0,,,,,,
v3|S3|medicine|lightgbm,medicine,S3,lightgbm,54db82fbc17bd5fd7a0a537a1380fb33378412a0377b91c8a7203d2c57d62a22,1,0,,,,,,
v3|S3|medicine|logistic_regression,medicine,S3,logistic_regression,0539c49f13daff8c9fca06033391274ea6d5c7aae3ca2330b9d453a0371ad10a,1,0,,,,,,
v3|S3|medicine|mlp_plr,medicine,S3,mlp_plr,79648db97a43df1f0aa39f75b02676e7dc69273f4794e2ac6bff4866fa21cc65,2,0,,,,,,
v3|S3|medicine|rSI_sMS,medicine,S3,rSI_sMS,c6f09bf404976b78bea5128c09d07d6b5b4f14bf2e5aaca22be470194d93a0d8,1,0,,,,,,
v3|S3|medicine|stacking,medicine,S3,stacking,638653a748093799d168976aa821f82f8f47f2c723b38d416bb5f9461feb204f,1,3,,,,,,"[""logistic_l2"",""catboost"",""xgboost"",""lightgbm"",""bert_finetuned"",""mlp_plr"",""ft_transformer"",""cnn_1d"",""tabpfn_finetuned"",""tabicl"",""tabpfn_thinking""]"
v3|S3|medicine|tabicl,medicine,S3,tabicl,ba7a069982fe1987fbe3a8f1ee27c6e778c7ad91fbf962a930f6f1e436cea012,1,0,,,,,,
v3|S3|medicine|tabpfn,medicine,S3,tabpfn,ea11ab7baa321b9a28986b4a8df1f539b15359322cbe4e538fa315c5a97376e3,6,9,,,,full_or_model_limit,"{""numpy"":""2.0.2"",""pandas"":""2.3.3"",""scikit-learn"":""1.6.1"",""imbalanced-learn"":""0.14.1"",""xgboost"":""3.2.0"",""lightgbm"":""4.6.0"",""catboost"":""1.2.10"",""optuna"":""4.9.0"",""joblib"":""1.5.3""}",
v3|S3|medicine|xgboost,medicine,S3,xgboost,d927725ef526b128e1f5e78f8fa7d47df5d355ea1cb2ed08200cc9f0413f9dd7,1,0,,,,,,
v3|S4|medicine|bert_finetuned,medicine,S4,bert_finetuned,e920a54c1f4b9ed20aaef26a6a80afc5a6a6dab42df0068fa03d2ce24802b1f8,1,0,,,,,,
v3|S4|medicine|catboost,medicine,S4,catboost,b1e8921b2736fe1bbfc163c325ed0f73b13201193ac4d4acb2ae0fc87d7c2102,1,0,,,,,,
v3|S4|medicine|cnn_1d,medicine,S4,cnn_1d,e3e37e18f7ff3f1852b97dbbd6a2de5759a6de1d3f4b51ecfe7d060cec5e61ff,1,0,,,,,,
v3|S4|medicine|ft_transformer,medicine,S4,ft_transformer,f0e695fbb8839b40a52ae71fefed1750ab2669e2f02e6c2c4bf6e7a1c4c7a163,2,0,,,,,,
v3|S4|medicine|lightgbm,medicine,S4,lightgbm,847088202a03c24fb57ff459b6ce683222fc3790e578904859d8147a31046fda,1,0,,,,,,
v3|S4|medicine|logistic_regression,medicine,S4,logistic_regression,34209c4266db4516a30b24fe532e2f1ac1abef10192db71d19f8b2a767cab915,1,0,,,,,,
v3|S4|medicine|mlp_plr,medicine,S4,mlp_plr,efaa27b318a8d3afa211e54e3c9e5d9a108f03570608cc96d0d24eea2e357dfe,2,0,,,,,,
v3|S4|medicine|rSI_sMS,medicine,S4,rSI_sMS,b9d8b004393593087b3eafd0908a997188b985f630569625452673685233c332,1,0,,,,,,
v3|S4|medicine|stacking,medicine,S4,stacking,cd26c3a837f4d0a259641975f64a51dce0d308b4e6a04239769f7a76f44b0b34,1,3,,,,,,"[""logistic_l2"",""catboost"",""xgboost"",""lightgbm"",""bert_finetuned"",""mlp_plr"",""ft_transformer"",""cnn_1d"",""tabpfn_finetuned"",""tabicl"",""tabpfn_thinking""]"
v3|S4|medicine|tabicl,medicine,S4,tabicl,5ca956de9f78efa3d1106a158d51da19350b9a2dd4cd8c970c4d3d9e4fd188cb,1,0,,,,,,
v3|S4|medicine|tabpfn,medicine,S4,tabpfn,6ae3f29fbf3c47a82a28c80750c633e3fdde6603fb644d24b8d4be82e5d1181e,6,9,,,,full_or_model_limit,"{""numpy"":""2.0.2"",""pandas"":""2.3.3"",""scikit-learn"":""1.6.1"",""imbalanced-learn"":""0.14.1"",""xgboost"":""3.2.0"",""lightgbm"":""4.6.0"",""catboost"":""1.2.10"",""optuna"":""4.9.0"",""joblib"":""1.5.3""}",
v3|S4|medicine|xgboost,medicine,S4,xgboost,269265d76547d2cc3abb68c7891558ac2d15d646a7e29cdf61718c82f63007fe,1,0,,,,,,
v3|S5|medicine|bert_finetuned,medicine,S5,bert_finetuned,840e56c56d5302e65b7685cc7e2e3325b40b8c35918cbbcaaf6343a90c9f6c06,1,0,,,,,,
v3|S5|medicine|catboost,medicine,S5,catboost,0e0ca3194d4a85c9d4ffd2e79736598e04494c68e30af31076fead2cfe3f0da3,1,0,,,,,,
v3|S5|medicine|cnn_1d,medicine,S5,cnn_1d,e245a84b4a17beee0fed24d99d45a625c02bfdf493392f799a42d52239f5d36f,1,0,,,,,,
v3|S5|medicine|ft_transformer,medicine,S5,ft_transformer,41901e9364c462db8a6a460e3aa04af075142affe643fffd194bbab5b477b71e,2,0,,,,,,
v3|S5|medicine|lightgbm,medicine,S5,lightgbm,27b29a66ae9868a0713f12fe9e5be9a7a41813d69defed2d574de80138c0f8b5,1,0,,,,,,
v3|S5|medicine|logistic_regression,medicine,S5,logistic_regression,87682fb8fb0eabcede49f2cf2ccef75030825a0148ddd54b77ac90a5f419f322,1,0,,,,,,
v3|S5|medicine|mlp_plr,medicine,S5,mlp_plr,d895d289f63b2ce5622b0bc7f7610b1f49bbacc666193d196ed8207221a3eb67,2,0,,,,,,
v3|S5|medicine|rSI_sMS,medicine,S5,rSI_sMS,415be2ada067565f2af4614f44a3fb21e91480e1b005667216a8419bb6f5123b,1,0,,,,,,
v3|S5|medicine|stacking,medicine,S5,stacking,478899ce69688000c6f0726ad90a58e0a69e48bea1074af8a1186e7c59ac08e4,1,3,,,,,,"[""logistic_l2"",""catboost"",""xgboost"",""lightgbm"",""bert_finetuned"",""mlp_plr"",""ft_transformer"",""cnn_1d"",""tabpfn_finetuned"",""tabicl"",""tabpfn_thinking""]"
v3|S5|medicine|tabicl,medicine,S5,tabicl,81569c11b337852cf108cd367035182f975fd080a7a792fdc869b235975d6f13,1,0,,,,,,
v3|S5|medicine|tabpfn,medicine,S5,tabpfn,a1d0b043d06b1263f89603fc7d5c12d475ec05242032438b03afbfc344b06f66,6,9,,,,full_or_model_limit,"{""numpy"":""2.0.2"",""pandas"":""2.3.3"",""scikit-learn"":""1.6.1"",""imbalanced-learn"":""0.14.1"",""xgboost"":""3.2.0"",""lightgbm"":""4.6.0"",""catboost"":""1.2.10"",""optuna"":""4.9.0"",""joblib"":""1.5.3""}",
v3|S5|medicine|xgboost,medicine,S5,xgboost,f4030dc007cfa604ba8792c523c14130f313fa50486d512fbbc3f3e9c62e1561,1,0,,,,,,
v3|S6|medicine|bert_finetuned,medicine,S6,bert_finetuned,f268a13e927e2ddcb3d88b5ca32022fe1b3e0925d40e13d7078f220b5f0d79fc,1,0,,,,,,
v3|S6|medicine|catboost,medicine,S6,catboost,44d5d5f81895d01ef631695bff4e91a0bd7513a81c597bee37db457c84f88fea,1,0,,,,,,
v3|S6|medicine|cnn_1d,medicine,S6,cnn_1d,7b8860c8a5cbf49f358a6a0066bc5046bf4b17e2c52fc49e6328ff5a3f65077f,1,0,,,,,,
v3|S6|medicine|ft_transformer,medicine,S6,ft_transformer,2c56bb0f198da8432262152a8266b28a708976071d1f2fc6ed86c2f73fca0926,2,0,,,,,,
v3|S6|medicine|lightgbm,medicine,S6,lightgbm,cf12d71c2a2d9328a9a323235882484fcf77d99caf33bdd0cc3d7f9efb6fc5a9,1,0,,,,,,
v3|S6|medicine|logistic_regression,medicine,S6,logistic_regression,b28d98065f42bef4c711f21678a6100dad89ac001df6c7e04bf193bc347010a2,1,0,,,,,,
v3|S6|medicine|mlp_plr,medicine,S6,mlp_plr,f36c30be17ef41dae38febbf2c9656af20b1eff54b3d9e84c2924a994b2d7a73,2,0,,,,,,
v3|S6|medicine|rSI_sMS,medicine,S6,rSI_sMS,482a056da604da95813f4cdf58fd4bf880018de0cb2beb84e24c7834d7f132a4,1,0,,,,,,
v3|S6|medicine|stacking,medicine,S6,stacking,692bc773c458dcc556e06ea990c3311cf99512cf390cfc97f74ea8c30e026377,1,3,,,,,,"[""logistic_l2"",""catboost"",""xgboost"",""lightgbm"",""bert_finetuned"",""mlp_plr"",""ft_transformer"",""cnn_1d"",""tabpfn_finetuned"",""tabicl"",""tabpfn_thinking""]"
v3|S6|medicine|tabicl,medicine,S6,tabicl,0335b44b3dbd59bc0d9fdb5a6edecf39fc0c82f8b211151522a815f448aa4361,1,0,,,,,,
v3|S6|medicine|tabpfn,medicine,S6,tabpfn,5fbb56d529c6002630a3707567456ad0a2148a9910ab4645181413aefd81297f,6,9,,,,full_or_model_limit,"{""numpy"":""2.0.2"",""pandas"":""2.3.3"",""scikit-learn"":""1.6.1"",""imbalanced-learn"":""0.14.1"",""xgboost"":""3.2.0"",""lightgbm"":""4.6.0"",""catboost"":""1.2.10"",""optuna"":""4.9.0"",""joblib"":""1.5.3""}",
v3|S6|medicine|xgboost,medicine,S6,xgboost,3f81ba8294de8461fbb9026dab499ce7019e60fa41df3e1ce508ea5297459a97,1,0,,,,,,
v3|P1|surgery|bert_finetuned,surgery,P1,bert_finetuned,59e756c07424859ae724e064ddf951b132668c927eee5a9e994b8edc480fb133,1,0,,,,,,
v3|P1|surgery|catboost,surgery,P1,catboost,24a13793ad055dd42f7b34f5a3f249a2f4b5444f1c20282c58698240642d3170,1,0,,,,,,
v3|P1|surgery|cnn_1d,surgery,P1,cnn_1d,911ad6b7f4b547a1459dd7cbe092e71245dfb17a0c445af11660e9c809c2c86a,1,0,,,,,,
v3|P1|surgery|ft_transformer,surgery,P1,ft_transformer,0f8cdd30a4779507e9e3fdb7986650c910e233ec543ce2b38e9f534cedd2a950,1,0,,,,,,
v3|P1|surgery|lightgbm,surgery,P1,lightgbm,2d3e9fa9c4e99691e4f4c08b457cd1e0c926aee531e738fbc33ed6f0f00d7100,1,0,,,,,,
v3|P1|surgery|logistic_regression,surgery,P1,logistic_regression,5bcbfb4ac20bf20b66ebf4714d848feb3e0d1884e6f0b40962fabf8adfdd5837,1,0,,,,,,
v3|P1|surgery|mlp_plr,surgery,P1,mlp_plr,3262eaba0570fd83772397ef33721dd6b8df0b4d0e00d8c2cc7dd661231e7bea,1,0,,,,,,
v3|P1|surgery|rSI_sMS,surgery,P1,rSI_sMS,4ad4bcf2bb193b2161d7f9e0f2b3b851ddb845bd152840cd129e0255fb50616d,1,0,,,,,,
v3|P1|surgery|stacking,surgery,P1,stacking,85c332163b33eef732a34eb19330b69f29b8afc83351e16f1386eb66ada3cb1f,1,3,,,,,,"[""logistic_l2"",""catboost"",""xgboost"",""lightgbm"",""balanced_random_forest"",""bert_finetuned"",""mlp_plr"",""ft_transformer"",""cnn_1d"",""tabpfn_standard"",""tabicl"",""tabpfn_thinking""]"
v3|P1|surgery|tabicl,surgery,P1,tabicl,a61ab1dbdf83a903f2630af52c2a41594ebb3c9285553175527fb907e693a578,1,0,,,,,,
v3|P1|surgery|tabpfn,surgery,P1,tabpfn,9a9f5bd75abcc5c8ecdb6f5f258417df24ac4bc00180f16a0a6a781254d8789e,5,9,20260716.0,,,full_or_model_limit,"{""numpy"":""2.4.4"",""pandas"":""2.3.3"",""scikit-learn"":""1.8.0"",""imbalanced-learn"":""0.14.2"",""xgboost"":""3.2.0"",""lightgbm"":""4.6.0"",""catboost"":""1.2.10"",""optuna"":""4.9.0"",""joblib"":""1.5.3""}",
v3|P1|surgery|xgboost,surgery,P1,xgboost,17788638188fd87855e97c9700a67e3005e084ec65df67d2f0b8d46604a8d29b,1,0,,,,,,
v3|P2|surgery|bert_finetuned,surgery,P2,bert_finetuned,d8f1813d00973d0e67d40c27d5e23ef59c3563466fdf47932371e0a5e1237c91,1,0,,,,,,
v3|P2|surgery|catboost,surgery,P2,catboost,1a1f89986509c09e365e2dfb1def2cb55e86539a2b1b72e65e7d7a68fd5f764d,1,0,,,,,,
v3|P2|surgery|cnn_1d,surgery,P2,cnn_1d,86f8f680a1206f99d238fd2ce4320eb2406467abf1f5ce809f969958632a3079,1,0,,,,,,
v3|P2|surgery|ft_transformer,surgery,P2,ft_transformer,f720851cd804afeb6f7f260f90dde7a1af3dbce1466fa098bface7004dcc30a5,1,0,,,,,,
v3|P2|surgery|lightgbm,surgery,P2,lightgbm,3216a4322ef1f2db4f7ac49383e40f8b40eab6404fc3c67ffcd69f294b7a3c5b,1,0,,,,,,
v3|P2|surgery|logistic_regression,surgery,P2,logistic_regression,195a88613a940157ad920f9ba8d4b2740dd7ebee9cbe7778bd9d034f84189e09,1,0,,,,,,
v3|P2|surgery|mlp_plr,surgery,P2,mlp_plr,9321c58e33d5b961a1d9224fa99eb0a514cf88fd369996828a8c4232d44a03b0,1,0,,,,,,
v3|P2|surgery|rSI_sMS,surgery,P2,rSI_sMS,1a28293475813010bef432a61462f05e2e838b856d960a444a3b026056e8ee43,1,0,,,,,,
v3|P2|surgery|stacking,surgery,P2,stacking,fad471dd92f88dcfa3fb79fdfff34504425eb4fcd55513996c42ce315022f179,1,3,,,,,,"[""logistic_l2"",""catboost"",""xgboost"",""lightgbm"",""balanced_random_forest"",""bert_finetuned"",""mlp_plr"",""ft_transformer"",""cnn_1d"",""tabpfn_standard"",""tabicl"",""tabpfn_thinking""]"
v3|P2|surgery|tabicl,surgery,P2,tabicl,fcd5879f444c988805f830bea830f48925c6e49918034f10ca66d69808f74cfd,1,0,,,,,,
v3|P2|surgery|tabpfn,surgery,P2,tabpfn,f1bd439d70243e9a587e95bac648d61ccb27b2375d8edd853975fa355c592d11,5,9,20260716.0,,,full_or_model_limit,"{""numpy"":""2.4.4"",""pandas"":""2.3.3"",""scikit-learn"":""1.8.0"",""imbalanced-learn"":""0.14.2"",""xgboost"":""3.2.0"",""lightgbm"":""4.6.0"",""catboost"":""1.2.10"",""optuna"":""4.9.0"",""joblib"":""1.5.3""}",
v3|P2|surgery|xgboost,surgery,P2,xgboost,b66e6fa8b2b9c23a4a143e4611475ffd8095f1de114a6ff0624eb7f80a68723a,1,0,,,,,,
v3|P3|surgery|bert_finetuned,surgery,P3,bert_finetuned,96170d732d981f42792c7f80200826b8846c3048b9e0c5952532c3db2084a957,1,0,,,,,,
v3|P3|surgery|catboost,surgery,P3,catboost,dcdf8cbda83ed1a9c17245f2364ba80537918d1874c9a4a0007adacdf24fed4c,1,0,,,,,,
v3|P3|surgery|cnn_1d,surgery,P3,cnn_1d,249eef80bf1823493d193d1e5ebe6e56f2ba5ecd0392f79599e01c775cab0830,1,0,,,,,,
v3|P3|surgery|ft_transformer,surgery,P3,ft_transformer,5bdb7cf53b8f064b70890b01c788da38c63cabd0d27cb32df46b6943791f906f,1,0,,,,,,
v3|P3|surgery|lightgbm,surgery,P3,lightgbm,4eea43602c5ad23e66bf6b365ce7cdc3eb89ceb0bedd5eabbbcbbb44cb0ef7cc,1,0,,,,,,
v3|P3|surgery|logistic_regression,surgery,P3,logistic_regression,5cc3bb966cc0ae5cea07efab721c66a28dbffa8c912ed3e9eaff58a834e2c085,1,0,,,,,,
v3|P3|surgery|mlp_plr,surgery,P3,mlp_plr,40e9d1e0b740cf8de513a48b19f76e25d5bc2836f637ba58c302c8a05ae4a98d,1,0,,,,,,
v3|P3|surgery|rSI_sMS,surgery,P3,rSI_sMS,15e8b3c246deb67c26811a26af0b3ff73c105c19453132a713c5036df200da6a,1,0,,,,,,
v3|P3|surgery|stacking,surgery,P3,stacking,ebaa14c111cd89fb3722c50ebde8c322097a959b39c4e8a6f652a50b86e64920,1,3,,,,,,"[""logistic_l2"",""catboost"",""xgboost"",""lightgbm"",""balanced_random_forest"",""bert_finetuned"",""mlp_plr"",""ft_transformer"",""cnn_1d"",""tabpfn_standard"",""tabicl"",""tabpfn_thinking""]"
v3|P3|surgery|tabicl,surgery,P3,tabicl,10d1fc457baa8d18e03328ac97266cf87f03862aefd9695124f6c1e72cd9fc9f,1,0,,,,,,
v3|P3|surgery|tabpfn,surgery,P3,tabpfn,a4739e9af1eab7dae909a8b869daf52ae91b97e0ada2bc71ddec1a7014be3ca3,5,9,20260716.0,,,full_or_model_limit,"{""numpy"":""2.4.4"",""pandas"":""2.3.3"",""scikit-learn"":""1.8.0"",""imbalanced-learn"":""0.14.2"",""xgboost"":""3.2.0"",""lightgbm"":""4.6.0"",""catboost"":""1.2.10"",""optuna"":""4.9.0"",""joblib"":""1.5.3""}",
v3|P3|surgery|xgboost,surgery,P3,xgboost,ae5d5d5b50e5e2dbc43ddcfa764095dc2452d2a49116986cb454f2319ab339dd,1,0,,,,,,
v3|S1|surgery|bert_finetuned,surgery,S1,bert_finetuned,dac78a3a730d71e7ef7bb403b55c55cbac296fb8cf52407370b83206148eaf3b,1,0,,,,,,
v3|S1|surgery|catboost,surgery,S1,catboost,1842d7c8863f673f05757098d18e1318751cbac874addfe21657362e27c15cf2,1,0,,,,,,
v3|S1|surgery|cnn_1d,surgery,S1,cnn_1d,afaac84fd2d7549e16dc35f132212562a896bcf53af17432f408eba2ea3096b6,1,0,,,,,,
v3|S1|surgery|ft_transformer,surgery,S1,ft_transformer,f3e1f27a69da09e41859b989add7317d037b4bea427702c16cd9aa636cf62b34,2,0,,,,,,
v3|S1|surgery|lightgbm,surgery,S1,lightgbm,b253259da4568502aeb2cf5a0bb2daef8635a15ff0370f0111ce93c1977db207,1,0,,,,,,
v3|S1|surgery|logistic_regression,surgery,S1,logistic_regression,e8b8e28378771140d6a8dbe680cb08dfe10397bd269c1a306a51f47b2bac6713,1,0,,,,,,
v3|S1|surgery|mlp_plr,surgery,S1,mlp_plr,8cc26e8896fe51725c2279dcfe12885706f9d143fe2e76e0ca4ce3a9949f4301,2,0,,,,,,
v3|S1|surgery|rSI_sMS,surgery,S1,rSI_sMS,c32cfaa1fa7606b6910e2c8c59bd5b3e53f4b3d1dd1278bde2f73be29bb946ee,1,0,,,,,,
v3|S1|surgery|stacking,surgery,S1,stacking,f2c15cb1b65f142d73e4cdd178b0991e7c39f4c364e9007fd60ac974bd10a4a2,1,3,,,,,,"[""logistic_l2"",""catboost"",""xgboost"",""lightgbm"",""bert_finetuned"",""mlp_plr"",""ft_transformer"",""cnn_1d"",""tabpfn_finetuned"",""tabicl"",""tabpfn_thinking""]"
v3|S1|surgery|tabicl,surgery,S1,tabicl,c68aa7e4847bff190184bd00852b1253ae9deff1ad1a8372e4a9ad25e5dc0aff,1,0,,,,,,
v3|S1|surgery|tabpfn,surgery,S1,tabpfn,0c912328c5f73110fc99385ccb497cf735fe3c7778ccf7c40c8084ea898ff128,6,9,,,,full_or_model_limit,"{""numpy"":""2.0.2"",""pandas"":""2.3.3"",""scikit-learn"":""1.6.1"",""imbalanced-learn"":""0.14.1"",""xgboost"":""3.2.0"",""lightgbm"":""4.6.0"",""catboost"":""1.2.10"",""optuna"":""4.9.0"",""joblib"":""1.5.3""}",
v3|S1|surgery|xgboost,surgery,S1,xgboost,5eb81a2e8f688215ab0de284c65d9713aed447c62a17d385c8b593a7bdb0fb1d,1,0,,,,,,
v3|S2|surgery|bert_finetuned,surgery,S2,bert_finetuned,04bd5a491c9e208ab5ab7747cb1ecdab76d75b3828d6bc6cd64c69f3605a22a4,3,0,,,,,,
v3|S2|surgery|catboost,surgery,S2,catboost,b2cbd1cb7e93de0e92ae581186268bfc0f5d01b7f26fa18120e71b061bec2e24,1,0,,,,,,
v3|S2|surgery|cnn_1d,surgery,S2,cnn_1d,70b0d940b695ea09992827589d8b4793745bfaa939ced001c8f211707d2b1eae,1,0,,,,,,
v3|S2|surgery|ft_transformer,surgery,S2,ft_transformer,08636cd648b23cf4a2143f0e44d5594bc56a6bc5713fda20d6c199dd23d63f03,2,0,,,,,,
v3|S2|surgery|lightgbm,surgery,S2,lightgbm,199fd2fffdb3bf0506f917fbfcb716126e4d750d9cb2cfee2c125e1404b542d4,1,0,,,,,,
v3|S2|surgery|logistic_regression,surgery,S2,logistic_regression,0204ee0da20deaa956d015efa74cc63a26d8b1f5731f4e50c400e706cb0dd320,1,0,,,,,,
v3|S2|surgery|mlp_plr,surgery,S2,mlp_plr,d8f9563dc9025fbe81e518f1b1c0d11c0f4ddf4acef8ab0cc919986fc63be421,2,0,,,,,,
v3|S2|surgery|rSI_sMS,surgery,S2,rSI_sMS,ecde0df2d2ac0a024027d0d3f4828c502de0bceca145b8184446e60f32c4fbce,1,0,,,,,,
v3|S2|surgery|stacking,surgery,S2,stacking,2cfa2d0de837266d3d57a3be950784859dfa9c24dc95ed809b645883f771f6cd,1,3,,,,,,"[""logistic_l2"",""catboost"",""xgboost"",""lightgbm"",""bert_finetuned"",""mlp_plr"",""ft_transformer"",""cnn_1d"",""tabpfn_finetuned"",""tabicl"",""tabpfn_thinking""]"
v3|S2|surgery|tabicl,surgery,S2,tabicl,b911d0dd9a87158139f63acb3a2584b92b9a1853362cf67af1c9777a95f016a2,1,0,,,,,,
v3|S2|surgery|tabpfn,surgery,S2,tabpfn,f0e4fc9d8ebb850136e73c910017fc1d1e5e22efb60445b691bfcacee00d43bd,6,9,,,,half_model_limit,"{""numpy"":""2.0.2"",""pandas"":""2.3.3"",""scikit-learn"":""1.6.1"",""imbalanced-learn"":""0.14.1"",""xgboost"":""3.2.0"",""lightgbm"":""4.6.0"",""catboost"":""1.2.10"",""optuna"":""4.9.0"",""joblib"":""1.5.3""}",
v3|S2|surgery|xgboost,surgery,S2,xgboost,a9d85eb1963f61082d1e65e497c696f43ba1138c19ab049006373abbddf252b7,1,0,,,,,,
v3|S3|surgery|bert_finetuned,surgery,S3,bert_finetuned,789101dd2e351d2e4005dcba9d7508a26f1449f800c71bea47e6a2ad43ce408b,1,0,,,,,,
v3|S3|surgery|catboost,surgery,S3,catboost,4ae7c279c28227057ee4f44612112f82e4a0bc85f4bcb360125c48b6f908d526,1,0,,,,,,
v3|S3|surgery|cnn_1d,surgery,S3,cnn_1d,1dc4620d421031128d9824c185900a31fe5a374f3fbc0377600cd8b570e49116,1,0,,,,,,
v3|S3|surgery|ft_transformer,surgery,S3,ft_transformer,d1d55a5fd8ca4f104d302e522337f4745b9e1ff6c3bd05e650a55e36a8c88c53,2,0,,,,,,
v3|S3|surgery|lightgbm,surgery,S3,lightgbm,5770bdcc94ec17f2eeb5909194593ec9d48daec415fa49f371daa6ec364f5b66,1,0,,,,,,
v3|S3|surgery|logistic_regression,surgery,S3,logistic_regression,63323f362140b1671adc6f5c6c9110132f5fcc96358255a9af67b881f12d4bfd,1,0,,,,,,
v3|S3|surgery|mlp_plr,surgery,S3,mlp_plr,67baec7ba6db74b50c9807191c7157df80849dfdce171bd8b67b4f51a33474c4,2,0,,,,,,
v3|S3|surgery|rSI_sMS,surgery,S3,rSI_sMS,cf8637c2e8157bf4e889300d5a4829f0657b83c4467e81321aa5d43526cac20e,1,0,,,,,,
v3|S3|surgery|stacking,surgery,S3,stacking,776f0b37671f271f7fb19da42e9ca055052d634bbab9a3c88ff99f43b618b745,1,3,,,,,,"[""logistic_l2"",""catboost"",""xgboost"",""lightgbm"",""bert_finetuned"",""mlp_plr"",""ft_transformer"",""cnn_1d"",""tabpfn_finetuned"",""tabicl"",""tabpfn_thinking""]"
v3|S3|surgery|tabicl,surgery,S3,tabicl,edfbeba66ac4894adc2c1910b0b8921768f67979485eddc0116bd79d270d5823,1,0,,,,,,
v3|S3|surgery|tabpfn,surgery,S3,tabpfn,98e772b25a68353f8fbf710828b318380a76b195810e70e56786691c91449979,6,9,,,,full_or_model_limit,"{""numpy"":""2.0.2"",""pandas"":""2.3.3"",""scikit-learn"":""1.6.1"",""imbalanced-learn"":""0.14.1"",""xgboost"":""3.2.0"",""lightgbm"":""4.6.0"",""catboost"":""1.2.10"",""optuna"":""4.9.0"",""joblib"":""1.5.3""}",
v3|S3|surgery|xgboost,surgery,S3,xgboost,2a57c2a9182653225bc193732de62fb25de979944a79a568aeb32bf836ff9101,1,0,,,,,,
v3|S4|surgery|bert_finetuned,surgery,S4,bert_finetuned,c573f8efd891373a49a42786283eadf25e28d03c9acc59530251527eea713ff8,1,0,,,,,,
v3|S4|surgery|catboost,surgery,S4,catboost,9ccfeb7fa24ab2622e3783f9f847bec3646142791d02200644e8231d5ec66f95,1,0,,,,,,
v3|S4|surgery|cnn_1d,surgery,S4,cnn_1d,f2df7a5ddd30fd090c713633049d0b946aa60bac228b5bfd57a9f9061e038034,1,0,,,,,,
v3|S4|surgery|ft_transformer,surgery,S4,ft_transformer,1d8c6139e191cd8e0190cad2c6b57e829b1e9b22017b09caaffdb3ef40077f7f,2,0,,,,,,
v3|S4|surgery|lightgbm,surgery,S4,lightgbm,f60e22a87f2d89af5f9104ef32b8e3541b2bd5feb164b9c9ab9ad70f1e806e9c,1,0,,,,,,
v3|S4|surgery|logistic_regression,surgery,S4,logistic_regression,8a6c44e04ae49c1eac553f7e439e3b39e9f2c03750a4ba1b84575ae07c845ce2,1,0,,,,,,
v3|S4|surgery|mlp_plr,surgery,S4,mlp_plr,628dbce0a485916ef84b403ee5ebe9621760240f3776a987f8a8b16699703420,2,0,,,,,,
v3|S4|surgery|rSI_sMS,surgery,S4,rSI_sMS,c8990d6b2c70f7474f316eae676f513ff69d87ed93519c9c770b2535bf292d7a,1,0,,,,,,
v3|S4|surgery|stacking,surgery,S4,stacking,7f21ae46eed9ad696bcaf57d3367e541d933a09c8a40ce36f8dab4efa3744c5b,1,3,,,,,,"[""logistic_l2"",""catboost"",""xgboost"",""lightgbm"",""bert_finetuned"",""mlp_plr"",""ft_transformer"",""cnn_1d"",""tabpfn_finetuned"",""tabicl"",""tabpfn_thinking""]"
v3|S4|surgery|tabicl,surgery,S4,tabicl,b33840d305c4f706276ac0223e135ecfc2331bb213c69f5f019b89174aeed8ff,1,0,,,,,,
v3|S4|surgery|tabpfn,surgery,S4,tabpfn,a69155ee6b7d441a5fb501b6c6f172129baa4f73a65ce13f4330452bd2eb30f0,6,9,,,,full_or_model_limit,"{""numpy"":""2.0.2"",""pandas"":""2.3.3"",""scikit-learn"":""1.6.1"",""imbalanced-learn"":""0.14.1"",""xgboost"":""3.2.0"",""lightgbm"":""4.6.0"",""catboost"":""1.2.10"",""optuna"":""4.9.0"",""joblib"":""1.5.3""}",
v3|S4|surgery|xgboost,surgery,S4,xgboost,d6e0fa8b251a6f255d7dcff977ac14910773209e736f2e6d4bc2e3c383d68ce9,1,0,,,,,,
v3|S5|surgery|bert_finetuned,surgery,S5,bert_finetuned,259228c265fbdc54b73dbd54a8234341d796dabc22ba3b1db21148f77384bdb5,1,0,,,,,,
v3|S5|surgery|catboost,surgery,S5,catboost,34274af6aa32585c312ae008d34c8e169de1d3403a83f3a06bbc417d4112c472,1,0,,,,,,
v3|S5|surgery|cnn_1d,surgery,S5,cnn_1d,b8d82b0ff02e25bcdc87e9c27e628e1112e66d6134b36b7c2572fea265b659c3,1,0,,,,,,
v3|S5|surgery|ft_transformer,surgery,S5,ft_transformer,7593baf66c61ee049f0a11a0ae9ecc5b23a4cb2ed0cae20cdb2e027087eb18ca,2,0,,,,,,
v3|S5|surgery|lightgbm,surgery,S5,lightgbm,f7b3381674b479696ffe90dd1f854cba1f41c906aecece0be71d4a3771fee00d,1,0,,,,,,
v3|S5|surgery|logistic_regression,surgery,S5,logistic_regression,ed9b6396ec3f3108f1032774bf1408c20cdac1bc9dd9f91ea7fee1fcfb43fef2,1,0,,,,,,
v3|S5|surgery|mlp_plr,surgery,S5,mlp_plr,4edf21b35c72c3bcf38c1f5b17a7ecd6bf9583f4749103798b28ce67bf8ee649,2,0,,,,,,
v3|S5|surgery|rSI_sMS,surgery,S5,rSI_sMS,639f83c3d7b2a9a318efb7c3a2a4c9bd317b84a0e8c7f7d75dc9f3e02a0ff335,1,0,,,,,,
v3|S5|surgery|stacking,surgery,S5,stacking,3fcf94eca2729be04859096a568d83c1a60711b061e3ddd8a1b8bc0b8e227f35,1,3,,,,,,"[""logistic_l2"",""catboost"",""xgboost"",""lightgbm"",""bert_finetuned"",""mlp_plr"",""ft_transformer"",""cnn_1d"",""tabpfn_finetuned"",""tabicl"",""tabpfn_thinking""]"
v3|S5|surgery|tabicl,surgery,S5,tabicl,57a154003ba797a7f17e4c8929f143159cd8214c0cda28ba80f5bcd4ac4f8e15,1,0,,,,,,
v3|S5|surgery|tabpfn,surgery,S5,tabpfn,5981ad96405de1b3540e16c023c1abb7df1995d470f278538ccac72260f603db,6,9,,,,full_or_model_limit,"{""numpy"":""2.0.2"",""pandas"":""2.3.3"",""scikit-learn"":""1.6.1"",""imbalanced-learn"":""0.14.1"",""xgboost"":""3.2.0"",""lightgbm"":""4.6.0"",""catboost"":""1.2.10"",""optuna"":""4.9.0"",""joblib"":""1.5.3""}",
v3|S5|surgery|xgboost,surgery,S5,xgboost,b56f73ef252f2011a95481e4382f4872db53a26b8a645860ea3e495c8c27c1cd,1,0,,,,,,
v3|S6|surgery|bert_finetuned,surgery,S6,bert_finetuned,07ae7bbb62e937aa8e008233cba36b557bc8b1aa87dc8f695efeb2c0083ef619,1,0,,,,,,
v3|S6|surgery|catboost,surgery,S6,catboost,c6dfccb1d94c3419338a83def57a2f9a8f2f5ed9a1418ec7462b760becc1468c,1,0,,,,,,
v3|S6|surgery|cnn_1d,surgery,S6,cnn_1d,3ad506cb1a6f4433f78a3656fac1452d43b5c29a338656adf16d6780eb1a0439,1,0,,,,,,
v3|S6|surgery|ft_transformer,surgery,S6,ft_transformer,299edc018c495b67c9a4e518ae7b9af53dd54a3477f8e64904fe66abfeb8d692,2,0,,,,,,
v3|S6|surgery|lightgbm,surgery,S6,lightgbm,9112eede69fb6d9ca78a50e154a963fffa10561108ec2d541750c26db03a8a22,1,0,,,,,,
v3|S6|surgery|logistic_regression,surgery,S6,logistic_regression,99f31e379a022f0969f36e95d8dc216e6145420554132745eb7de25bba181cdd,1,0,,,,,,
v3|S6|surgery|mlp_plr,surgery,S6,mlp_plr,24f73c0c839a8cea03a2f5784b5e6a694017afee748bbdb6bcdac03185b00d9e,2,0,,,,,,
v3|S6|surgery|rSI_sMS,surgery,S6,rSI_sMS,5bb9d0fdb1468bc2c8ab95acbf06fc328003373c36522340939caf0458527b06,1,0,,,,,,
v3|S6|surgery|stacking,surgery,S6,stacking,d9311f8791111883d9ce68165b5883fd5f3de4deb8ff36074563d6925edc527f,1,3,,,,,,"[""logistic_l2"",""catboost"",""xgboost"",""lightgbm"",""bert_finetuned"",""mlp_plr"",""ft_transformer"",""cnn_1d"",""tabpfn_finetuned"",""tabicl"",""tabpfn_thinking""]"
v3|S6|surgery|tabicl,surgery,S6,tabicl,e3bb5f6959cf8811741bef5097ff9d36838c3ae6163ea163189b84a45009917b,1,0,,,,,,
v3|S6|surgery|tabpfn,surgery,S6,tabpfn,725c9b9182cb45b0ac1ac51962d2d67618c4e2ce223192a832ad1750c06342da,6,9,,,,full_or_model_limit,"{""numpy"":""2.0.2"",""pandas"":""2.3.3"",""scikit-learn"":""1.6.1"",""imbalanced-learn"":""0.14.1"",""xgboost"":""3.2.0"",""lightgbm"":""4.6.0"",""catboost"":""1.2.10"",""optuna"":""4.9.0"",""joblib"":""1.5.3""}",
v3|S6|surgery|xgboost,surgery,S6,xgboost,ed24e7fc151a9db8da64853e880fad00bf01fb9597e37bb7b00a0dc048a7dd5a,1,0,,,,,,
