city,feature,n,missing_n,missing_rate
台北,EMT_年齡,1453,7,0.0048176187198898
台北,MISS_EMT_年齡,1453,0,0.0
台北,MISSREASON_EMT_年齡__source_missing,1453,0,0.0
台北,MISSREASON_EMT_年齡__not_measured,1453,0,0.0
台北,MISSREASON_EMT_年齡__sentinel,1453,0,0.0
台北,MISSREASON_EMT_年齡__invalid_or_out_of_range,1453,0,0.0
台北,EMT_發生地點_到慈濟_開車km,1453,0,0.0
台北,MISS_EMT_發生地點_到慈濟_開車km,1453,0,0.0
台北,MISSREASON_EMT_發生地點_到慈濟_開車km__source_missing,1453,0,0.0
台北,MISSREASON_EMT_發生地點_到慈濟_開車km__not_measured,1453,0,0.0
台北,MISSREASON_EMT_發生地點_到慈濟_開車km__sentinel,1453,0,0.0
台北,MISSREASON_EMT_發生地點_到慈濟_開車km__invalid_or_out_of_range,1453,0,0.0
台北,EMT_發生地點_到慈濟_直線km,1453,0,0.0
台北,MISS_EMT_發生地點_到慈濟_直線km,1453,0,0.0
台北,MISSREASON_EMT_發生地點_到慈濟_直線km__source_missing,1453,0,0.0
台北,MISSREASON_EMT_發生地點_到慈濟_直線km__not_measured,1453,0,0.0
台北,MISSREASON_EMT_發生地點_到慈濟_直線km__sentinel,1453,0,0.0
台北,MISSREASON_EMT_發生地點_到慈濟_直線km__invalid_or_out_of_range,1453,0,0.0
台北,EMT_反應時間分,1453,29,0.019958706125258
台北,MISS_EMT_反應時間分,1453,0,0.0
台北,MISSREASON_EMT_反應時間分__source_missing,1453,0,0.0
台北,MISSREASON_EMT_反應時間分__not_measured,1453,0,0.0
台北,MISSREASON_EMT_反應時間分__sentinel,1453,0,0.0
台北,MISSREASON_EMT_反應時間分__invalid_or_out_of_range,1453,0,0.0
台北,EMT_現場停留分,1453,21,0.0144528561596696
台北,MISS_EMT_現場停留分,1453,0,0.0
台北,MISSREASON_EMT_現場停留分__source_missing,1453,0,0.0
台北,MISSREASON_EMT_現場停留分__not_measured,1453,0,0.0
台北,MISSREASON_EMT_現場停留分__sentinel,1453,0,0.0
台北,MISSREASON_EMT_現場停留分__invalid_or_out_of_range,1453,0,0.0
台北,EMT_送醫途中分,1453,21,0.0144528561596696
台北,MISS_EMT_送醫途中分,1453,0,0.0
台北,MISSREASON_EMT_送醫途中分__source_missing,1453,0,0.0
台北,MISSREASON_EMT_送醫途中分__not_measured,1453,0,0.0
台北,MISSREASON_EMT_送醫途中分__sentinel,1453,0,0.0
台北,MISSREASON_EMT_送醫途中分__invalid_or_out_of_range,1453,0,0.0
台北,EMT_現場_舒張壓,1453,1453,1.0
台北,MISS_EMT_現場_舒張壓,1453,0,0.0
台北,MISSREASON_EMT_現場_舒張壓__source_missing,1453,0,0.0
台北,MISSREASON_EMT_現場_舒張壓__not_measured,1453,0,0.0
台北,MISSREASON_EMT_現場_舒張壓__sentinel,1453,0,0.0
台北,MISSREASON_EMT_現場_舒張壓__invalid_or_out_of_range,1453,0,0.0
台北,EMT_現場_脈搏,1453,9,0.0061940812112869
台北,MISS_EMT_現場_脈搏,1453,0,0.0
台北,MISSREASON_EMT_現場_脈搏__source_missing,1453,0,0.0
台北,MISSREASON_EMT_現場_脈搏__not_measured,1453,0,0.0
台北,MISSREASON_EMT_現場_脈搏__sentinel,1453,0,0.0
台北,MISSREASON_EMT_現場_脈搏__invalid_or_out_of_range,1453,0,0.0
台北,EMT_現場_呼吸,1453,9,0.0061940812112869
台北,MISS_EMT_現場_呼吸,1453,0,0.0
台北,MISSREASON_EMT_現場_呼吸__source_missing,1453,0,0.0
台北,MISSREASON_EMT_現場_呼吸__not_measured,1453,0,0.0
台北,MISSREASON_EMT_現場_呼吸__sentinel,1453,0,0.0
台北,MISSREASON_EMT_現場_呼吸__invalid_or_out_of_range,1453,0,0.0
台北,EMT_現場_SPO2,1453,23,0.0158293186510667
台北,MISS_EMT_現場_SPO2,1453,0,0.0
台北,MISSREASON_EMT_現場_SPO2__source_missing,1453,0,0.0
台北,MISSREASON_EMT_現場_SPO2__not_measured,1453,0,0.0
台北,MISSREASON_EMT_現場_SPO2__sentinel,1453,0,0.0
台北,MISSREASON_EMT_現場_SPO2__invalid_or_out_of_range,1453,0,0.0
台北,EMT_現場_體溫,1453,21,0.0144528561596696
台北,MISS_EMT_現場_體溫,1453,0,0.0
台北,MISSREASON_EMT_現場_體溫__source_missing,1453,0,0.0
台北,MISSREASON_EMT_現場_體溫__not_measured,1453,0,0.0
台北,MISSREASON_EMT_現場_體溫__sentinel,1453,0,0.0
台北,MISSREASON_EMT_現場_體溫__invalid_or_out_of_range,1453,0,0.0
台北,EMT_現場_GCS,1453,19,0.0130763936682725
台北,MISS_EMT_現場_GCS,1453,0,0.0
台北,MISSREASON_EMT_現場_GCS__source_missing,1453,0,0.0
台北,MISSREASON_EMT_現場_GCS__not_measured,1453,0,0.0
台北,MISSREASON_EMT_現場_GCS__sentinel,1453,0,0.0
台北,MISSREASON_EMT_現場_GCS__invalid_or_out_of_range,1453,0,0.0
台北,EMT_現場_GCS_E,1453,10,0.0068823124569855
台北,MISS_EMT_現場_GCS_E,1453,0,0.0
台北,MISSREASON_EMT_現場_GCS_E__source_missing,1453,0,0.0
台北,MISSREASON_EMT_現場_GCS_E__not_measured,1453,0,0.0
台北,MISSREASON_EMT_現場_GCS_E__sentinel,1453,0,0.0
台北,MISSREASON_EMT_現場_GCS_E__invalid_or_out_of_range,1453,0,0.0
台北,EMT_現場_GCS_V,1453,18,0.0123881624225739
台北,MISS_EMT_現場_GCS_V,1453,0,0.0
台北,MISSREASON_EMT_現場_GCS_V__source_missing,1453,0,0.0
台北,MISSREASON_EMT_現場_GCS_V__not_measured,1453,0,0.0
台北,MISSREASON_EMT_現場_GCS_V__sentinel,1453,0,0.0
台北,MISSREASON_EMT_現場_GCS_V__invalid_or_out_of_range,1453,0,0.0
台北,EMT_現場_GCS_M,1453,10,0.0068823124569855
台北,MISS_EMT_現場_GCS_M,1453,0,0.0
台北,MISSREASON_EMT_現場_GCS_M__source_missing,1453,0,0.0
台北,MISSREASON_EMT_現場_GCS_M__not_measured,1453,0,0.0
台北,MISSREASON_EMT_現場_GCS_M__sentinel,1453,0,0.0
台北,MISSREASON_EMT_現場_GCS_M__invalid_or_out_of_range,1453,0,0.0
台北,EMT_車上_舒張壓,1453,1453,1.0
台北,MISS_EMT_車上_舒張壓,1453,0,0.0
台北,MISSREASON_EMT_車上_舒張壓__source_missing,1453,0,0.0
台北,MISSREASON_EMT_車上_舒張壓__not_measured,1453,0,0.0
台北,MISSREASON_EMT_車上_舒張壓__sentinel,1453,0,0.0
台北,MISSREASON_EMT_車上_舒張壓__invalid_or_out_of_range,1453,0,0.0
台北,EMT_車上_脈搏,1453,1453,1.0
台北,MISS_EMT_車上_脈搏,1453,0,0.0
台北,MISSREASON_EMT_車上_脈搏__source_missing,1453,0,0.0
台北,MISSREASON_EMT_車上_脈搏__not_measured,1453,0,0.0
台北,MISSREASON_EMT_車上_脈搏__sentinel,1453,0,0.0
台北,MISSREASON_EMT_車上_脈搏__invalid_or_out_of_range,1453,0,0.0
台北,EMT_車上_呼吸,1453,1453,1.0
台北,MISS_EMT_車上_呼吸,1453,0,0.0
台北,MISSREASON_EMT_車上_呼吸__source_missing,1453,0,0.0
台北,MISSREASON_EMT_車上_呼吸__not_measured,1453,0,0.0
台北,MISSREASON_EMT_車上_呼吸__sentinel,1453,0,0.0
台北,MISSREASON_EMT_車上_呼吸__invalid_or_out_of_range,1453,0,0.0
台北,EMT_車上_SPO2,1453,1453,1.0
台北,MISS_EMT_車上_SPO2,1453,0,0.0
台北,MISSREASON_EMT_車上_SPO2__source_missing,1453,0,0.0
台北,MISSREASON_EMT_車上_SPO2__not_measured,1453,0,0.0
台北,MISSREASON_EMT_車上_SPO2__sentinel,1453,0,0.0
台北,MISSREASON_EMT_車上_SPO2__invalid_or_out_of_range,1453,0,0.0
台北,EMT_車上_體溫,1453,1453,1.0
台北,MISS_EMT_車上_體溫,1453,0,0.0
台北,MISSREASON_EMT_車上_體溫__source_missing,1453,0,0.0
台北,MISSREASON_EMT_車上_體溫__not_measured,1453,0,0.0
台北,MISSREASON_EMT_車上_體溫__sentinel,1453,0,0.0
台北,MISSREASON_EMT_車上_體溫__invalid_or_out_of_range,1453,0,0.0
台北,EMT_車上_GCS,1453,24,0.0165175498967653
台北,MISS_EMT_車上_GCS,1453,0,0.0
台北,MISSREASON_EMT_車上_GCS__source_missing,1453,0,0.0
台北,MISSREASON_EMT_車上_GCS__not_measured,1453,0,0.0
台北,MISSREASON_EMT_車上_GCS__sentinel,1453,0,0.0
台北,MISSREASON_EMT_車上_GCS__invalid_or_out_of_range,1453,0,0.0
台北,EMT_車上_GCS_E,1453,10,0.0068823124569855
台北,MISS_EMT_車上_GCS_E,1453,0,0.0
台北,MISSREASON_EMT_車上_GCS_E__source_missing,1453,0,0.0
台北,MISSREASON_EMT_車上_GCS_E__not_measured,1453,0,0.0
台北,MISSREASON_EMT_車上_GCS_E__sentinel,1453,0,0.0
台北,MISSREASON_EMT_車上_GCS_E__invalid_or_out_of_range,1453,0,0.0
台北,EMT_車上_GCS_V,1453,23,0.0158293186510667
台北,MISS_EMT_車上_GCS_V,1453,0,0.0
台北,MISSREASON_EMT_車上_GCS_V__source_missing,1453,0,0.0
台北,MISSREASON_EMT_車上_GCS_V__not_measured,1453,0,0.0
台北,MISSREASON_EMT_車上_GCS_V__sentinel,1453,0,0.0
台北,MISSREASON_EMT_車上_GCS_V__invalid_or_out_of_range,1453,0,0.0
台北,EMT_車上_GCS_M,1453,10,0.0068823124569855
台北,MISS_EMT_車上_GCS_M,1453,0,0.0
台北,MISSREASON_EMT_車上_GCS_M__source_missing,1453,0,0.0
台北,MISSREASON_EMT_車上_GCS_M__not_measured,1453,0,0.0
台北,MISSREASON_EMT_車上_GCS_M__sentinel,1453,0,0.0
台北,MISSREASON_EMT_車上_GCS_M__invalid_or_out_of_range,1453,0,0.0
台北,EMT_生命徵象量測次數,1453,1453,1.0
台北,MISS_EMT_生命徵象量測次數,1453,0,0.0
台北,MISSREASON_EMT_生命徵象量測次數__source_missing,1453,0,0.0
台北,MISSREASON_EMT_生命徵象量測次數__not_measured,1453,0,0.0
台北,MISSREASON_EMT_生命徵象量測次數__sentinel,1453,0,0.0
台北,MISSREASON_EMT_生命徵象量測次數__invalid_or_out_of_range,1453,0,0.0
台北,EMT_問卷_疼痛指數,1453,1453,1.0
台北,MISS_EMT_問卷_疼痛指數,1453,0,0.0
台北,MISSREASON_EMT_問卷_疼痛指數__source_missing,1453,0,0.0
台北,MISSREASON_EMT_問卷_疼痛指數__not_measured,1453,0,0.0
台北,MISSREASON_EMT_問卷_疼痛指數__sentinel,1453,0,0.0
台北,MISSREASON_EMT_問卷_疼痛指數__invalid_or_out_of_range,1453,0,0.0
台北,EMT_問卷_左瞳孔尺寸mm,1453,1453,1.0
台北,MISS_EMT_問卷_左瞳孔尺寸mm,1453,0,0.0
台北,MISSREASON_EMT_問卷_左瞳孔尺寸mm__source_missing,1453,0,0.0
台北,MISSREASON_EMT_問卷_左瞳孔尺寸mm__not_measured,1453,0,0.0
台北,MISSREASON_EMT_問卷_左瞳孔尺寸mm__sentinel,1453,0,0.0
台北,MISSREASON_EMT_問卷_左瞳孔尺寸mm__invalid_or_out_of_range,1453,0,0.0
台北,EMT_問卷_右瞳孔尺寸mm,1453,1453,1.0
台北,MISS_EMT_問卷_右瞳孔尺寸mm,1453,0,0.0
台北,MISSREASON_EMT_問卷_右瞳孔尺寸mm__source_missing,1453,0,0.0
台北,MISSREASON_EMT_問卷_右瞳孔尺寸mm__not_measured,1453,0,0.0
台北,MISSREASON_EMT_問卷_右瞳孔尺寸mm__sentinel,1453,0,0.0
台北,MISSREASON_EMT_問卷_右瞳孔尺寸mm__invalid_or_out_of_range,1453,0,0.0
台北,EMT_問卷_血糖值mgdl,1453,1453,1.0
台北,MISS_EMT_問卷_血糖值mgdl,1453,0,0.0
台北,MISSREASON_EMT_問卷_血糖值mgdl__source_missing,1453,0,0.0
台北,MISSREASON_EMT_問卷_血糖值mgdl__not_measured,1453,0,0.0
台北,MISSREASON_EMT_問卷_血糖值mgdl__sentinel,1453,0,0.0
台北,MISSREASON_EMT_問卷_血糖值mgdl__invalid_or_out_of_range,1453,0,0.0
台北,EMT_問卷_氧氣流量Lmin,1453,1453,1.0
台北,MISS_EMT_問卷_氧氣流量Lmin,1453,0,0.0
台北,MISSREASON_EMT_問卷_氧氣流量Lmin__source_missing,1453,0,0.0
台北,MISSREASON_EMT_問卷_氧氣流量Lmin__not_measured,1453,0,0.0
台北,MISSREASON_EMT_問卷_氧氣流量Lmin__sentinel,1453,0,0.0
台北,MISSREASON_EMT_問卷_氧氣流量Lmin__invalid_or_out_of_range,1453,0,0.0
台北,EMT_問卷_靜脈輸液量ml,1453,1453,1.0
台北,MISS_EMT_問卷_靜脈輸液量ml,1453,0,0.0
台北,MISSREASON_EMT_問卷_靜脈輸液量ml__source_missing,1453,0,0.0
台北,MISSREASON_EMT_問卷_靜脈輸液量ml__not_measured,1453,0,0.0
台北,MISSREASON_EMT_問卷_靜脈輸液量ml__sentinel,1453,0,0.0
台北,MISSREASON_EMT_問卷_靜脈輸液量ml__invalid_or_out_of_range,1453,0,0.0
台北,EMT_體重,1453,1453,1.0
台北,MISS_EMT_體重,1453,0,0.0
台北,MISSREASON_EMT_體重__source_missing,1453,0,0.0
台北,MISSREASON_EMT_體重__not_measured,1453,0,0.0
台北,MISSREASON_EMT_體重__sentinel,1453,0,0.0
台北,MISSREASON_EMT_體重__invalid_or_out_of_range,1453,0,0.0
台北,EMT_燒燙傷一級%,1453,1453,1.0
台北,MISS_EMT_燒燙傷一級%,1453,0,0.0
台北,MISSREASON_EMT_燒燙傷一級%__source_missing,1453,0,0.0
台北,MISSREASON_EMT_燒燙傷一級%__not_measured,1453,0,0.0
台北,MISSREASON_EMT_燒燙傷一級%__sentinel,1453,0,0.0
台北,MISSREASON_EMT_燒燙傷一級%__invalid_or_out_of_range,1453,0,0.0
台北,EMT_燒燙傷二級%,1453,1453,1.0
台北,MISS_EMT_燒燙傷二級%,1453,0,0.0
台北,MISSREASON_EMT_燒燙傷二級%__source_missing,1453,0,0.0
台北,MISSREASON_EMT_燒燙傷二級%__not_measured,1453,0,0.0
台北,MISSREASON_EMT_燒燙傷二級%__sentinel,1453,0,0.0
台北,MISSREASON_EMT_燒燙傷二級%__invalid_or_out_of_range,1453,0,0.0
台北,EMT_燒燙傷三級%,1453,1453,1.0
台北,MISS_EMT_燒燙傷三級%,1453,0,0.0
台北,MISSREASON_EMT_燒燙傷三級%__source_missing,1453,0,0.0
台北,MISSREASON_EMT_燒燙傷三級%__not_measured,1453,0,0.0
台北,MISSREASON_EMT_燒燙傷三級%__sentinel,1453,0,0.0
台北,MISSREASON_EMT_燒燙傷三級%__invalid_or_out_of_range,1453,0,0.0
台北,EMT_燒燙傷總%,1453,1453,1.0
台北,MISS_EMT_燒燙傷總%,1453,0,0.0
台北,MISSREASON_EMT_燒燙傷總%__source_missing,1453,0,0.0
台北,MISSREASON_EMT_燒燙傷總%__not_measured,1453,0,0.0
台北,MISSREASON_EMT_燒燙傷總%__sentinel,1453,0,0.0
台北,MISSREASON_EMT_燒燙傷總%__invalid_or_out_of_range,1453,0,0.0
台北,EMT_城市__台北,1453,0,0.0
台北,EMT_城市__新北,1453,0,0.0
台北,EMT_城市__OTHER_RARE,1453,0,0.0
台北,EMT_城市__MISSING,1453,0,0.0
台北,EMT_性別__女,1453,0,0.0
台北,EMT_性別__男,1453,0,0.0
台北,EMT_性別__OTHER_RARE,1453,0,0.0
台北,EMT_性別__MISSING,1453,0,0.0
台北,EMT_送醫路由__家屬指定送醫,1453,0,0.0
台北,EMT_送醫路由__就近適當,1453,0,0.0
台北,EMT_送醫路由__指揮中心,1453,0,0.0
台北,EMT_送醫路由__OTHER_RARE,1453,0,0.0
台北,EMT_送醫路由__MISSING,1453,0,0.0
台北,EMT_危急個案__0.0,1453,0,0.0
台北,EMT_危急個案__1.0,1453,0,0.0
台北,EMT_危急個案__OTHER_RARE,1453,0,0.0
台北,EMT_危急個案__MISSING,1453,0,0.0
台北,EMT_發生地區__三峽區,1453,0,0.0
台北,EMT_發生地區__三重區,1453,0,0.0
台北,EMT_發生地區__中和區,1453,0,0.0
台北,EMT_發生地區__土城區,1453,0,0.0
台北,EMT_發生地區__坪林區,1453,0,0.0
台北,EMT_發生地區__市文山區,1453,0,0.0
台北,EMT_發生地區__新店區,1453,0,0.0
台北,EMT_發生地區__新莊區,1453,0,0.0
台北,EMT_發生地區__板橋區,1453,0,0.0
台北,EMT_發生地區__樹林區,1453,0,0.0
台北,EMT_發生地區__永和區,1453,0,0.0
台北,EMT_發生地區__深坑區,1453,0,0.0
台北,EMT_發生地區__烏來區,1453,0,0.0
台北,EMT_發生地區__石碇區,1453,0,0.0
台北,EMT_發生地區__蘆洲區,1453,0,0.0
台北,EMT_發生地區__OTHER_RARE,1453,0,0.0
台北,EMT_發生地區__MISSING,1453,0,0.0
台北,EMT_距離_定位信心__Google地標,1453,0,0.0
台北,EMT_距離_定位信心__區內概略,1453,0,0.0
台北,EMT_距離_定位信心__國道概略,1453,0,0.0
台北,EMT_距離_定位信心__無,1453,0,0.0
台北,EMT_距離_定位信心__號,1453,0,0.0
台北,EMT_距離_定位信心__路名概略(OSM),1453,0,0.0
台北,EMT_距離_定位信心__路段中心,1453,0,0.0
台北,EMT_距離_定位信心__OTHER_RARE,1453,0,0.0
台北,EMT_距離_定位信心__MISSING,1453,0,0.0
台北,EMT_現場_意識__否,1453,0,0.0
台北,EMT_現場_意識__清,1453,0,0.0
台北,EMT_現場_意識__痛,1453,0,0.0
台北,EMT_現場_意識__聲,1453,0,0.0
台北,EMT_現場_意識__OTHER_RARE,1453,0,0.0
台北,EMT_現場_意識__MISSING,1453,0,0.0
台北,EMT_派遣分類__BLS,1453,0,0.0
台北,EMT_派遣分類__OTHER_RARE,1453,0,0.0
台北,EMT_派遣分類__MISSING,1453,0,0.0
台北,EMT_派遣原因__救護,1453,0,0.0
台北,EMT_派遣原因__救護-一般受傷,1453,0,0.0
台北,EMT_派遣原因__救護-其它,1453,0,0.0
台北,EMT_派遣原因__救護-割腕,1453,0,0.0
台北,EMT_派遣原因__救護-吞食藥物,1453,0,0.0
台北,EMT_派遣原因__救護-孕婦待產,1453,0,0.0
台北,EMT_派遣原因__救護-急病,1453,0,0.0
台北,EMT_派遣原因__救護-打架受傷,1453,0,0.0
台北,EMT_派遣原因__救護-精神異常,1453,0,0.0
台北,EMT_派遣原因__救護-路倒,1453,0,0.0
台北,EMT_派遣原因__救護-車禍,1453,0,0.0
台北,EMT_派遣原因__火警-集合住宅,1453,0,0.0
台北,EMT_派遣原因__緊急救援-其他,1453,0,0.0
台北,EMT_派遣原因__緊急救援-車禍救助,1453,0,0.0
台北,EMT_派遣原因__OTHER_RARE,1453,0,0.0
台北,EMT_派遣原因__MISSING,1453,0,0.0
台北,EMT_問卷_創傷導致的主訴群__肢體麻痺,1453,0,0.0
台北,EMT_問卷_創傷導致的主訴群__背部疼痛,1453,0,0.0
台北,EMT_問卷_創傷導致的主訴群__胸痛/悶,1453,0,0.0
台北,EMT_問卷_創傷導致的主訴群__OTHER_RARE,1453,0,0.0
台北,EMT_問卷_創傷導致的主訴群__MISSING,1453,0,0.0
台北,EMT_問卷_頸椎固定__GCS<15,1453,0,0.0
台北,EMT_問卷_頸椎固定__檢查無明顯異常,1453,0,0.0
台北,EMT_問卷_頸椎固定__肢體運動感覺異常,1453,0,0.0
台北,EMT_問卷_頸椎固定__轉向困難,1453,0,0.0
台北,EMT_問卷_頸椎固定__頸椎瘀青疼痛,1453,0,0.0
台北,EMT_問卷_頸椎固定__OTHER_RARE,1453,0,0.0
台北,EMT_問卷_頸椎固定__MISSING,1453,0,0.0
台北,EMT_問卷_膚色__其他,1453,0,0.0
台北,EMT_問卷_膚色__正常,1453,0,0.0
台北,EMT_問卷_膚色__溼冷,1453,0,0.0
台北,EMT_問卷_膚色__潮紅,1453,0,0.0
台北,EMT_問卷_膚色__發紺,1453,0,0.0
台北,EMT_問卷_膚色__蒼白,1453,0,0.0
台北,EMT_問卷_膚色__蒼白、溼冷,1453,0,0.0
台北,EMT_問卷_膚色__黃疸,1453,0,0.0
台北,EMT_問卷_膚色__OTHER_RARE,1453,0,0.0
台北,EMT_問卷_膚色__MISSING,1453,0,0.0
台北,EMT_問卷_左瞳孔光反射__+,1453,0,0.0
台北,EMT_問卷_左瞳孔光反射__-,1453,0,0.0
台北,EMT_問卷_左瞳孔光反射__無法測量,1453,0,0.0
台北,EMT_問卷_左瞳孔光反射__眼疾,1453,0,0.0
台北,EMT_問卷_左瞳孔光反射__OTHER_RARE,1453,0,0.0
台北,EMT_問卷_左瞳孔光反射__MISSING,1453,0,0.0
台北,EMT_問卷_右瞳孔光反射__+,1453,0,0.0
台北,EMT_問卷_右瞳孔光反射__-,1453,0,0.0
台北,EMT_問卷_右瞳孔光反射__無法測量,1453,0,0.0
台北,EMT_問卷_右瞳孔光反射__眼疾,1453,0,0.0
台北,EMT_問卷_右瞳孔光反射__OTHER_RARE,1453,0,0.0
台北,EMT_問卷_右瞳孔光反射__MISSING,1453,0,0.0
台北,EMT_問卷_氣管位置__其他,1453,0,0.0
台北,EMT_問卷_氣管位置__正常,1453,0,0.0
台北,EMT_問卷_氣管位置__OTHER_RARE,1453,0,0.0
台北,EMT_問卷_氣管位置__MISSING,1453,0,0.0
台北,EMT_問卷_頸靜脈怒張__其他,1453,0,0.0
台北,EMT_問卷_頸靜脈怒張__有,1453,0,0.0
台北,EMT_問卷_頸靜脈怒張__無,1453,0,0.0
台北,EMT_問卷_頸靜脈怒張__OTHER_RARE,1453,0,0.0
台北,EMT_問卷_頸靜脈怒張__MISSING,1453,0,0.0
台北,EMT_問卷_血糖狀態__High,1453,0,0.0
台北,EMT_問卷_血糖狀態__Low,1453,0,0.0
台北,EMT_問卷_血糖狀態__否,1453,0,0.0
台北,EMT_問卷_血糖狀態__否、其他,1453,0,0.0
台北,EMT_問卷_血糖狀態__否、創傷,1453,0,0.0
台北,EMT_問卷_血糖狀態__否、拒絕,1453,0,0.0
台北,EMT_問卷_血糖狀態__否、躁動,1453,0,0.0
台北,EMT_問卷_血糖狀態__血糖值紀錄,1453,0,0.0
台北,EMT_問卷_血糖狀態__OTHER_RARE,1453,0,0.0
台北,EMT_問卷_血糖狀態__MISSING,1453,0,0.0
台北,EMT_問卷_靜脈輸液種類__0.9%N.S.,1453,0,0.0
台北,EMT_問卷_靜脈輸液種類__5%G.W.,1453,0,0.0
台北,EMT_問卷_靜脈輸液種類__50%G.W.,1453,0,0.0
台北,EMT_問卷_靜脈輸液種類__IV,1453,0,0.0
台北,EMT_問卷_靜脈輸液種類__OTHER_RARE,1453,0,0.0
台北,EMT_問卷_靜脈輸液種類__MISSING,1453,0,0.0
台北,EMT_推定派遣類別__中毒/自傷,1453,0,0.0
台北,EMT_推定派遣類別__交通事故傷,1453,0,0.0
台北,EMT_推定派遣類別__內科急病,1453,0,0.0
台北,EMT_推定派遣類別__其他外傷,1453,0,0.0
台北,EMT_推定派遣類別__精神行為異常,1453,0,0.0
台北,EMT_推定派遣類別__路倒/無意識,1453,0,0.0
台北,EMT_推定派遣類別__OTHER_RARE,1453,0,0.0
台北,EMT_推定派遣類別__MISSING,1453,0,0.0
台北,EMT_有燒燙傷__False,1453,0,0.0
台北,EMT_有燒燙傷__True,1453,0,0.0
台北,EMT_有燒燙傷__OTHER_RARE,1453,0,0.0
台北,EMT_有燒燙傷__MISSING,1453,0,0.0
台北,EMT_心律臆斷__Atrial fibrillation,1453,0,0.0
台北,EMT_心律臆斷__Normal Sinus Rhythm,1453,0,0.0
台北,EMT_心律臆斷__ST段下降,1453,0,0.0
台北,EMT_心律臆斷__Sinus Bradycardia,1453,0,0.0
台北,EMT_心律臆斷__Sinus Tachycardia,1453,0,0.0
台北,EMT_心律臆斷__其他波形,1453,0,0.0
台北,EMT_心律臆斷__OTHER_RARE,1453,0,0.0
台北,EMT_心律臆斷__MISSING,1453,0,0.0
台北,"EMT_台北_創傷類型__創傷-一般外傷,肢體外傷,摔跌傷",1453,0,0.0
台北,"EMT_台北_創傷類型__創傷-一般外傷,頭部外傷,摔跌傷",1453,0,0.0
台北,EMT_台北_創傷類型__創傷-交通事故(機車),1453,0,0.0
台北,"EMT_台北_創傷類型__非創傷-一般疾病,噁心嘔吐腹瀉",1453,0,0.0
台北,"EMT_台北_創傷類型__非創傷-一般疾病,肢體無力",1453,0,0.0
台北,"EMT_台北_創傷類型__非創傷-一般疾病,頭痛頭暈昏倒昏厥",1453,0,0.0
台北,EMT_台北_創傷類型__非創傷-呼吸問題,1453,0,0.0
台北,EMT_台北_創傷類型__非創傷-昏迷,1453,0,0.0
台北,EMT_台北_創傷類型__非創傷-腹痛,1453,0,0.0
台北,EMT_台北_創傷類型__OTHER_RARE,1453,0,0.0
台北,EMT_台北_創傷類型__MISSING,1453,0,0.0
台北,EMT_特殊表類型__OHCA,1453,0,0.0
台北,EMT_特殊表類型__呼吸喘/慢/使用呼吸輔助肌肉,1453,0,0.0
台北,EMT_特殊表類型__心臟不適,1453,0,0.0
台北,EMT_特殊表類型__癲癇重積,1453,0,0.0
台北,EMT_特殊表類型__腦中風評估,1453,0,0.0
台北,EMT_特殊表類型__過敏性休克,1453,0,0.0
台北,EMT_特殊表類型__OTHER_RARE,1453,0,0.0
台北,EMT_特殊表類型__MISSING,1453,0,0.0
台北,EMT_台北_心梗登錄__OTHER_RARE,1453,0,0.0
台北,EMT_台北_心梗登錄__MISSING,1453,0,0.0
台北,EMT_台北_中風登錄__OTHER_RARE,1453,0,0.0
台北,EMT_台北_中風登錄__MISSING,1453,0,0.0
台北,EMT_台北_CPR停止登錄__OTHER_RARE,1453,0,0.0
台北,EMT_台北_CPR停止登錄__MISSING,1453,0,0.0
台北,EMT_問卷_交通事故患者__乘客,1453,0,0.0
台北,EMT_問卷_交通事故患者__行人,1453,0,0.0
台北,EMT_問卷_交通事故患者__駕駛,1453,0,0.0
台北,EMT_問卷_交通事故患者__OTHER_RARE,1453,0,0.0
台北,EMT_問卷_交通事故患者__MISSING,1453,0,0.0
台北,EMT_問卷_交通事故種類__人,1453,0,0.0
台北,EMT_問卷_交通事故種類__人、其他,1453,0,0.0
台北,EMT_問卷_交通事故種類__其他,1453,0,0.0
台北,EMT_問卷_交通事故種類__機車,1453,0,0.0
台北,EMT_問卷_交通事故種類__機車、人,1453,0,0.0
台北,EMT_問卷_交通事故種類__機車、人、其他,1453,0,0.0
台北,EMT_問卷_交通事故種類__機車、其他,1453,0,0.0
台北,EMT_問卷_交通事故種類__機車、腳踏車,1453,0,0.0
台北,EMT_問卷_交通事故種類__機車、腳踏車、其他,1453,0,0.0
台北,EMT_問卷_交通事故種類__汽車,1453,0,0.0
台北,EMT_問卷_交通事故種類__汽車、人,1453,0,0.0
台北,EMT_問卷_交通事故種類__汽車、人、其他,1453,0,0.0
台北,EMT_問卷_交通事故種類__汽車、其他,1453,0,0.0
台北,EMT_問卷_交通事故種類__汽車、機車,1453,0,0.0
台北,EMT_問卷_交通事故種類__汽車、機車、其他,1453,0,0.0
台北,EMT_問卷_交通事故種類__汽車、腳踏車,1453,0,0.0
台北,EMT_問卷_交通事故種類__腳踏車,1453,0,0.0
台北,EMT_問卷_交通事故種類__腳踏車、其他,1453,0,0.0
台北,EMT_問卷_交通事故種類__OTHER_RARE,1453,0,0.0
台北,EMT_問卷_交通事故種類__MISSING,1453,0,0.0
台北,EMT_問卷_保護裝置狀態__安全帶,1453,0,0.0
台北,EMT_問卷_保護裝置狀態__安全帽,1453,0,0.0
台北,EMT_問卷_保護裝置狀態__無,1453,0,0.0
台北,EMT_問卷_保護裝置狀態__OTHER_RARE,1453,0,0.0
台北,EMT_問卷_保護裝置狀態__MISSING,1453,0,0.0
台北,EMT_問卷_非交通事故種類__其他,1453,0,0.0
台北,EMT_問卷_非交通事故種類__切割,1453,0,0.0
台北,EMT_問卷_非交通事故種類__墜落,1453,0,0.0
台北,EMT_問卷_非交通事故種類__壓夾,1453,0,0.0
台北,EMT_問卷_非交通事故種類__撞擊,1453,0,0.0
台北,EMT_問卷_非交通事故種類__生物咬螫,1453,0,0.0
台北,EMT_問卷_非交通事故種類__跌摔,1453,0,0.0
台北,EMT_問卷_非交通事故種類__鈍毆,1453,0,0.0
台北,EMT_問卷_非交通事故種類__OTHER_RARE,1453,0,0.0
台北,EMT_問卷_非交通事故種類__MISSING,1453,0,0.0
台北,EMT_問卷_危急個案__否,1453,0,0.0
台北,EMT_問卷_危急個案__是,1453,0,0.0
台北,EMT_問卷_危急個案__OTHER_RARE,1453,0,0.0
台北,EMT_問卷_危急個案__MISSING,1453,0,0.0
台北,EMT_現場_意識_AVPU,1453,9,0.0061940812112869
台北,EMT_過去病史__HIV(+),1453,0,0.0
台北,EMT_過去病史__不詳,1453,0,0.0
台北,EMT_過去病史__其他,1453,0,0.0
台北,EMT_過去病史__心臟疾病,1453,0,0.0
台北,EMT_過去病史__惡性腫瘤,1453,0,0.0
台北,EMT_過去病史__氣喘,1453,0,0.0
台北,EMT_過去病史__癲癇,1453,0,0.0
台北,EMT_過去病史__精神疾病,1453,0,0.0
台北,EMT_過去病史__糖尿病,1453,0,0.0
台北,EMT_過去病史__肝臟疾病,1453,0,0.0
台北,EMT_過去病史__肺臟疾病,1453,0,0.0
台北,EMT_過去病史__腎臟疾病,1453,0,0.0
台北,EMT_過去病史__腦血管疾病,1453,0,0.0
台北,EMT_過去病史__高血壓,1453,0,0.0
台北,EMT_過去病史__OTHER_RARE,1453,0,0.0
台北,EMT_過去病史__source_available,1453,0,0.0
台北,EMT_過去病史__explicit_none,1453,0,0.0
台北,EMT_過去病史__source_missing,1453,0,0.0
台北,EMT_過敏史__不清楚,1453,0,0.0
台北,EMT_過敏史__不詳,1453,0,0.0
台北,EMT_過敏史__其他,1453,0,0.0
台北,EMT_過敏史__藥物,1453,0,0.0
台北,EMT_過敏史__食物,1453,0,0.0
台北,EMT_過敏史__OTHER_RARE,1453,0,0.0
台北,EMT_過敏史__source_available,1453,0,0.0
台北,EMT_過敏史__explicit_none,1453,0,0.0
台北,EMT_過敏史__source_missing,1453,0,0.0
台北,EMT_主訴_結構化__OHCA,1453,0,0.0
台北,EMT_主訴_結構化__上腹痛,1453,0,0.0
台北,EMT_主訴_結構化__下腹痛,1453,0,0.0
台北,EMT_主訴_結構化__其他,1453,0,0.0
台北,EMT_主訴_結構化__冒冷汗,1453,0,0.0
台北,EMT_主訴_結構化__吐.咳血,1453,0,0.0
台北,EMT_主訴_結構化__呼吸喘.慢.使用輔助肌,1453,0,0.0
台北,EMT_主訴_結構化__呼吸道梗塞,1453,0,0.0
台北,EMT_主訴_結構化__嘔吐.噁心,1453,0,0.0
台北,EMT_主訴_結構化__心臟不適,1453,0,0.0
台北,EMT_主訴_結構化__急產,1453,0,0.0
台北,EMT_主訴_結構化__急產（接生）,1453,0,0.0
台北,EMT_主訴_結構化__挫.擦傷,1453,0,0.0
台北,EMT_主訴_結構化__撕裂.切割傷,1453,0,0.0
台北,EMT_主訴_結構化__斷肢,1453,0,0.0
台北,EMT_主訴_結構化__昏厥,1453,0,0.0
台北,EMT_主訴_結構化__無意識.意識不清,1453,0,0.0
台北,EMT_主訴_結構化__燒燙傷,1453,0,0.0
台北,EMT_主訴_結構化__疑似一氧化碳中毒,1453,0,0.0
台北,EMT_主訴_結構化__疑似毒物.氣中毒,1453,0,0.0
台北,EMT_主訴_結構化__疑似藥物過量,1453,0,0.0
台北,EMT_主訴_結構化__癲癇.抽搐,1453,0,0.0
台北,EMT_主訴_結構化__發燒.發冷,1453,0,0.0
台北,EMT_主訴_結構化__碎裂傷,1453,0,0.0
台北,EMT_主訴_結構化__穿刺傷,1453,0,0.0
台北,EMT_主訴_結構化__肢體無力,1453,0,0.0
台北,EMT_主訴_結構化__肢體疼痛,1453,0,0.0
台北,EMT_主訴_結構化__肢體麻痺,1453,0,0.0
台北,EMT_主訴_結構化__背.肩痛,1453,0,0.0
台北,EMT_主訴_結構化__胸痛.悶,1453,0,0.0
台北,EMT_主訴_結構化__腹瀉,1453,0,0.0
台北,EMT_主訴_結構化__虛弱,1453,0,0.0
台北,EMT_主訴_結構化__血便.尿,1453,0,0.0
台北,EMT_主訴_結構化__血腫,1453,0,0.0
台北,EMT_主訴_結構化__行為神智異常,1453,0,0.0
台北,EMT_主訴_結構化__過敏,1453,0,0.0
台北,EMT_主訴_結構化__非外傷出血,1453,0,0.0
台北,EMT_主訴_結構化__頭暈,1453,0,0.0
台北,EMT_主訴_結構化__頭痛,1453,0,0.0
台北,EMT_主訴_結構化__骨折.脫位,1453,0,0.0
台北,EMT_主訴_結構化__OTHER_RARE,1453,0,0.0
台北,EMT_主訴_結構化__source_available,1453,0,0.0
台北,EMT_主訴_結構化__explicit_none,1453,0,0.0
台北,EMT_主訴_結構化__source_missing,1453,0,0.0
台北,EMT_紅旗__DNR.放棄急救,1453,0,0.0
台北,EMT_紅旗__休克.低血壓,1453,0,0.0
台北,EMT_紅旗__呼吸窘迫.低血氧,1453,0,0.0
台北,EMT_紅旗__大出血,1453,0,0.0
台北,EMT_紅旗__心跳呼吸停止.PEA,1453,0,0.0
台北,EMT_紅旗__意識改變,1453,0,0.0
台北,EMT_紅旗__抽搐,1453,0,0.0
台北,EMT_紅旗__疑似中風,1453,0,0.0
台北,EMT_紅旗__胸痛疑似ACS,1453,0,0.0
台北,EMT_紅旗__OTHER_RARE,1453,0,0.0
台北,EMT_紅旗__source_available,1453,0,0.0
台北,EMT_紅旗__explicit_none,1453,0,0.0
台北,EMT_紅旗__source_missing,1453,0,0.0
台北,EMT_創傷機轉_合併__交通-機車,1453,0,0.0
台北,EMT_創傷機轉_合併__交通-汽車,1453,0,0.0
台北,EMT_創傷機轉_合併__交通-腳踏車,1453,0,0.0
台北,EMT_創傷機轉_合併__交通-行人,1453,0,0.0
台北,EMT_創傷機轉_合併__其他外傷,1453,0,0.0
台北,EMT_創傷機轉_合併__燒燙,1453,0,0.0
台北,EMT_創傷機轉_合併__生物咬螫,1453,0,0.0
台北,EMT_創傷機轉_合併__穿刺切割,1453,0,0.0
台北,EMT_創傷機轉_合併__跌落墜落,1453,0,0.0
台北,EMT_創傷機轉_合併__鈍傷撞擊,1453,0,0.0
台北,EMT_創傷機轉_合併__OTHER_RARE,1453,0,0.0
台北,EMT_創傷機轉_合併__source_available,1453,0,0.0
台北,EMT_創傷機轉_合併__explicit_none,1453,0,0.0
台北,EMT_創傷機轉_合併__source_missing,1453,0,0.0
台北,EMT_處置_合併__CPR,1453,0,0.0
台北,EMT_處置_合併__保暖,1453,0,0.0
台北,EMT_處置_合併__傷口處置,1453,0,0.0
台北,EMT_處置_合併__固定,1453,0,0.0
台北,EMT_處置_合併__心理支持,1453,0,0.0
台北,EMT_處置_合併__生命徵象監測,1453,0,0.0
台北,EMT_處置_合併__給氧,1453,0,0.0
台北,EMT_處置_合併__給藥,1453,0,0.0
台北,EMT_處置_合併__OTHER_RARE,1453,0,0.0
台北,EMT_處置_合併__source_available,1453,0,0.0
台北,EMT_處置_合併__explicit_none,1453,0,0.0
台北,EMT_處置_合併__source_missing,1453,0,0.0
台北,EMT_特殊表登錄_合併__ACS,1453,0,0.0
台北,EMT_特殊表登錄_合併__CVA,1453,0,0.0
台北,EMT_特殊表登錄_合併__OHCA,1453,0,0.0
台北,EMT_特殊表登錄_合併__呼吸窘迫,1453,0,0.0
台北,EMT_特殊表登錄_合併__癲癇重積,1453,0,0.0
台北,EMT_特殊表登錄_合併__過敏性休克,1453,0,0.0
台北,EMT_特殊表登錄_合併__OTHER_RARE,1453,0,0.0
台北,EMT_特殊表登錄_合併__source_available,1453,0,0.0
台北,EMT_特殊表登錄_合併__explicit_none,1453,0,0.0
台北,EMT_特殊表登錄_合併__source_missing,1453,0,0.0
台北,EMT_問卷_一般處置__下肢抬高,1453,0,0.0
台北,EMT_問卷_一般處置__保暖,1453,0,0.0
台北,EMT_問卷_一般處置__其他,1453,0,0.0
台北,EMT_問卷_一般處置__半坐臥,1453,0,0.0
台北,EMT_問卷_一般處置__心律監視,1453,0,0.0
台北,EMT_問卷_一般處置__心理支持,1453,0,0.0
台北,EMT_問卷_一般處置__生命徵象監測,1453,0,0.0
台北,EMT_問卷_一般處置__生產/左側臥,1453,0,0.0
台北,EMT_問卷_一般處置__OTHER_RARE,1453,0,0.0
台北,EMT_問卷_一般處置__source_available,1453,0,0.0
台北,EMT_問卷_一般處置__explicit_none,1453,0,0.0
台北,EMT_問卷_一般處置__source_missing,1453,0,0.0
台北,EMT_問卷_呼吸給氧裝置__NRM,1453,0,0.0
台北,EMT_問卷_呼吸給氧裝置__口咽呼吸道,1453,0,0.0
台北,EMT_問卷_呼吸給氧裝置__正壓給氧,1453,0,0.0
台北,EMT_問卷_呼吸給氧裝置__氧氣面罩,1453,0,0.0
台北,EMT_問卷_呼吸給氧裝置__氧氣鼻管,1453,0,0.0
台北,EMT_問卷_呼吸給氧裝置__鼻咽呼吸道,1453,0,0.0
台北,EMT_問卷_呼吸給氧裝置__OTHER_RARE,1453,0,0.0
台北,EMT_問卷_呼吸給氧裝置__source_available,1453,0,0.0
台北,EMT_問卷_呼吸給氧裝置__explicit_none,1453,0,0.0
台北,EMT_問卷_呼吸給氧裝置__source_missing,1453,0,0.0
台北,EMT_問卷_創傷處置__KED固定,1453,0,0.0
台北,EMT_問卷_創傷處置__包紮止血,1453,0,0.0
台北,EMT_問卷_創傷處置__夾板\三角巾,1453,0,0.0
台北,EMT_問卷_創傷處置__抽吸式護木,1453,0,0.0
台北,EMT_問卷_創傷處置__清洗傷口,1453,0,0.0
台北,EMT_問卷_創傷處置__長背板\頭部固定,1453,0,0.0
台北,EMT_問卷_創傷處置__頸圈,1453,0,0.0
台北,EMT_問卷_創傷處置__OTHER_RARE,1453,0,0.0
台北,EMT_問卷_創傷處置__source_available,1453,0,0.0
台北,EMT_問卷_創傷處置__explicit_none,1453,0,0.0
台北,EMT_問卷_創傷處置__source_missing,1453,0,0.0
台北,EMT_問卷_加護處置__0.9%N.S.,1453,0,0.0
台北,EMT_問卷_加護處置__5%G.W.,1453,0,0.0
台北,EMT_問卷_加護處置__50%G.W.,1453,0,0.0
台北,EMT_問卷_加護處置__Berotec支氣管擴張劑,1453,0,0.0
台北,EMT_問卷_加護處置__IV,1453,0,0.0
台北,EMT_問卷_加護處置__不建議AED電擊,1453,0,0.0
台北,EMT_問卷_加護處置__糖粉（水）,1453,0,0.0
台北,EMT_問卷_加護處置__OTHER_RARE,1453,0,0.0
台北,EMT_問卷_加護處置__source_available,1453,0,0.0
台北,EMT_問卷_加護處置__explicit_none,1453,0,0.0
台北,EMT_問卷_加護處置__source_missing,1453,0,0.0
台北,EMT_台北_呼吸處置__OTHER_RARE,1453,0,0.0
台北,EMT_台北_呼吸處置__source_available,1453,0,0.0
台北,EMT_台北_呼吸處置__explicit_none,1453,0,0.0
台北,EMT_台北_呼吸處置__source_missing,1453,0,0.0
台北,EMT_台北_CPR處置__OTHER_RARE,1453,0,0.0
台北,EMT_台北_CPR處置__source_available,1453,0,0.0
台北,EMT_台北_CPR處置__explicit_none,1453,0,0.0
台北,EMT_台北_CPR處置__source_missing,1453,0,0.0
台北,EMT_台北_藥物處置__OTHER_RARE,1453,0,0.0
台北,EMT_台北_藥物處置__source_available,1453,0,0.0
台北,EMT_台北_藥物處置__explicit_none,1453,0,0.0
台北,EMT_台北_藥物處置__source_missing,1453,0,0.0
台北,EMT_台北_創傷處置__包紮,1453,0,0.0
台北,EMT_台北_創傷處置__止血,1453,0,0.0
台北,EMT_台北_創傷處置__清洗傷口,1453,0,0.0
台北,EMT_台北_創傷處置__OTHER_RARE,1453,0,0.0
台北,EMT_台北_創傷處置__source_available,1453,0,0.0
台北,EMT_台北_創傷處置__explicit_none,1453,0,0.0
台北,EMT_台北_創傷處置__source_missing,1453,0,0.0
台北,EMT_台北_後送姿勢__半坐臥,1453,0,0.0
台北,EMT_台北_後送姿勢__平躺,1453,0,0.0
台北,EMT_台北_後送姿勢__OTHER_RARE,1453,0,0.0
台北,EMT_台北_後送姿勢__source_available,1453,0,0.0
台北,EMT_台北_後送姿勢__explicit_none,1453,0,0.0
台北,EMT_台北_後送姿勢__source_missing,1453,0,0.0
台北,EMT_台北_其他處置__保暖,1453,0,0.0
台北,EMT_台北_其他處置__心理支持,1453,0,0.0
台北,EMT_台北_其他處置__OTHER_RARE,1453,0,0.0
台北,EMT_台北_其他處置__source_available,1453,0,0.0
台北,EMT_台北_其他處置__explicit_none,1453,0,0.0
台北,EMT_台北_其他處置__source_missing,1453,0,0.0
台北,EMT_台北_給藥__OTHER_RARE,1453,0,0.0
台北,EMT_台北_給藥__source_available,1453,0,0.0
台北,EMT_台北_給藥__explicit_none,1453,0,0.0
台北,EMT_台北_給藥__source_missing,1453,0,0.0
台北,EMT_補述_紅旗__DNR.放棄急救,1453,0,0.0
台北,EMT_補述_紅旗__休克.低血壓,1453,0,0.0
台北,EMT_補述_紅旗__呼吸窘迫.低血氧,1453,0,0.0
台北,EMT_補述_紅旗__大出血,1453,0,0.0
台北,EMT_補述_紅旗__心跳呼吸停止.PEA,1453,0,0.0
台北,EMT_補述_紅旗__意識改變,1453,0,0.0
台北,EMT_補述_紅旗__抽搐,1453,0,0.0
台北,EMT_補述_紅旗__疑似中風,1453,0,0.0
台北,EMT_補述_紅旗__胸痛疑似ACS,1453,0,0.0
台北,EMT_補述_紅旗__OTHER_RARE,1453,0,0.0
台北,EMT_補述_紅旗__source_available,1453,0,0.0
台北,EMT_補述_紅旗__explicit_none,1453,0,0.0
台北,EMT_補述_紅旗__source_missing,1453,0,0.0
台北,EMT_問卷_過去病史__HIV(+),1453,0,0.0
台北,EMT_問卷_過去病史__不詳,1453,0,0.0
台北,EMT_問卷_過去病史__其他,1453,0,0.0
台北,EMT_問卷_過去病史__心臟疾病,1453,0,0.0
台北,EMT_問卷_過去病史__惡性腫瘤,1453,0,0.0
台北,EMT_問卷_過去病史__氣喘,1453,0,0.0
台北,EMT_問卷_過去病史__癲癇,1453,0,0.0
台北,EMT_問卷_過去病史__精神疾病,1453,0,0.0
台北,EMT_問卷_過去病史__糖尿病,1453,0,0.0
台北,EMT_問卷_過去病史__肝臟疾病,1453,0,0.0
台北,EMT_問卷_過去病史__肺臟疾病,1453,0,0.0
台北,EMT_問卷_過去病史__腎臟疾病,1453,0,0.0
台北,EMT_問卷_過去病史__腦血管疾病,1453,0,0.0
台北,EMT_問卷_過去病史__高血壓,1453,0,0.0
台北,EMT_問卷_過去病史__OTHER_RARE,1453,0,0.0
台北,EMT_問卷_過去病史__source_available,1453,0,0.0
台北,EMT_問卷_過去病史__explicit_none,1453,0,0.0
台北,EMT_問卷_過去病史__source_missing,1453,0,0.0
台北,EMT_問卷_過敏史__不詳,1453,0,0.0
台北,EMT_問卷_過敏史__其他,1453,0,0.0
台北,EMT_問卷_過敏史__藥物,1453,0,0.0
台北,EMT_問卷_過敏史__食物,1453,0,0.0
台北,EMT_問卷_過敏史__OTHER_RARE,1453,0,0.0
台北,EMT_問卷_過敏史__source_available,1453,0,0.0
台北,EMT_問卷_過敏史__explicit_none,1453,0,0.0
台北,EMT_問卷_過敏史__source_missing,1453,0,0.0
台北,has_oxygen,1453,1242,0.8547832071576049
台北,has_ventilatory_support,1453,1220,0.8396421197522368
台北,has_airway_adjunct,1453,1220,0.8396421197522368
台北,has_advanced_airway,1453,1220,0.8396421197522368
台北,has_ALS_procedure,1453,0,0.0
台北,EMT_現場_收縮壓_ord,1453,14,0.0096352374397797
台北,EMT_現場_收縮壓_for_score,1453,24,0.0165175498967653
台北,EMT_車上_收縮壓_for_score,1453,1453,1.0
台北,EMT_現場_收縮壓_unmeasurable,1453,0,0.0
台北,EMT_車上_收縮壓_unmeasurable,1453,0,0.0
台北,MISS_EMT_現場_收縮壓_for_score,1453,0,0.0
台北,MISS_EMT_車上_收縮壓_for_score,1453,0,0.0
台北,prehosp_sbp,1453,24,0.0165175498967653
台北,prehosp_dbp,1453,1453,1.0
台北,prehosp_hr,1453,9,0.0061940812112869
台北,prehosp_rr,1453,9,0.0061940812112869
台北,prehosp_spo2,1453,23,0.0158293186510667
台北,prehosp_bt,1453,21,0.0144528561596696
台北,prehosp_gcs,1453,19,0.0130763936682725
台北,prehosp_gcs_e,1453,10,0.0068823124569855
台北,prehosp_gcs_v,1453,18,0.0123881624225739
台北,prehosp_gcs_m,1453,10,0.0068823124569855
台北,is_OHCA_hr0,1453,0,0.0
台北,現場時間,1453,21,0.0144528561596696
台北,運送時間,1453,21,0.0144528561596696
台北,派遣時間,1453,1453,1.0
台北,總到院前時間,1453,1453,1.0
台北,MISS_現場時間,1453,0,0.0
台北,MISS_運送時間,1453,0,0.0
台北,MISS_派遣時間,1453,0,0.0
台北,MISS_總到院前時間,1453,0,0.0
台北,MAP,1453,1453,1.0
台北,MISS_MAP,1453,0,0.0
台北,SI,1453,24,0.0165175498967653
台北,MISS_SI,1453,0,0.0
台北,mSI,1453,1453,1.0
台北,MISS_mSI,1453,0,0.0
台北,aSI,1453,31,0.0213351686166551
台北,MISS_aSI,1453,0,0.0
台北,rSI,1453,24,0.0165175498967653
台北,MISS_rSI,1453,0,0.0
台北,rSIG,1453,34,0.0233998623537508
台北,MISS_rSIG,1453,0,0.0
台北,rSIG_Age,1453,41,0.0282174810736407
台北,MISS_rSIG_Age,1453,0,0.0
台北,SI_G,1453,34,0.0233998623537508
台北,MISS_SI_G,1453,0,0.0
台北,SIA_G,1453,41,0.0282174810736407
台北,MISS_SIA_G,1453,0,0.0
台北,SIAVPU,1453,24,0.0165175498967653
台北,MISS_SIAVPU,1453,0,0.0
台北,sMS,1453,10,0.0068823124569855
台北,MISS_sMS,1453,0,0.0
台北,rSI_sMS,1453,25,0.0172057811424638
台北,MISS_rSI_sMS,1453,0,0.0
台北,rSI_GCS,1453,34,0.0233998623537508
台北,MISS_rSI_GCS,1453,0,0.0
台北,rSI_GCSM,1453,25,0.0172057811424638
台北,MISS_rSI_GCSM,1453,0,0.0
台北,qSOFA,1453,24,0.0165175498967653
台北,qSOFA_available,1453,0,0.0
台北,qSOFA_observed_components,1453,0,0.0
台北,qSOFA_required_components,1453,0,0.0
台北,MISS_qSOFA,1453,0,0.0
台北,NEWS2,1453,1249,0.8596008258774949
台北,NEWS2_available,1453,0,0.0
台北,NEWS2_observed_components,1453,0,0.0
台北,NEWS2_required_components,1453,0,0.0
台北,MISS_NEWS2,1453,0,0.0
台北,MEWS,1453,28,0.0192704748795595
台北,MEWS_available,1453,0,0.0
台北,MEWS_observed_components,1453,0,0.0
台北,MEWS_required_components,1453,0,0.0
台北,MISS_MEWS,1453,0,0.0
台北,REMS,1453,1453,1.0
台北,REMS_available,1453,0,0.0
台北,REMS_observed_components,1453,0,0.0
台北,REMS_required_components,1453,0,0.0
台北,MISS_REMS,1453,0,0.0
台北,RTS,1453,34,0.0233998623537508
台北,RTS_available,1453,0,0.0
台北,RTS_observed_components,1453,0,0.0
台北,RTS_required_components,1453,0,0.0
台北,MISS_RTS,1453,0,0.0
台北,kw_ohca,1453,0,0.0
台北,kw_chest_pain,1453,0,0.0
台北,kw_dyspnea,1453,0,0.0
台北,kw_bleeding,1453,0,0.0
台北,kw_stroke,1453,0,0.0
台北,kw_trauma,1453,0,0.0
台北,kw_seizure,1453,0,0.0
台北,kw_unconscious,1453,0,0.0
台北,is_text_missing,1453,0,0.0
台北,text_source_count,1453,0,0.0
台北,text_char_count,1453,0,0.0
新北,EMT_年齡,30835,12,0.0003891681530728
新北,MISS_EMT_年齡,30835,0,0.0
新北,MISSREASON_EMT_年齡__source_missing,30835,0,0.0
新北,MISSREASON_EMT_年齡__not_measured,30835,0,0.0
新北,MISSREASON_EMT_年齡__sentinel,30835,0,0.0
新北,MISSREASON_EMT_年齡__invalid_or_out_of_range,30835,0,0.0
新北,EMT_發生地點_到慈濟_開車km,30835,27,0.0008756283444138
新北,MISS_EMT_發生地點_到慈濟_開車km,30835,0,0.0
新北,MISSREASON_EMT_發生地點_到慈濟_開車km__source_missing,30835,0,0.0
新北,MISSREASON_EMT_發生地點_到慈濟_開車km__not_measured,30835,0,0.0
新北,MISSREASON_EMT_發生地點_到慈濟_開車km__sentinel,30835,0,0.0
新北,MISSREASON_EMT_發生地點_到慈濟_開車km__invalid_or_out_of_range,30835,0,0.0
新北,EMT_發生地點_到慈濟_直線km,30835,27,0.0008756283444138
新北,MISS_EMT_發生地點_到慈濟_直線km,30835,0,0.0
新北,MISSREASON_EMT_發生地點_到慈濟_直線km__source_missing,30835,0,0.0
新北,MISSREASON_EMT_發生地點_到慈濟_直線km__not_measured,30835,0,0.0
新北,MISSREASON_EMT_發生地點_到慈濟_直線km__sentinel,30835,0,0.0
新北,MISSREASON_EMT_發生地點_到慈濟_直線km__invalid_or_out_of_range,30835,0,0.0
新北,EMT_反應時間分,30835,36,0.0011675044592184
新北,MISS_EMT_反應時間分,30835,0,0.0
新北,MISSREASON_EMT_反應時間分__source_missing,30835,0,0.0
新北,MISSREASON_EMT_反應時間分__not_measured,30835,0,0.0
新北,MISSREASON_EMT_反應時間分__sentinel,30835,0,0.0
新北,MISSREASON_EMT_反應時間分__invalid_or_out_of_range,30835,0,0.0
新北,EMT_現場停留分,30835,0,0.0
新北,MISS_EMT_現場停留分,30835,0,0.0
新北,MISSREASON_EMT_現場停留分__source_missing,30835,0,0.0
新北,MISSREASON_EMT_現場停留分__not_measured,30835,0,0.0
新北,MISSREASON_EMT_現場停留分__sentinel,30835,0,0.0
新北,MISSREASON_EMT_現場停留分__invalid_or_out_of_range,30835,0,0.0
新北,EMT_送醫途中分,30835,1,3.243067942273391e-05
新北,MISS_EMT_送醫途中分,30835,0,0.0
新北,MISSREASON_EMT_送醫途中分__source_missing,30835,0,0.0
新北,MISSREASON_EMT_送醫途中分__not_measured,30835,0,0.0
新北,MISSREASON_EMT_送醫途中分__sentinel,30835,0,0.0
新北,MISSREASON_EMT_送醫途中分__invalid_or_out_of_range,30835,0,0.0
新北,EMT_現場_舒張壓,30835,30835,1.0
新北,MISS_EMT_現場_舒張壓,30835,0,0.0
新北,MISSREASON_EMT_現場_舒張壓__source_missing,30835,0,0.0
新北,MISSREASON_EMT_現場_舒張壓__not_measured,30835,0,0.0
新北,MISSREASON_EMT_現場_舒張壓__sentinel,30835,0,0.0
新北,MISSREASON_EMT_現場_舒張壓__invalid_or_out_of_range,30835,0,0.0
新北,EMT_現場_脈搏,30835,1203,0.0390141073455488
新北,MISS_EMT_現場_脈搏,30835,0,0.0
新北,MISSREASON_EMT_現場_脈搏__source_missing,30835,0,0.0
新北,MISSREASON_EMT_現場_脈搏__not_measured,30835,0,0.0
新北,MISSREASON_EMT_現場_脈搏__sentinel,30835,0,0.0
新北,MISSREASON_EMT_現場_脈搏__invalid_or_out_of_range,30835,0,0.0
新北,EMT_現場_呼吸,30835,1203,0.0390141073455488
新北,MISS_EMT_現場_呼吸,30835,0,0.0
新北,MISSREASON_EMT_現場_呼吸__source_missing,30835,0,0.0
新北,MISSREASON_EMT_現場_呼吸__not_measured,30835,0,0.0
新北,MISSREASON_EMT_現場_呼吸__sentinel,30835,0,0.0
新北,MISSREASON_EMT_現場_呼吸__invalid_or_out_of_range,30835,0,0.0
新北,EMT_現場_SPO2,30835,1257,0.0407653640343765
新北,MISS_EMT_現場_SPO2,30835,0,0.0
新北,MISSREASON_EMT_現場_SPO2__source_missing,30835,0,0.0
新北,MISSREASON_EMT_現場_SPO2__not_measured,30835,0,0.0
新北,MISSREASON_EMT_現場_SPO2__sentinel,30835,0,0.0
新北,MISSREASON_EMT_現場_SPO2__invalid_or_out_of_range,30835,0,0.0
新北,EMT_現場_體溫,30835,1224,0.0396951516134263
新北,MISS_EMT_現場_體溫,30835,0,0.0
新北,MISSREASON_EMT_現場_體溫__source_missing,30835,0,0.0
新北,MISSREASON_EMT_現場_體溫__not_measured,30835,0,0.0
新北,MISSREASON_EMT_現場_體溫__sentinel,30835,0,0.0
新北,MISSREASON_EMT_現場_體溫__invalid_or_out_of_range,30835,0,0.0
新北,EMT_現場_GCS,30835,1397,0.0453056591535592
新北,MISS_EMT_現場_GCS,30835,0,0.0
新北,MISSREASON_EMT_現場_GCS__source_missing,30835,0,0.0
新北,MISSREASON_EMT_現場_GCS__not_measured,30835,0,0.0
新北,MISSREASON_EMT_現場_GCS__sentinel,30835,0,0.0
新北,MISSREASON_EMT_現場_GCS__invalid_or_out_of_range,30835,0,0.0
新北,EMT_現場_GCS_E,30835,1397,0.0453056591535592
新北,MISS_EMT_現場_GCS_E,30835,0,0.0
新北,MISSREASON_EMT_現場_GCS_E__source_missing,30835,0,0.0
新北,MISSREASON_EMT_現場_GCS_E__not_measured,30835,0,0.0
新北,MISSREASON_EMT_現場_GCS_E__sentinel,30835,0,0.0
新北,MISSREASON_EMT_現場_GCS_E__invalid_or_out_of_range,30835,0,0.0
新北,EMT_現場_GCS_V,30835,1397,0.0453056591535592
新北,MISS_EMT_現場_GCS_V,30835,0,0.0
新北,MISSREASON_EMT_現場_GCS_V__source_missing,30835,0,0.0
新北,MISSREASON_EMT_現場_GCS_V__not_measured,30835,0,0.0
新北,MISSREASON_EMT_現場_GCS_V__sentinel,30835,0,0.0
新北,MISSREASON_EMT_現場_GCS_V__invalid_or_out_of_range,30835,0,0.0
新北,EMT_現場_GCS_M,30835,1397,0.0453056591535592
新北,MISS_EMT_現場_GCS_M,30835,0,0.0
新北,MISSREASON_EMT_現場_GCS_M__source_missing,30835,0,0.0
新北,MISSREASON_EMT_現場_GCS_M__not_measured,30835,0,0.0
新北,MISSREASON_EMT_現場_GCS_M__sentinel,30835,0,0.0
新北,MISSREASON_EMT_現場_GCS_M__invalid_or_out_of_range,30835,0,0.0
新北,EMT_車上_舒張壓,30835,1908,0.0618777363385762
新北,MISS_EMT_車上_舒張壓,30835,0,0.0
新北,MISSREASON_EMT_車上_舒張壓__source_missing,30835,0,0.0
新北,MISSREASON_EMT_車上_舒張壓__not_measured,30835,0,0.0
新北,MISSREASON_EMT_車上_舒張壓__sentinel,30835,0,0.0
新北,MISSREASON_EMT_車上_舒張壓__invalid_or_out_of_range,30835,0,0.0
新北,EMT_車上_脈搏,30835,1268,0.0411221015080265
新北,MISS_EMT_車上_脈搏,30835,0,0.0
新北,MISSREASON_EMT_車上_脈搏__source_missing,30835,0,0.0
新北,MISSREASON_EMT_車上_脈搏__not_measured,30835,0,0.0
新北,MISSREASON_EMT_車上_脈搏__sentinel,30835,0,0.0
新北,MISSREASON_EMT_車上_脈搏__invalid_or_out_of_range,30835,0,0.0
新北,EMT_車上_呼吸,30835,1265,0.0410248094697583
新北,MISS_EMT_車上_呼吸,30835,0,0.0
新北,MISSREASON_EMT_車上_呼吸__source_missing,30835,0,0.0
新北,MISSREASON_EMT_車上_呼吸__not_measured,30835,0,0.0
新北,MISSREASON_EMT_車上_呼吸__sentinel,30835,0,0.0
新北,MISSREASON_EMT_車上_呼吸__invalid_or_out_of_range,30835,0,0.0
新北,EMT_車上_SPO2,30835,1273,0.0412842549051402
新北,MISS_EMT_車上_SPO2,30835,0,0.0
新北,MISSREASON_EMT_車上_SPO2__source_missing,30835,0,0.0
新北,MISSREASON_EMT_車上_SPO2__not_measured,30835,0,0.0
新北,MISSREASON_EMT_車上_SPO2__sentinel,30835,0,0.0
新北,MISSREASON_EMT_車上_SPO2__invalid_or_out_of_range,30835,0,0.0
新北,EMT_車上_體溫,30835,1287,0.0417382844170585
新北,MISS_EMT_車上_體溫,30835,0,0.0
新北,MISSREASON_EMT_車上_體溫__source_missing,30835,0,0.0
新北,MISSREASON_EMT_車上_體溫__not_measured,30835,0,0.0
新北,MISSREASON_EMT_車上_體溫__sentinel,30835,0,0.0
新北,MISSREASON_EMT_車上_體溫__invalid_or_out_of_range,30835,0,0.0
新北,EMT_車上_GCS,30835,1461,0.0473812226366142
新北,MISS_EMT_車上_GCS,30835,0,0.0
新北,MISSREASON_EMT_車上_GCS__source_missing,30835,0,0.0
新北,MISSREASON_EMT_車上_GCS__not_measured,30835,0,0.0
新北,MISSREASON_EMT_車上_GCS__sentinel,30835,0,0.0
新北,MISSREASON_EMT_車上_GCS__invalid_or_out_of_range,30835,0,0.0
新北,EMT_車上_GCS_E,30835,1461,0.0473812226366142
新北,MISS_EMT_車上_GCS_E,30835,0,0.0
新北,MISSREASON_EMT_車上_GCS_E__source_missing,30835,0,0.0
新北,MISSREASON_EMT_車上_GCS_E__not_measured,30835,0,0.0
新北,MISSREASON_EMT_車上_GCS_E__sentinel,30835,0,0.0
新北,MISSREASON_EMT_車上_GCS_E__invalid_or_out_of_range,30835,0,0.0
新北,EMT_車上_GCS_V,30835,1461,0.0473812226366142
新北,MISS_EMT_車上_GCS_V,30835,0,0.0
新北,MISSREASON_EMT_車上_GCS_V__source_missing,30835,0,0.0
新北,MISSREASON_EMT_車上_GCS_V__not_measured,30835,0,0.0
新北,MISSREASON_EMT_車上_GCS_V__sentinel,30835,0,0.0
新北,MISSREASON_EMT_車上_GCS_V__invalid_or_out_of_range,30835,0,0.0
新北,EMT_車上_GCS_M,30835,1461,0.0473812226366142
新北,MISS_EMT_車上_GCS_M,30835,0,0.0
新北,MISSREASON_EMT_車上_GCS_M__source_missing,30835,0,0.0
新北,MISSREASON_EMT_車上_GCS_M__not_measured,30835,0,0.0
新北,MISSREASON_EMT_車上_GCS_M__sentinel,30835,0,0.0
新北,MISSREASON_EMT_車上_GCS_M__invalid_or_out_of_range,30835,0,0.0
新北,EMT_生命徵象量測次數,30835,0,0.0
新北,MISS_EMT_生命徵象量測次數,30835,0,0.0
新北,MISSREASON_EMT_生命徵象量測次數__source_missing,30835,0,0.0
新北,MISSREASON_EMT_生命徵象量測次數__not_measured,30835,0,0.0
新北,MISSREASON_EMT_生命徵象量測次數__sentinel,30835,0,0.0
新北,MISSREASON_EMT_生命徵象量測次數__invalid_or_out_of_range,30835,0,0.0
新北,EMT_問卷_疼痛指數,30835,9711,0.314934327874169
新北,MISS_EMT_問卷_疼痛指數,30835,0,0.0
新北,MISSREASON_EMT_問卷_疼痛指數__source_missing,30835,0,0.0
新北,MISSREASON_EMT_問卷_疼痛指數__not_measured,30835,0,0.0
新北,MISSREASON_EMT_問卷_疼痛指數__sentinel,30835,0,0.0
新北,MISSREASON_EMT_問卷_疼痛指數__invalid_or_out_of_range,30835,0,0.0
新北,EMT_問卷_左瞳孔尺寸mm,30835,1271,0.0412193935462947
新北,MISS_EMT_問卷_左瞳孔尺寸mm,30835,0,0.0
新北,MISSREASON_EMT_問卷_左瞳孔尺寸mm__source_missing,30835,0,0.0
新北,MISSREASON_EMT_問卷_左瞳孔尺寸mm__not_measured,30835,0,0.0
新北,MISSREASON_EMT_問卷_左瞳孔尺寸mm__sentinel,30835,0,0.0
新北,MISSREASON_EMT_問卷_左瞳孔尺寸mm__invalid_or_out_of_range,30835,0,0.0
新北,EMT_問卷_右瞳孔尺寸mm,30835,1271,0.0412193935462947
新北,MISS_EMT_問卷_右瞳孔尺寸mm,30835,0,0.0
新北,MISSREASON_EMT_問卷_右瞳孔尺寸mm__source_missing,30835,0,0.0
新北,MISSREASON_EMT_問卷_右瞳孔尺寸mm__not_measured,30835,0,0.0
新北,MISSREASON_EMT_問卷_右瞳孔尺寸mm__sentinel,30835,0,0.0
新北,MISSREASON_EMT_問卷_右瞳孔尺寸mm__invalid_or_out_of_range,30835,0,0.0
新北,EMT_問卷_血糖值mgdl,30835,24439,0.7925733744121939
新北,MISS_EMT_問卷_血糖值mgdl,30835,0,0.0
新北,MISSREASON_EMT_問卷_血糖值mgdl__source_missing,30835,0,0.0
新北,MISSREASON_EMT_問卷_血糖值mgdl__not_measured,30835,0,0.0
新北,MISSREASON_EMT_問卷_血糖值mgdl__sentinel,30835,0,0.0
新北,MISSREASON_EMT_問卷_血糖值mgdl__invalid_or_out_of_range,30835,0,0.0
新北,EMT_問卷_氧氣流量Lmin,30835,26801,0.8691746392086914
新北,MISS_EMT_問卷_氧氣流量Lmin,30835,0,0.0
新北,MISSREASON_EMT_問卷_氧氣流量Lmin__source_missing,30835,0,0.0
新北,MISSREASON_EMT_問卷_氧氣流量Lmin__not_measured,30835,0,0.0
新北,MISSREASON_EMT_問卷_氧氣流量Lmin__sentinel,30835,0,0.0
新北,MISSREASON_EMT_問卷_氧氣流量Lmin__invalid_or_out_of_range,30835,0,0.0
新北,EMT_問卷_靜脈輸液量ml,30835,29210,0.9473001459380574
新北,MISS_EMT_問卷_靜脈輸液量ml,30835,0,0.0
新北,MISSREASON_EMT_問卷_靜脈輸液量ml__source_missing,30835,0,0.0
新北,MISSREASON_EMT_問卷_靜脈輸液量ml__not_measured,30835,0,0.0
新北,MISSREASON_EMT_問卷_靜脈輸液量ml__sentinel,30835,0,0.0
新北,MISSREASON_EMT_問卷_靜脈輸液量ml__invalid_or_out_of_range,30835,0,0.0
新北,EMT_體重,30835,411,0.0133290092427436
新北,MISS_EMT_體重,30835,0,0.0
新北,MISSREASON_EMT_體重__source_missing,30835,0,0.0
新北,MISSREASON_EMT_體重__not_measured,30835,0,0.0
新北,MISSREASON_EMT_體重__sentinel,30835,0,0.0
新北,MISSREASON_EMT_體重__invalid_or_out_of_range,30835,0,0.0
新北,EMT_燒燙傷一級%,30835,0,0.0
新北,MISS_EMT_燒燙傷一級%,30835,0,0.0
新北,MISSREASON_EMT_燒燙傷一級%__source_missing,30835,0,0.0
新北,MISSREASON_EMT_燒燙傷一級%__not_measured,30835,0,0.0
新北,MISSREASON_EMT_燒燙傷一級%__sentinel,30835,0,0.0
新北,MISSREASON_EMT_燒燙傷一級%__invalid_or_out_of_range,30835,0,0.0
新北,EMT_燒燙傷二級%,30835,0,0.0
新北,MISS_EMT_燒燙傷二級%,30835,0,0.0
新北,MISSREASON_EMT_燒燙傷二級%__source_missing,30835,0,0.0
新北,MISSREASON_EMT_燒燙傷二級%__not_measured,30835,0,0.0
新北,MISSREASON_EMT_燒燙傷二級%__sentinel,30835,0,0.0
新北,MISSREASON_EMT_燒燙傷二級%__invalid_or_out_of_range,30835,0,0.0
新北,EMT_燒燙傷三級%,30835,0,0.0
新北,MISS_EMT_燒燙傷三級%,30835,0,0.0
新北,MISSREASON_EMT_燒燙傷三級%__source_missing,30835,0,0.0
新北,MISSREASON_EMT_燒燙傷三級%__not_measured,30835,0,0.0
新北,MISSREASON_EMT_燒燙傷三級%__sentinel,30835,0,0.0
新北,MISSREASON_EMT_燒燙傷三級%__invalid_or_out_of_range,30835,0,0.0
新北,EMT_燒燙傷總%,30835,0,0.0
新北,MISS_EMT_燒燙傷總%,30835,0,0.0
新北,MISSREASON_EMT_燒燙傷總%__source_missing,30835,0,0.0
新北,MISSREASON_EMT_燒燙傷總%__not_measured,30835,0,0.0
新北,MISSREASON_EMT_燒燙傷總%__sentinel,30835,0,0.0
新北,MISSREASON_EMT_燒燙傷總%__invalid_or_out_of_range,30835,0,0.0
新北,EMT_城市__台北,30835,0,0.0
新北,EMT_城市__新北,30835,0,0.0
新北,EMT_城市__OTHER_RARE,30835,0,0.0
新北,EMT_城市__MISSING,30835,0,0.0
新北,EMT_性別__女,30835,0,0.0
新北,EMT_性別__男,30835,0,0.0
新北,EMT_性別__OTHER_RARE,30835,0,0.0
新北,EMT_性別__MISSING,30835,0,0.0
新北,EMT_送醫路由__家屬指定送醫,30835,0,0.0
新北,EMT_送醫路由__就近適當,30835,0,0.0
新北,EMT_送醫路由__指揮中心,30835,0,0.0
新北,EMT_送醫路由__OTHER_RARE,30835,0,0.0
新北,EMT_送醫路由__MISSING,30835,0,0.0
新北,EMT_危急個案__0.0,30835,0,0.0
新北,EMT_危急個案__1.0,30835,0,0.0
新北,EMT_危急個案__OTHER_RARE,30835,0,0.0
新北,EMT_危急個案__MISSING,30835,0,0.0
新北,EMT_發生地區__三峽區,30835,0,0.0
新北,EMT_發生地區__三重區,30835,0,0.0
新北,EMT_發生地區__中和區,30835,0,0.0
新北,EMT_發生地區__土城區,30835,0,0.0
新北,EMT_發生地區__坪林區,30835,0,0.0
新北,EMT_發生地區__市文山區,30835,0,0.0
新北,EMT_發生地區__新店區,30835,0,0.0
新北,EMT_發生地區__新莊區,30835,0,0.0
新北,EMT_發生地區__板橋區,30835,0,0.0
新北,EMT_發生地區__樹林區,30835,0,0.0
新北,EMT_發生地區__永和區,30835,0,0.0
新北,EMT_發生地區__深坑區,30835,0,0.0
新北,EMT_發生地區__烏來區,30835,0,0.0
新北,EMT_發生地區__石碇區,30835,0,0.0
新北,EMT_發生地區__蘆洲區,30835,0,0.0
新北,EMT_發生地區__OTHER_RARE,30835,0,0.0
新北,EMT_發生地區__MISSING,30835,0,0.0
新北,EMT_距離_定位信心__Google地標,30835,0,0.0
新北,EMT_距離_定位信心__區內概略,30835,0,0.0
新北,EMT_距離_定位信心__國道概略,30835,0,0.0
新北,EMT_距離_定位信心__無,30835,0,0.0
新北,EMT_距離_定位信心__號,30835,0,0.0
新北,EMT_距離_定位信心__路名概略(OSM),30835,0,0.0
新北,EMT_距離_定位信心__路段中心,30835,0,0.0
新北,EMT_距離_定位信心__OTHER_RARE,30835,0,0.0
新北,EMT_距離_定位信心__MISSING,30835,0,0.0
新北,EMT_現場_意識__否,30835,0,0.0
新北,EMT_現場_意識__清,30835,0,0.0
新北,EMT_現場_意識__痛,30835,0,0.0
新北,EMT_現場_意識__聲,30835,0,0.0
新北,EMT_現場_意識__OTHER_RARE,30835,0,0.0
新北,EMT_現場_意識__MISSING,30835,0,0.0
新北,EMT_派遣分類__BLS,30835,0,0.0
新北,EMT_派遣分類__OTHER_RARE,30835,0,0.0
新北,EMT_派遣分類__MISSING,30835,0,0.0
新北,EMT_派遣原因__救護,30835,0,0.0
新北,EMT_派遣原因__救護-一般受傷,30835,0,0.0
新北,EMT_派遣原因__救護-其它,30835,0,0.0
新北,EMT_派遣原因__救護-割腕,30835,0,0.0
新北,EMT_派遣原因__救護-吞食藥物,30835,0,0.0
新北,EMT_派遣原因__救護-孕婦待產,30835,0,0.0
新北,EMT_派遣原因__救護-急病,30835,0,0.0
新北,EMT_派遣原因__救護-打架受傷,30835,0,0.0
新北,EMT_派遣原因__救護-精神異常,30835,0,0.0
新北,EMT_派遣原因__救護-路倒,30835,0,0.0
新北,EMT_派遣原因__救護-車禍,30835,0,0.0
新北,EMT_派遣原因__火警-集合住宅,30835,0,0.0
新北,EMT_派遣原因__緊急救援-其他,30835,0,0.0
新北,EMT_派遣原因__緊急救援-車禍救助,30835,0,0.0
新北,EMT_派遣原因__OTHER_RARE,30835,0,0.0
新北,EMT_派遣原因__MISSING,30835,0,0.0
新北,EMT_問卷_創傷導致的主訴群__肢體麻痺,30835,0,0.0
新北,EMT_問卷_創傷導致的主訴群__背部疼痛,30835,0,0.0
新北,EMT_問卷_創傷導致的主訴群__胸痛/悶,30835,0,0.0
新北,EMT_問卷_創傷導致的主訴群__OTHER_RARE,30835,0,0.0
新北,EMT_問卷_創傷導致的主訴群__MISSING,30835,0,0.0
新北,EMT_問卷_頸椎固定__GCS<15,30835,0,0.0
新北,EMT_問卷_頸椎固定__檢查無明顯異常,30835,0,0.0
新北,EMT_問卷_頸椎固定__肢體運動感覺異常,30835,0,0.0
新北,EMT_問卷_頸椎固定__轉向困難,30835,0,0.0
新北,EMT_問卷_頸椎固定__頸椎瘀青疼痛,30835,0,0.0
新北,EMT_問卷_頸椎固定__OTHER_RARE,30835,0,0.0
新北,EMT_問卷_頸椎固定__MISSING,30835,0,0.0
新北,EMT_問卷_膚色__其他,30835,0,0.0
新北,EMT_問卷_膚色__正常,30835,0,0.0
新北,EMT_問卷_膚色__溼冷,30835,0,0.0
新北,EMT_問卷_膚色__潮紅,30835,0,0.0
新北,EMT_問卷_膚色__發紺,30835,0,0.0
新北,EMT_問卷_膚色__蒼白,30835,0,0.0
新北,EMT_問卷_膚色__蒼白、溼冷,30835,0,0.0
新北,EMT_問卷_膚色__黃疸,30835,0,0.0
新北,EMT_問卷_膚色__OTHER_RARE,30835,0,0.0
新北,EMT_問卷_膚色__MISSING,30835,0,0.0
新北,EMT_問卷_左瞳孔光反射__+,30835,0,0.0
新北,EMT_問卷_左瞳孔光反射__-,30835,0,0.0
新北,EMT_問卷_左瞳孔光反射__無法測量,30835,0,0.0
新北,EMT_問卷_左瞳孔光反射__眼疾,30835,0,0.0
新北,EMT_問卷_左瞳孔光反射__OTHER_RARE,30835,0,0.0
新北,EMT_問卷_左瞳孔光反射__MISSING,30835,0,0.0
新北,EMT_問卷_右瞳孔光反射__+,30835,0,0.0
新北,EMT_問卷_右瞳孔光反射__-,30835,0,0.0
新北,EMT_問卷_右瞳孔光反射__無法測量,30835,0,0.0
新北,EMT_問卷_右瞳孔光反射__眼疾,30835,0,0.0
新北,EMT_問卷_右瞳孔光反射__OTHER_RARE,30835,0,0.0
新北,EMT_問卷_右瞳孔光反射__MISSING,30835,0,0.0
新北,EMT_問卷_氣管位置__其他,30835,0,0.0
新北,EMT_問卷_氣管位置__正常,30835,0,0.0
新北,EMT_問卷_氣管位置__OTHER_RARE,30835,0,0.0
新北,EMT_問卷_氣管位置__MISSING,30835,0,0.0
新北,EMT_問卷_頸靜脈怒張__其他,30835,0,0.0
新北,EMT_問卷_頸靜脈怒張__有,30835,0,0.0
新北,EMT_問卷_頸靜脈怒張__無,30835,0,0.0
新北,EMT_問卷_頸靜脈怒張__OTHER_RARE,30835,0,0.0
新北,EMT_問卷_頸靜脈怒張__MISSING,30835,0,0.0
新北,EMT_問卷_血糖狀態__High,30835,0,0.0
新北,EMT_問卷_血糖狀態__Low,30835,0,0.0
新北,EMT_問卷_血糖狀態__否,30835,0,0.0
新北,EMT_問卷_血糖狀態__否、其他,30835,0,0.0
新北,EMT_問卷_血糖狀態__否、創傷,30835,0,0.0
新北,EMT_問卷_血糖狀態__否、拒絕,30835,0,0.0
新北,EMT_問卷_血糖狀態__否、躁動,30835,0,0.0
新北,EMT_問卷_血糖狀態__血糖值紀錄,30835,0,0.0
新北,EMT_問卷_血糖狀態__OTHER_RARE,30835,0,0.0
新北,EMT_問卷_血糖狀態__MISSING,30835,0,0.0
新北,EMT_問卷_靜脈輸液種類__0.9%N.S.,30835,0,0.0
新北,EMT_問卷_靜脈輸液種類__5%G.W.,30835,0,0.0
新北,EMT_問卷_靜脈輸液種類__50%G.W.,30835,0,0.0
新北,EMT_問卷_靜脈輸液種類__IV,30835,0,0.0
新北,EMT_問卷_靜脈輸液種類__OTHER_RARE,30835,0,0.0
新北,EMT_問卷_靜脈輸液種類__MISSING,30835,0,0.0
新北,EMT_推定派遣類別__中毒/自傷,30835,0,0.0
新北,EMT_推定派遣類別__交通事故傷,30835,0,0.0
新北,EMT_推定派遣類別__內科急病,30835,0,0.0
新北,EMT_推定派遣類別__其他外傷,30835,0,0.0
新北,EMT_推定派遣類別__精神行為異常,30835,0,0.0
新北,EMT_推定派遣類別__路倒/無意識,30835,0,0.0
新北,EMT_推定派遣類別__OTHER_RARE,30835,0,0.0
新北,EMT_推定派遣類別__MISSING,30835,0,0.0
新北,EMT_有燒燙傷__False,30835,0,0.0
新北,EMT_有燒燙傷__True,30835,0,0.0
新北,EMT_有燒燙傷__OTHER_RARE,30835,0,0.0
新北,EMT_有燒燙傷__MISSING,30835,0,0.0
新北,EMT_心律臆斷__Atrial fibrillation,30835,0,0.0
新北,EMT_心律臆斷__Normal Sinus Rhythm,30835,0,0.0
新北,EMT_心律臆斷__ST段下降,30835,0,0.0
新北,EMT_心律臆斷__Sinus Bradycardia,30835,0,0.0
新北,EMT_心律臆斷__Sinus Tachycardia,30835,0,0.0
新北,EMT_心律臆斷__其他波形,30835,0,0.0
新北,EMT_心律臆斷__OTHER_RARE,30835,0,0.0
新北,EMT_心律臆斷__MISSING,30835,0,0.0
新北,"EMT_台北_創傷類型__創傷-一般外傷,肢體外傷,摔跌傷",30835,0,0.0
新北,"EMT_台北_創傷類型__創傷-一般外傷,頭部外傷,摔跌傷",30835,0,0.0
新北,EMT_台北_創傷類型__創傷-交通事故(機車),30835,0,0.0
新北,"EMT_台北_創傷類型__非創傷-一般疾病,噁心嘔吐腹瀉",30835,0,0.0
新北,"EMT_台北_創傷類型__非創傷-一般疾病,肢體無力",30835,0,0.0
新北,"EMT_台北_創傷類型__非創傷-一般疾病,頭痛頭暈昏倒昏厥",30835,0,0.0
新北,EMT_台北_創傷類型__非創傷-呼吸問題,30835,0,0.0
新北,EMT_台北_創傷類型__非創傷-昏迷,30835,0,0.0
新北,EMT_台北_創傷類型__非創傷-腹痛,30835,0,0.0
新北,EMT_台北_創傷類型__OTHER_RARE,30835,0,0.0
新北,EMT_台北_創傷類型__MISSING,30835,0,0.0
新北,EMT_特殊表類型__OHCA,30835,0,0.0
新北,EMT_特殊表類型__呼吸喘/慢/使用呼吸輔助肌肉,30835,0,0.0
新北,EMT_特殊表類型__心臟不適,30835,0,0.0
新北,EMT_特殊表類型__癲癇重積,30835,0,0.0
新北,EMT_特殊表類型__腦中風評估,30835,0,0.0
新北,EMT_特殊表類型__過敏性休克,30835,0,0.0
新北,EMT_特殊表類型__OTHER_RARE,30835,0,0.0
新北,EMT_特殊表類型__MISSING,30835,0,0.0
新北,EMT_台北_心梗登錄__OTHER_RARE,30835,0,0.0
新北,EMT_台北_心梗登錄__MISSING,30835,0,0.0
新北,EMT_台北_中風登錄__OTHER_RARE,30835,0,0.0
新北,EMT_台北_中風登錄__MISSING,30835,0,0.0
新北,EMT_台北_CPR停止登錄__OTHER_RARE,30835,0,0.0
新北,EMT_台北_CPR停止登錄__MISSING,30835,0,0.0
新北,EMT_問卷_交通事故患者__乘客,30835,0,0.0
新北,EMT_問卷_交通事故患者__行人,30835,0,0.0
新北,EMT_問卷_交通事故患者__駕駛,30835,0,0.0
新北,EMT_問卷_交通事故患者__OTHER_RARE,30835,0,0.0
新北,EMT_問卷_交通事故患者__MISSING,30835,0,0.0
新北,EMT_問卷_交通事故種類__人,30835,0,0.0
新北,EMT_問卷_交通事故種類__人、其他,30835,0,0.0
新北,EMT_問卷_交通事故種類__其他,30835,0,0.0
新北,EMT_問卷_交通事故種類__機車,30835,0,0.0
新北,EMT_問卷_交通事故種類__機車、人,30835,0,0.0
新北,EMT_問卷_交通事故種類__機車、人、其他,30835,0,0.0
新北,EMT_問卷_交通事故種類__機車、其他,30835,0,0.0
新北,EMT_問卷_交通事故種類__機車、腳踏車,30835,0,0.0
新北,EMT_問卷_交通事故種類__機車、腳踏車、其他,30835,0,0.0
新北,EMT_問卷_交通事故種類__汽車,30835,0,0.0
新北,EMT_問卷_交通事故種類__汽車、人,30835,0,0.0
新北,EMT_問卷_交通事故種類__汽車、人、其他,30835,0,0.0
新北,EMT_問卷_交通事故種類__汽車、其他,30835,0,0.0
新北,EMT_問卷_交通事故種類__汽車、機車,30835,0,0.0
新北,EMT_問卷_交通事故種類__汽車、機車、其他,30835,0,0.0
新北,EMT_問卷_交通事故種類__汽車、腳踏車,30835,0,0.0
新北,EMT_問卷_交通事故種類__腳踏車,30835,0,0.0
新北,EMT_問卷_交通事故種類__腳踏車、其他,30835,0,0.0
新北,EMT_問卷_交通事故種類__OTHER_RARE,30835,0,0.0
新北,EMT_問卷_交通事故種類__MISSING,30835,0,0.0
新北,EMT_問卷_保護裝置狀態__安全帶,30835,0,0.0
新北,EMT_問卷_保護裝置狀態__安全帽,30835,0,0.0
新北,EMT_問卷_保護裝置狀態__無,30835,0,0.0
新北,EMT_問卷_保護裝置狀態__OTHER_RARE,30835,0,0.0
新北,EMT_問卷_保護裝置狀態__MISSING,30835,0,0.0
新北,EMT_問卷_非交通事故種類__其他,30835,0,0.0
新北,EMT_問卷_非交通事故種類__切割,30835,0,0.0
新北,EMT_問卷_非交通事故種類__墜落,30835,0,0.0
新北,EMT_問卷_非交通事故種類__壓夾,30835,0,0.0
新北,EMT_問卷_非交通事故種類__撞擊,30835,0,0.0
新北,EMT_問卷_非交通事故種類__生物咬螫,30835,0,0.0
新北,EMT_問卷_非交通事故種類__跌摔,30835,0,0.0
新北,EMT_問卷_非交通事故種類__鈍毆,30835,0,0.0
新北,EMT_問卷_非交通事故種類__OTHER_RARE,30835,0,0.0
新北,EMT_問卷_非交通事故種類__MISSING,30835,0,0.0
新北,EMT_問卷_危急個案__否,30835,0,0.0
新北,EMT_問卷_危急個案__是,30835,0,0.0
新北,EMT_問卷_危急個案__OTHER_RARE,30835,0,0.0
新北,EMT_問卷_危急個案__MISSING,30835,0,0.0
新北,EMT_現場_意識_AVPU,30835,1,3.243067942273391e-05
新北,EMT_過去病史__HIV(+),30835,0,0.0
新北,EMT_過去病史__不詳,30835,0,0.0
新北,EMT_過去病史__其他,30835,0,0.0
新北,EMT_過去病史__心臟疾病,30835,0,0.0
新北,EMT_過去病史__惡性腫瘤,30835,0,0.0
新北,EMT_過去病史__氣喘,30835,0,0.0
新北,EMT_過去病史__癲癇,30835,0,0.0
新北,EMT_過去病史__精神疾病,30835,0,0.0
新北,EMT_過去病史__糖尿病,30835,0,0.0
新北,EMT_過去病史__肝臟疾病,30835,0,0.0
新北,EMT_過去病史__肺臟疾病,30835,0,0.0
新北,EMT_過去病史__腎臟疾病,30835,0,0.0
新北,EMT_過去病史__腦血管疾病,30835,0,0.0
新北,EMT_過去病史__高血壓,30835,0,0.0
新北,EMT_過去病史__OTHER_RARE,30835,0,0.0
新北,EMT_過去病史__source_available,30835,0,0.0
新北,EMT_過去病史__explicit_none,30835,0,0.0
新北,EMT_過去病史__source_missing,30835,0,0.0
新北,EMT_過敏史__不清楚,30835,0,0.0
新北,EMT_過敏史__不詳,30835,0,0.0
新北,EMT_過敏史__其他,30835,0,0.0
新北,EMT_過敏史__藥物,30835,0,0.0
新北,EMT_過敏史__食物,30835,0,0.0
新北,EMT_過敏史__OTHER_RARE,30835,0,0.0
新北,EMT_過敏史__source_available,30835,0,0.0
新北,EMT_過敏史__explicit_none,30835,0,0.0
新北,EMT_過敏史__source_missing,30835,0,0.0
新北,EMT_主訴_結構化__OHCA,30835,0,0.0
新北,EMT_主訴_結構化__上腹痛,30835,0,0.0
新北,EMT_主訴_結構化__下腹痛,30835,0,0.0
新北,EMT_主訴_結構化__其他,30835,0,0.0
新北,EMT_主訴_結構化__冒冷汗,30835,0,0.0
新北,EMT_主訴_結構化__吐.咳血,30835,0,0.0
新北,EMT_主訴_結構化__呼吸喘.慢.使用輔助肌,30835,0,0.0
新北,EMT_主訴_結構化__呼吸道梗塞,30835,0,0.0
新北,EMT_主訴_結構化__嘔吐.噁心,30835,0,0.0
新北,EMT_主訴_結構化__心臟不適,30835,0,0.0
新北,EMT_主訴_結構化__急產,30835,0,0.0
新北,EMT_主訴_結構化__急產（接生）,30835,0,0.0
新北,EMT_主訴_結構化__挫.擦傷,30835,0,0.0
新北,EMT_主訴_結構化__撕裂.切割傷,30835,0,0.0
新北,EMT_主訴_結構化__斷肢,30835,0,0.0
新北,EMT_主訴_結構化__昏厥,30835,0,0.0
新北,EMT_主訴_結構化__無意識.意識不清,30835,0,0.0
新北,EMT_主訴_結構化__燒燙傷,30835,0,0.0
新北,EMT_主訴_結構化__疑似一氧化碳中毒,30835,0,0.0
新北,EMT_主訴_結構化__疑似毒物.氣中毒,30835,0,0.0
新北,EMT_主訴_結構化__疑似藥物過量,30835,0,0.0
新北,EMT_主訴_結構化__癲癇.抽搐,30835,0,0.0
新北,EMT_主訴_結構化__發燒.發冷,30835,0,0.0
新北,EMT_主訴_結構化__碎裂傷,30835,0,0.0
新北,EMT_主訴_結構化__穿刺傷,30835,0,0.0
新北,EMT_主訴_結構化__肢體無力,30835,0,0.0
新北,EMT_主訴_結構化__肢體疼痛,30835,0,0.0
新北,EMT_主訴_結構化__肢體麻痺,30835,0,0.0
新北,EMT_主訴_結構化__背.肩痛,30835,0,0.0
新北,EMT_主訴_結構化__胸痛.悶,30835,0,0.0
新北,EMT_主訴_結構化__腹瀉,30835,0,0.0
新北,EMT_主訴_結構化__虛弱,30835,0,0.0
新北,EMT_主訴_結構化__血便.尿,30835,0,0.0
新北,EMT_主訴_結構化__血腫,30835,0,0.0
新北,EMT_主訴_結構化__行為神智異常,30835,0,0.0
新北,EMT_主訴_結構化__過敏,30835,0,0.0
新北,EMT_主訴_結構化__非外傷出血,30835,0,0.0
新北,EMT_主訴_結構化__頭暈,30835,0,0.0
新北,EMT_主訴_結構化__頭痛,30835,0,0.0
新北,EMT_主訴_結構化__骨折.脫位,30835,0,0.0
新北,EMT_主訴_結構化__OTHER_RARE,30835,0,0.0
新北,EMT_主訴_結構化__source_available,30835,0,0.0
新北,EMT_主訴_結構化__explicit_none,30835,0,0.0
新北,EMT_主訴_結構化__source_missing,30835,0,0.0
新北,EMT_紅旗__DNR.放棄急救,30835,0,0.0
新北,EMT_紅旗__休克.低血壓,30835,0,0.0
新北,EMT_紅旗__呼吸窘迫.低血氧,30835,0,0.0
新北,EMT_紅旗__大出血,30835,0,0.0
新北,EMT_紅旗__心跳呼吸停止.PEA,30835,0,0.0
新北,EMT_紅旗__意識改變,30835,0,0.0
新北,EMT_紅旗__抽搐,30835,0,0.0
新北,EMT_紅旗__疑似中風,30835,0,0.0
新北,EMT_紅旗__胸痛疑似ACS,30835,0,0.0
新北,EMT_紅旗__OTHER_RARE,30835,0,0.0
新北,EMT_紅旗__source_available,30835,0,0.0
新北,EMT_紅旗__explicit_none,30835,0,0.0
新北,EMT_紅旗__source_missing,30835,0,0.0
新北,EMT_創傷機轉_合併__交通-機車,30835,0,0.0
新北,EMT_創傷機轉_合併__交通-汽車,30835,0,0.0
新北,EMT_創傷機轉_合併__交通-腳踏車,30835,0,0.0
新北,EMT_創傷機轉_合併__交通-行人,30835,0,0.0
新北,EMT_創傷機轉_合併__其他外傷,30835,0,0.0
新北,EMT_創傷機轉_合併__燒燙,30835,0,0.0
新北,EMT_創傷機轉_合併__生物咬螫,30835,0,0.0
新北,EMT_創傷機轉_合併__穿刺切割,30835,0,0.0
新北,EMT_創傷機轉_合併__跌落墜落,30835,0,0.0
新北,EMT_創傷機轉_合併__鈍傷撞擊,30835,0,0.0
新北,EMT_創傷機轉_合併__OTHER_RARE,30835,0,0.0
新北,EMT_創傷機轉_合併__source_available,30835,0,0.0
新北,EMT_創傷機轉_合併__explicit_none,30835,0,0.0
新北,EMT_創傷機轉_合併__source_missing,30835,0,0.0
新北,EMT_處置_合併__CPR,30835,0,0.0
新北,EMT_處置_合併__保暖,30835,0,0.0
新北,EMT_處置_合併__傷口處置,30835,0,0.0
新北,EMT_處置_合併__固定,30835,0,0.0
新北,EMT_處置_合併__心理支持,30835,0,0.0
新北,EMT_處置_合併__生命徵象監測,30835,0,0.0
新北,EMT_處置_合併__給氧,30835,0,0.0
新北,EMT_處置_合併__給藥,30835,0,0.0
新北,EMT_處置_合併__OTHER_RARE,30835,0,0.0
新北,EMT_處置_合併__source_available,30835,0,0.0
新北,EMT_處置_合併__explicit_none,30835,0,0.0
新北,EMT_處置_合併__source_missing,30835,0,0.0
新北,EMT_特殊表登錄_合併__ACS,30835,0,0.0
新北,EMT_特殊表登錄_合併__CVA,30835,0,0.0
新北,EMT_特殊表登錄_合併__OHCA,30835,0,0.0
新北,EMT_特殊表登錄_合併__呼吸窘迫,30835,0,0.0
新北,EMT_特殊表登錄_合併__癲癇重積,30835,0,0.0
新北,EMT_特殊表登錄_合併__過敏性休克,30835,0,0.0
新北,EMT_特殊表登錄_合併__OTHER_RARE,30835,0,0.0
新北,EMT_特殊表登錄_合併__source_available,30835,0,0.0
新北,EMT_特殊表登錄_合併__explicit_none,30835,0,0.0
新北,EMT_特殊表登錄_合併__source_missing,30835,0,0.0
新北,EMT_問卷_一般處置__下肢抬高,30835,0,0.0
新北,EMT_問卷_一般處置__保暖,30835,0,0.0
新北,EMT_問卷_一般處置__其他,30835,0,0.0
新北,EMT_問卷_一般處置__半坐臥,30835,0,0.0
新北,EMT_問卷_一般處置__心律監視,30835,0,0.0
新北,EMT_問卷_一般處置__心理支持,30835,0,0.0
新北,EMT_問卷_一般處置__生命徵象監測,30835,0,0.0
新北,EMT_問卷_一般處置__生產/左側臥,30835,0,0.0
新北,EMT_問卷_一般處置__OTHER_RARE,30835,0,0.0
新北,EMT_問卷_一般處置__source_available,30835,0,0.0
新北,EMT_問卷_一般處置__explicit_none,30835,0,0.0
新北,EMT_問卷_一般處置__source_missing,30835,0,0.0
新北,EMT_問卷_呼吸給氧裝置__NRM,30835,0,0.0
新北,EMT_問卷_呼吸給氧裝置__口咽呼吸道,30835,0,0.0
新北,EMT_問卷_呼吸給氧裝置__正壓給氧,30835,0,0.0
新北,EMT_問卷_呼吸給氧裝置__氧氣面罩,30835,0,0.0
新北,EMT_問卷_呼吸給氧裝置__氧氣鼻管,30835,0,0.0
新北,EMT_問卷_呼吸給氧裝置__鼻咽呼吸道,30835,0,0.0
新北,EMT_問卷_呼吸給氧裝置__OTHER_RARE,30835,0,0.0
新北,EMT_問卷_呼吸給氧裝置__source_available,30835,0,0.0
新北,EMT_問卷_呼吸給氧裝置__explicit_none,30835,0,0.0
新北,EMT_問卷_呼吸給氧裝置__source_missing,30835,0,0.0
新北,EMT_問卷_創傷處置__KED固定,30835,0,0.0
新北,EMT_問卷_創傷處置__包紮止血,30835,0,0.0
新北,EMT_問卷_創傷處置__夾板\三角巾,30835,0,0.0
新北,EMT_問卷_創傷處置__抽吸式護木,30835,0,0.0
新北,EMT_問卷_創傷處置__清洗傷口,30835,0,0.0
新北,EMT_問卷_創傷處置__長背板\頭部固定,30835,0,0.0
新北,EMT_問卷_創傷處置__頸圈,30835,0,0.0
新北,EMT_問卷_創傷處置__OTHER_RARE,30835,0,0.0
新北,EMT_問卷_創傷處置__source_available,30835,0,0.0
新北,EMT_問卷_創傷處置__explicit_none,30835,0,0.0
新北,EMT_問卷_創傷處置__source_missing,30835,0,0.0
新北,EMT_問卷_加護處置__0.9%N.S.,30835,0,0.0
新北,EMT_問卷_加護處置__5%G.W.,30835,0,0.0
新北,EMT_問卷_加護處置__50%G.W.,30835,0,0.0
新北,EMT_問卷_加護處置__Berotec支氣管擴張劑,30835,0,0.0
新北,EMT_問卷_加護處置__IV,30835,0,0.0
新北,EMT_問卷_加護處置__不建議AED電擊,30835,0,0.0
新北,EMT_問卷_加護處置__糖粉（水）,30835,0,0.0
新北,EMT_問卷_加護處置__OTHER_RARE,30835,0,0.0
新北,EMT_問卷_加護處置__source_available,30835,0,0.0
新北,EMT_問卷_加護處置__explicit_none,30835,0,0.0
新北,EMT_問卷_加護處置__source_missing,30835,0,0.0
新北,EMT_台北_呼吸處置__OTHER_RARE,30835,0,0.0
新北,EMT_台北_呼吸處置__source_available,30835,0,0.0
新北,EMT_台北_呼吸處置__explicit_none,30835,0,0.0
新北,EMT_台北_呼吸處置__source_missing,30835,0,0.0
新北,EMT_台北_CPR處置__OTHER_RARE,30835,0,0.0
新北,EMT_台北_CPR處置__source_available,30835,0,0.0
新北,EMT_台北_CPR處置__explicit_none,30835,0,0.0
新北,EMT_台北_CPR處置__source_missing,30835,0,0.0
新北,EMT_台北_藥物處置__OTHER_RARE,30835,0,0.0
新北,EMT_台北_藥物處置__source_available,30835,0,0.0
新北,EMT_台北_藥物處置__explicit_none,30835,0,0.0
新北,EMT_台北_藥物處置__source_missing,30835,0,0.0
新北,EMT_台北_創傷處置__包紮,30835,0,0.0
新北,EMT_台北_創傷處置__止血,30835,0,0.0
新北,EMT_台北_創傷處置__清洗傷口,30835,0,0.0
新北,EMT_台北_創傷處置__OTHER_RARE,30835,0,0.0
新北,EMT_台北_創傷處置__source_available,30835,0,0.0
新北,EMT_台北_創傷處置__explicit_none,30835,0,0.0
新北,EMT_台北_創傷處置__source_missing,30835,0,0.0
新北,EMT_台北_後送姿勢__半坐臥,30835,0,0.0
新北,EMT_台北_後送姿勢__平躺,30835,0,0.0
新北,EMT_台北_後送姿勢__OTHER_RARE,30835,0,0.0
新北,EMT_台北_後送姿勢__source_available,30835,0,0.0
新北,EMT_台北_後送姿勢__explicit_none,30835,0,0.0
新北,EMT_台北_後送姿勢__source_missing,30835,0,0.0
新北,EMT_台北_其他處置__保暖,30835,0,0.0
新北,EMT_台北_其他處置__心理支持,30835,0,0.0
新北,EMT_台北_其他處置__OTHER_RARE,30835,0,0.0
新北,EMT_台北_其他處置__source_available,30835,0,0.0
新北,EMT_台北_其他處置__explicit_none,30835,0,0.0
新北,EMT_台北_其他處置__source_missing,30835,0,0.0
新北,EMT_台北_給藥__OTHER_RARE,30835,0,0.0
新北,EMT_台北_給藥__source_available,30835,0,0.0
新北,EMT_台北_給藥__explicit_none,30835,0,0.0
新北,EMT_台北_給藥__source_missing,30835,0,0.0
新北,EMT_補述_紅旗__DNR.放棄急救,30835,0,0.0
新北,EMT_補述_紅旗__休克.低血壓,30835,0,0.0
新北,EMT_補述_紅旗__呼吸窘迫.低血氧,30835,0,0.0
新北,EMT_補述_紅旗__大出血,30835,0,0.0
新北,EMT_補述_紅旗__心跳呼吸停止.PEA,30835,0,0.0
新北,EMT_補述_紅旗__意識改變,30835,0,0.0
新北,EMT_補述_紅旗__抽搐,30835,0,0.0
新北,EMT_補述_紅旗__疑似中風,30835,0,0.0
新北,EMT_補述_紅旗__胸痛疑似ACS,30835,0,0.0
新北,EMT_補述_紅旗__OTHER_RARE,30835,0,0.0
新北,EMT_補述_紅旗__source_available,30835,0,0.0
新北,EMT_補述_紅旗__explicit_none,30835,0,0.0
新北,EMT_補述_紅旗__source_missing,30835,0,0.0
新北,EMT_問卷_過去病史__HIV(+),30835,0,0.0
新北,EMT_問卷_過去病史__不詳,30835,0,0.0
新北,EMT_問卷_過去病史__其他,30835,0,0.0
新北,EMT_問卷_過去病史__心臟疾病,30835,0,0.0
新北,EMT_問卷_過去病史__惡性腫瘤,30835,0,0.0
新北,EMT_問卷_過去病史__氣喘,30835,0,0.0
新北,EMT_問卷_過去病史__癲癇,30835,0,0.0
新北,EMT_問卷_過去病史__精神疾病,30835,0,0.0
新北,EMT_問卷_過去病史__糖尿病,30835,0,0.0
新北,EMT_問卷_過去病史__肝臟疾病,30835,0,0.0
新北,EMT_問卷_過去病史__肺臟疾病,30835,0,0.0
新北,EMT_問卷_過去病史__腎臟疾病,30835,0,0.0
新北,EMT_問卷_過去病史__腦血管疾病,30835,0,0.0
新北,EMT_問卷_過去病史__高血壓,30835,0,0.0
新北,EMT_問卷_過去病史__OTHER_RARE,30835,0,0.0
新北,EMT_問卷_過去病史__source_available,30835,0,0.0
新北,EMT_問卷_過去病史__explicit_none,30835,0,0.0
新北,EMT_問卷_過去病史__source_missing,30835,0,0.0
新北,EMT_問卷_過敏史__不詳,30835,0,0.0
新北,EMT_問卷_過敏史__其他,30835,0,0.0
新北,EMT_問卷_過敏史__藥物,30835,0,0.0
新北,EMT_問卷_過敏史__食物,30835,0,0.0
新北,EMT_問卷_過敏史__OTHER_RARE,30835,0,0.0
新北,EMT_問卷_過敏史__source_available,30835,0,0.0
新北,EMT_問卷_過敏史__explicit_none,30835,0,0.0
新北,EMT_問卷_過敏史__source_missing,30835,0,0.0
新北,has_oxygen,30835,26796,0.8690124858115778
新北,has_ventilatory_support,30835,26777,0.8683963029025458
新北,has_airway_adjunct,30835,26777,0.8683963029025458
新北,has_advanced_airway,30835,26777,0.8683963029025458
新北,has_ALS_procedure,30835,28593,0.9272904167342306
新北,EMT_現場_收縮壓_ord,30835,341,0.0110588616831522
新北,EMT_現場_收縮壓_for_score,30835,1059,0.0343440895086752
新北,EMT_車上_收縮壓_for_score,30835,1120,0.0363223609534619
新北,EMT_現場_收縮壓_unmeasurable,30835,0,0.0
新北,EMT_車上_收縮壓_unmeasurable,30835,0,0.0
新北,MISS_EMT_現場_收縮壓_for_score,30835,0,0.0
新北,MISS_EMT_車上_收縮壓_for_score,30835,0,0.0
新北,prehosp_sbp,30835,936,0.0303551159396789
新北,prehosp_dbp,30835,1908,0.0618777363385762
新北,prehosp_hr,30835,1081,0.0350575644559753
新北,prehosp_rr,30835,1081,0.0350575644559753
新北,prehosp_spo2,30835,1082,0.035089995135398
新北,prehosp_bt,30835,1081,0.0350575644559753
新北,prehosp_gcs,30835,1286,0.0417058537376358
新北,prehosp_gcs_e,30835,1286,0.0417058537376358
新北,prehosp_gcs_v,30835,1286,0.0417058537376358
新北,prehosp_gcs_m,30835,1286,0.0417058537376358
新北,is_OHCA_hr0,30835,0,0.0
新北,現場時間,30835,0,0.0
新北,運送時間,30835,1,3.243067942273391e-05
新北,派遣時間,30835,36,0.0011675044592184
新北,總到院前時間,30835,37,0.0011999351386411
新北,MISS_現場時間,30835,0,0.0
新北,MISS_運送時間,30835,0,0.0
新北,MISS_派遣時間,30835,0,0.0
新北,MISS_總到院前時間,30835,0,0.0
新北,MAP,30835,1908,0.0618777363385762
新北,MISS_MAP,30835,0,0.0
新北,SI,30835,1082,0.035089995135398
新北,MISS_SI,30835,0,0.0
新北,mSI,30835,1908,0.0618777363385762
新北,MISS_mSI,30835,0,0.0
新北,aSI,30835,1093,0.0354467326090481
新北,MISS_aSI,30835,0,0.0
新北,rSI,30835,1082,0.035089995135398
新北,MISS_rSI,30835,0,0.0
新北,rSIG,30835,1287,0.0417382844170585
新北,MISS_rSIG,30835,0,0.0
新北,rSIG_Age,30835,1298,0.0420950218907086
新北,MISS_rSIG_Age,30835,0,0.0
新北,SI_G,30835,1287,0.0417382844170585
新北,MISS_SI_G,30835,0,0.0
新北,SIA_G,30835,1298,0.0420950218907086
新北,MISS_SIA_G,30835,0,0.0
新北,SIAVPU,30835,1082,0.035089995135398
新北,MISS_SIAVPU,30835,0,0.0
新北,sMS,30835,1286,0.0417058537376358
新北,MISS_sMS,30835,0,0.0
新北,rSI_sMS,30835,1287,0.0417382844170585
新北,MISS_rSI_sMS,30835,0,0.0
新北,rSI_GCS,30835,1287,0.0417382844170585
新北,MISS_rSI_GCS,30835,0,0.0
新北,rSI_GCSM,30835,1287,0.0417382844170585
新北,MISS_rSI_GCSM,30835,0,0.0
新北,qSOFA,30835,1082,0.035089995135398
新北,qSOFA_available,30835,0,0.0
新北,qSOFA_observed_components,30835,0,0.0
新北,qSOFA_required_components,30835,0,0.0
新北,MISS_qSOFA,30835,0,0.0
新北,NEWS2,30835,26935,0.8735203502513378
新北,NEWS2_available,30835,0,0.0
新北,NEWS2_observed_components,30835,0,0.0
新北,NEWS2_required_components,30835,0,0.0
新北,MISS_NEWS2,30835,0,0.0
新北,MEWS,30835,1082,0.035089995135398
新北,MEWS_available,30835,0,0.0
新北,MEWS_observed_components,30835,0,0.0
新北,MEWS_required_components,30835,0,0.0
新北,MISS_MEWS,30835,0,0.0
新北,REMS,30835,2111,0.0684611642613912
新北,REMS_available,30835,0,0.0
新北,REMS_observed_components,30835,0,0.0
新北,REMS_required_components,30835,0,0.0
新北,MISS_REMS,30835,0,0.0
新北,RTS,30835,1287,0.0417382844170585
新北,RTS_available,30835,0,0.0
新北,RTS_observed_components,30835,0,0.0
新北,RTS_required_components,30835,0,0.0
新北,MISS_RTS,30835,0,0.0
新北,kw_ohca,30835,0,0.0
新北,kw_chest_pain,30835,0,0.0
新北,kw_dyspnea,30835,0,0.0
新北,kw_bleeding,30835,0,0.0
新北,kw_stroke,30835,0,0.0
新北,kw_trauma,30835,0,0.0
新北,kw_seizure,30835,0,0.0
新北,kw_unconscious,30835,0,0.0
新北,is_text_missing,30835,0,0.0
新北,text_source_count,30835,0,0.0
新北,text_char_count,30835,0,0.0
