group,analysis_split,outcome,n,events,patient_groups,row_set_sha256,group_set_sha256
medicine,train_2020_2023,P1,15995,129,12203,90328990dd3a6ffbc3bf59b5d8f16b5c002fb269370cf99bae78713cbcf56766,6d5b55bf7a5289a12316825719505039811fe36de1e4e02c87e02ba7e4393dde
medicine,train_2020_2023,P2,15995,1581,12203,90328990dd3a6ffbc3bf59b5d8f16b5c002fb269370cf99bae78713cbcf56766,6d5b55bf7a5289a12316825719505039811fe36de1e4e02c87e02ba7e4393dde
medicine,train_2020_2023,P3,15995,703,12203,90328990dd3a6ffbc3bf59b5d8f16b5c002fb269370cf99bae78713cbcf56766,6d5b55bf7a5289a12316825719505039811fe36de1e4e02c87e02ba7e4393dde
medicine,train_2020_2023,S1,15995,427,12203,90328990dd3a6ffbc3bf59b5d8f16b5c002fb269370cf99bae78713cbcf56766,6d5b55bf7a5289a12316825719505039811fe36de1e4e02c87e02ba7e4393dde
medicine,train_2020_2023,S2,15995,696,12203,90328990dd3a6ffbc3bf59b5d8f16b5c002fb269370cf99bae78713cbcf56766,6d5b55bf7a5289a12316825719505039811fe36de1e4e02c87e02ba7e4393dde
medicine,train_2020_2023,S3,15995,6010,12203,90328990dd3a6ffbc3bf59b5d8f16b5c002fb269370cf99bae78713cbcf56766,6d5b55bf7a5289a12316825719505039811fe36de1e4e02c87e02ba7e4393dde
medicine,train_2020_2023,S4,15995,2086,12203,90328990dd3a6ffbc3bf59b5d8f16b5c002fb269370cf99bae78713cbcf56766,6d5b55bf7a5289a12316825719505039811fe36de1e4e02c87e02ba7e4393dde
medicine,train_2020_2023,S5,15995,351,12203,90328990dd3a6ffbc3bf59b5d8f16b5c002fb269370cf99bae78713cbcf56766,6d5b55bf7a5289a12316825719505039811fe36de1e4e02c87e02ba7e4393dde
medicine,train_2020_2023,S6,15995,1018,12203,90328990dd3a6ffbc3bf59b5d8f16b5c002fb269370cf99bae78713cbcf56766,6d5b55bf7a5289a12316825719505039811fe36de1e4e02c87e02ba7e4393dde
medicine,validation_2024,P1,4770,98,4071,51c63206c91a59e76546c6c74d104c6fdcec6d93f74046eb4039054410cc3b0c,53d0db8e6838b3834c4523bba82b0cd5837cb04e2b0c9f678b17bab60a17cbd5
medicine,validation_2024,P2,4770,568,4071,51c63206c91a59e76546c6c74d104c6fdcec6d93f74046eb4039054410cc3b0c,53d0db8e6838b3834c4523bba82b0cd5837cb04e2b0c9f678b17bab60a17cbd5
medicine,validation_2024,P3,4770,253,4071,51c63206c91a59e76546c6c74d104c6fdcec6d93f74046eb4039054410cc3b0c,53d0db8e6838b3834c4523bba82b0cd5837cb04e2b0c9f678b17bab60a17cbd5
medicine,validation_2024,S1,4770,174,4071,51c63206c91a59e76546c6c74d104c6fdcec6d93f74046eb4039054410cc3b0c,53d0db8e6838b3834c4523bba82b0cd5837cb04e2b0c9f678b17bab60a17cbd5
medicine,validation_2024,S2,4770,267,4071,51c63206c91a59e76546c6c74d104c6fdcec6d93f74046eb4039054410cc3b0c,53d0db8e6838b3834c4523bba82b0cd5837cb04e2b0c9f678b17bab60a17cbd5
medicine,validation_2024,S3,4770,1606,4071,51c63206c91a59e76546c6c74d104c6fdcec6d93f74046eb4039054410cc3b0c,53d0db8e6838b3834c4523bba82b0cd5837cb04e2b0c9f678b17bab60a17cbd5
medicine,validation_2024,S4,4770,615,4071,51c63206c91a59e76546c6c74d104c6fdcec6d93f74046eb4039054410cc3b0c,53d0db8e6838b3834c4523bba82b0cd5837cb04e2b0c9f678b17bab60a17cbd5
medicine,validation_2024,S5,4770,90,4071,51c63206c91a59e76546c6c74d104c6fdcec6d93f74046eb4039054410cc3b0c,53d0db8e6838b3834c4523bba82b0cd5837cb04e2b0c9f678b17bab60a17cbd5
medicine,validation_2024,S6,4770,288,4071,51c63206c91a59e76546c6c74d104c6fdcec6d93f74046eb4039054410cc3b0c,53d0db8e6838b3834c4523bba82b0cd5837cb04e2b0c9f678b17bab60a17cbd5
medicine,overall_le2024,P1,20765,227,16274,b31df2c755d698313bcbfaadb5bdf2a35313fff770376c7d51b5a54cbe4df8f9,1d37ecaf099e4cb101935a18b2e427f897960cb6602657ba6c8bc1cb7ff1b662
medicine,overall_le2024,P2,20765,2149,16274,b31df2c755d698313bcbfaadb5bdf2a35313fff770376c7d51b5a54cbe4df8f9,1d37ecaf099e4cb101935a18b2e427f897960cb6602657ba6c8bc1cb7ff1b662
medicine,overall_le2024,P3,20765,956,16274,b31df2c755d698313bcbfaadb5bdf2a35313fff770376c7d51b5a54cbe4df8f9,1d37ecaf099e4cb101935a18b2e427f897960cb6602657ba6c8bc1cb7ff1b662
medicine,overall_le2024,S1,20765,601,16274,b31df2c755d698313bcbfaadb5bdf2a35313fff770376c7d51b5a54cbe4df8f9,1d37ecaf099e4cb101935a18b2e427f897960cb6602657ba6c8bc1cb7ff1b662
medicine,overall_le2024,S2,20765,963,16274,b31df2c755d698313bcbfaadb5bdf2a35313fff770376c7d51b5a54cbe4df8f9,1d37ecaf099e4cb101935a18b2e427f897960cb6602657ba6c8bc1cb7ff1b662
medicine,overall_le2024,S3,20765,7616,16274,b31df2c755d698313bcbfaadb5bdf2a35313fff770376c7d51b5a54cbe4df8f9,1d37ecaf099e4cb101935a18b2e427f897960cb6602657ba6c8bc1cb7ff1b662
medicine,overall_le2024,S4,20765,2701,16274,b31df2c755d698313bcbfaadb5bdf2a35313fff770376c7d51b5a54cbe4df8f9,1d37ecaf099e4cb101935a18b2e427f897960cb6602657ba6c8bc1cb7ff1b662
medicine,overall_le2024,S5,20765,441,16274,b31df2c755d698313bcbfaadb5bdf2a35313fff770376c7d51b5a54cbe4df8f9,1d37ecaf099e4cb101935a18b2e427f897960cb6602657ba6c8bc1cb7ff1b662
medicine,overall_le2024,S6,20765,1306,16274,b31df2c755d698313bcbfaadb5bdf2a35313fff770376c7d51b5a54cbe4df8f9,1d37ecaf099e4cb101935a18b2e427f897960cb6602657ba6c8bc1cb7ff1b662
surgery,train_2020_2023,P1,8731,9,8433,8d1e3051000a39aedc99b63fdb659548869186cbf87a10499706e591229d3b80,cc9a949929dbb7e67a5b84b67ce43b424e2c48cd50a099218c047619e00c96df
surgery,train_2020_2023,P2,8731,120,8433,8d1e3051000a39aedc99b63fdb659548869186cbf87a10499706e591229d3b80,cc9a949929dbb7e67a5b84b67ce43b424e2c48cd50a099218c047619e00c96df
surgery,train_2020_2023,P3,8731,56,8433,8d1e3051000a39aedc99b63fdb659548869186cbf87a10499706e591229d3b80,cc9a949929dbb7e67a5b84b67ce43b424e2c48cd50a099218c047619e00c96df
surgery,train_2020_2023,S1,8731,33,8433,8d1e3051000a39aedc99b63fdb659548869186cbf87a10499706e591229d3b80,cc9a949929dbb7e67a5b84b67ce43b424e2c48cd50a099218c047619e00c96df
surgery,train_2020_2023,S2,8731,52,8433,8d1e3051000a39aedc99b63fdb659548869186cbf87a10499706e591229d3b80,cc9a949929dbb7e67a5b84b67ce43b424e2c48cd50a099218c047619e00c96df
surgery,train_2020_2023,S3,8731,1613,8433,8d1e3051000a39aedc99b63fdb659548869186cbf87a10499706e591229d3b80,cc9a949929dbb7e67a5b84b67ce43b424e2c48cd50a099218c047619e00c96df
surgery,train_2020_2023,S4,8731,425,8433,8d1e3051000a39aedc99b63fdb659548869186cbf87a10499706e591229d3b80,cc9a949929dbb7e67a5b84b67ce43b424e2c48cd50a099218c047619e00c96df
surgery,train_2020_2023,S5,8731,34,8433,8d1e3051000a39aedc99b63fdb659548869186cbf87a10499706e591229d3b80,cc9a949929dbb7e67a5b84b67ce43b424e2c48cd50a099218c047619e00c96df
surgery,train_2020_2023,S6,8731,103,8433,8d1e3051000a39aedc99b63fdb659548869186cbf87a10499706e591229d3b80,cc9a949929dbb7e67a5b84b67ce43b424e2c48cd50a099218c047619e00c96df
surgery,validation_2024,P1,2712,9,2657,ad5a28fd7848d894a1b7b5ee934c94433784acc664c67ec7880f0cec88717a4e,69d89782191388fa698f7f5f0b373b7cb453da53ba26336777091ac8ec3baf8c
surgery,validation_2024,P2,2712,41,2657,ad5a28fd7848d894a1b7b5ee934c94433784acc664c67ec7880f0cec88717a4e,69d89782191388fa698f7f5f0b373b7cb453da53ba26336777091ac8ec3baf8c
surgery,validation_2024,P3,2712,32,2657,ad5a28fd7848d894a1b7b5ee934c94433784acc664c67ec7880f0cec88717a4e,69d89782191388fa698f7f5f0b373b7cb453da53ba26336777091ac8ec3baf8c
surgery,validation_2024,S1,2712,17,2657,ad5a28fd7848d894a1b7b5ee934c94433784acc664c67ec7880f0cec88717a4e,69d89782191388fa698f7f5f0b373b7cb453da53ba26336777091ac8ec3baf8c
surgery,validation_2024,S2,2712,24,2657,ad5a28fd7848d894a1b7b5ee934c94433784acc664c67ec7880f0cec88717a4e,69d89782191388fa698f7f5f0b373b7cb453da53ba26336777091ac8ec3baf8c
surgery,validation_2024,S3,2712,521,2657,ad5a28fd7848d894a1b7b5ee934c94433784acc664c67ec7880f0cec88717a4e,69d89782191388fa698f7f5f0b373b7cb453da53ba26336777091ac8ec3baf8c
surgery,validation_2024,S4,2712,140,2657,ad5a28fd7848d894a1b7b5ee934c94433784acc664c67ec7880f0cec88717a4e,69d89782191388fa698f7f5f0b373b7cb453da53ba26336777091ac8ec3baf8c
surgery,validation_2024,S5,2712,14,2657,ad5a28fd7848d894a1b7b5ee934c94433784acc664c67ec7880f0cec88717a4e,69d89782191388fa698f7f5f0b373b7cb453da53ba26336777091ac8ec3baf8c
surgery,validation_2024,S6,2712,42,2657,ad5a28fd7848d894a1b7b5ee934c94433784acc664c67ec7880f0cec88717a4e,69d89782191388fa698f7f5f0b373b7cb453da53ba26336777091ac8ec3baf8c
surgery,overall_le2024,P1,11443,18,11090,3b56fc262c03ee96e9d6d210d6f073b8f80195e8a43324a9f65196f809b6e14a,82558be3f9ed9fd3f389794fd3201f73180a01d70ca918d513929b118d892b58
surgery,overall_le2024,P2,11443,161,11090,3b56fc262c03ee96e9d6d210d6f073b8f80195e8a43324a9f65196f809b6e14a,82558be3f9ed9fd3f389794fd3201f73180a01d70ca918d513929b118d892b58
surgery,overall_le2024,P3,11443,88,11090,3b56fc262c03ee96e9d6d210d6f073b8f80195e8a43324a9f65196f809b6e14a,82558be3f9ed9fd3f389794fd3201f73180a01d70ca918d513929b118d892b58
surgery,overall_le2024,S1,11443,50,11090,3b56fc262c03ee96e9d6d210d6f073b8f80195e8a43324a9f65196f809b6e14a,82558be3f9ed9fd3f389794fd3201f73180a01d70ca918d513929b118d892b58
surgery,overall_le2024,S2,11443,76,11090,3b56fc262c03ee96e9d6d210d6f073b8f80195e8a43324a9f65196f809b6e14a,82558be3f9ed9fd3f389794fd3201f73180a01d70ca918d513929b118d892b58
surgery,overall_le2024,S3,11443,2134,11090,3b56fc262c03ee96e9d6d210d6f073b8f80195e8a43324a9f65196f809b6e14a,82558be3f9ed9fd3f389794fd3201f73180a01d70ca918d513929b118d892b58
surgery,overall_le2024,S4,11443,565,11090,3b56fc262c03ee96e9d6d210d6f073b8f80195e8a43324a9f65196f809b6e14a,82558be3f9ed9fd3f389794fd3201f73180a01d70ca918d513929b118d892b58
surgery,overall_le2024,S5,11443,48,11090,3b56fc262c03ee96e9d6d210d6f073b8f80195e8a43324a9f65196f809b6e14a,82558be3f9ed9fd3f389794fd3201f73180a01d70ca918d513929b118d892b58
surgery,overall_le2024,S6,11443,145,11090,3b56fc262c03ee96e9d6d210d6f073b8f80195e8a43324a9f65196f809b6e14a,82558be3f9ed9fd3f389794fd3201f73180a01d70ca918d513929b118d892b58
