task_id,outcome,model_a,split,model_b,comparison_variant,n_common,events_common,patient_groups_common,auroc_a,auroc_b,auroc_difference,auroc_delong_p,auprc_a,auprc_b,auprc_difference,auprc_difference_lower_ci,auprc_difference_upper_ci,auprc_paired_bootstrap_p,bootstrap_b,bootstrap_success,bootstrap_method,source_id
P1_03-evaluation-P1,P1,score_rSI_sMS,validation_2024,logistic_l2,raw_validation_2024,7289,60,6434,0.8738184165629179,0.7732143680545949,0.10060404850832305,0.008306024754299497,0.06236502513085726,0.07386469797937395,-0.01149967284851669,-0.07948369794420686,0.03282556568090019,0.637,2000,2000,paired_outcome_stratified_patient_group_cluster,s0012
P1_03-evaluation-P1,P1,score_rSI_sMS,validation_2024,catboost,raw_validation_2024,7289,60,6434,0.8738184165629179,0.927562595103057,-0.05374417854013913,0.008158404932573242,0.06236502513085726,0.21870424430252786,-0.1563392191716706,-0.26968279878172896,-0.07670363299680232,0.0,2000,2000,paired_outcome_stratified_patient_group_cluster,s0012
P1_03-evaluation-P1,P1,score_rSI_sMS,validation_2024,xgboost,raw_validation_2024,7289,60,6434,0.8738184165629179,0.9169571632775395,-0.04313874671462159,0.02577667118803295,0.06236502513085726,0.196136468402607,-0.13377144327174975,-0.2325821155200736,-0.058391280090142994,0.0,2000,2000,paired_outcome_stratified_patient_group_cluster,s0012
P1_03-evaluation-P1,P1,score_rSI_sMS,validation_2024,lightgbm,raw_validation_2024,7289,60,6434,0.8738184165629179,0.9172453543597546,-0.043426937796836707,0.03376563769810223,0.06236502513085726,0.19452836745771251,-0.13216334232685525,-0.2429204489074526,-0.05944013991752428,0.0,2000,2000,paired_outcome_stratified_patient_group_cluster,s0012
P1_03-evaluation-P1,P1,logistic_l2,validation_2024,catboost,raw_validation_2024,7504,107,6600,0.8325874723144896,0.9551990640307576,-0.12261159171626801,1.8194181065035688e-08,0.273667127191066,0.4761768753460093,-0.20250974815494327,-0.28739256904688837,-0.12001506716726217,0.0,2000,2000,paired_outcome_stratified_patient_group_cluster,s0012
P1_03-evaluation-P1,P1,logistic_l2,validation_2024,xgboost,raw_validation_2024,7504,107,6600,0.8325874723144896,0.9466391401414314,-0.11405166782694176,1.625084255131683e-07,0.273667127191066,0.45237254155128687,-0.17870541436022086,-0.2574591790656823,-0.09980775594677112,0.0,2000,2000,paired_outcome_stratified_patient_group_cluster,s0012
P1_03-evaluation-P1,P1,logistic_l2,validation_2024,lightgbm,raw_validation_2024,7504,107,6600,0.8325874723144896,0.9486846776730653,-0.1160972053585757,1.1130777554438078e-07,0.273667127191066,0.46249772481422885,-0.18883059762316284,-0.2780196170637451,-0.096981453973589,0.0,2000,2000,paired_outcome_stratified_patient_group_cluster,s0012
P1_03-evaluation-P1,P1,catboost,validation_2024,xgboost,raw_validation_2024,7504,107,6600,0.9551990640307576,0.9466391401414314,0.008559923889326249,0.1374596048996665,0.4761768753460093,0.45237254155128687,0.02380433379472241,-0.013000551125769063,0.06193993354434135,0.188,2000,2000,paired_outcome_stratified_patient_group_cluster,s0012
P1_03-evaluation-P1,P1,catboost,validation_2024,lightgbm,raw_validation_2024,7504,107,6600,0.9551990640307576,0.9486846776730653,0.006514386357692303,0.19840990695966965,0.4761768753460093,0.46249772481422885,0.013679150531780426,-0.02832003781418659,0.06147095903249758,0.505,2000,2000,paired_outcome_stratified_patient_group_cluster,s0012
P1_03-evaluation-P1,P1,xgboost,validation_2024,lightgbm,raw_validation_2024,7504,107,6600,0.9466391401414314,0.9486846776730653,-0.0020455375316339452,0.5276456697764712,0.45237254155128687,0.46249772481422885,-0.010125183262941984,-0.047307811042770834,0.027275961177207066,0.624,2000,2000,paired_outcome_stratified_patient_group_cluster,s0012
P1_03-evaluation-P2,P2,score_rSI_sMS,validation_2024,logistic_l2,raw_validation_2024,7289,526,6434,0.7526071461300556,0.8675273476965081,-0.11492020156645244,1.0439817134133526e-17,0.27583384778486986,0.4130543238235219,-0.13722047603865206,-0.17976982110333942,-0.0962050075796565,0.0,2000,2000,paired_outcome_stratified_patient_group_cluster,s0017
P1_03-evaluation-P2,P2,score_rSI_sMS,validation_2024,catboost,raw_validation_2024,7289,526,6434,0.7526071461300556,0.9025130589221492,-0.14990591279209353,5.763649069213844e-45,0.27583384778486986,0.47159214679240974,-0.19575829900753988,-0.2288919106112901,-0.15753169183298035,0.0,2000,2000,paired_outcome_stratified_patient_group_cluster,s0017
P1_03-evaluation-P2,P2,score_rSI_sMS,validation_2024,xgboost,raw_validation_2024,7289,526,6434,0.7526071461300556,0.9077130146193586,-0.15510586848930297,7.92165827694716e-46,0.27583384778486986,0.487656406315416,-0.21182255853054616,-0.24863449466771145,-0.16898003088981786,0.0,2000,2000,paired_outcome_stratified_patient_group_cluster,s0017
P1_03-evaluation-P2,P2,score_rSI_sMS,validation_2024,lightgbm,raw_validation_2024,7289,526,6434,0.7526071461300556,0.9059707005631739,-0.15336355443311822,1.9844897118735473e-44,0.27583384778486986,0.47890522268058994,-0.20307137489572008,-0.2401715091371227,-0.1610677644245688,0.0,2000,2000,paired_outcome_stratified_patient_group_cluster,s0017
P1_03-evaluation-P2,P2,logistic_l2,validation_2024,catboost,raw_validation_2024,7504,609,6600,0.8775488770687689,0.9120606898456913,-0.03451181277692239,1.2747331985727078e-07,0.5099494348148722,0.561071102118452,-0.05112166730357981,-0.07961277421368984,-0.02297420673443428,0.0,2000,2000,paired_outcome_stratified_patient_group_cluster,s0017
P1_03-evaluation-P2,P2,logistic_l2,validation_2024,xgboost,raw_validation_2024,7504,609,6600,0.8775488770687689,0.9148417917841037,-0.0372929147153348,1.2546301902060024e-08,0.5099494348148722,0.5677344096030265,-0.05778497478815425,-0.08654143965895257,-0.027863318459626855,0.0,2000,2000,paired_outcome_stratified_patient_group_cluster,s0017
P1_03-evaluation-P2,P2,logistic_l2,validation_2024,lightgbm,raw_validation_2024,7504,609,6600,0.8775488770687689,0.9129337434256041,-0.03538486635683513,2.541767284471468e-08,0.5099494348148722,0.5590406287516254,-0.04909119393675321,-0.07832198608183852,-0.019822083318679126,0.001,2000,2000,paired_outcome_stratified_patient_group_cluster,s0017
P1_03-evaluation-P2,P2,catboost,validation_2024,xgboost,raw_validation_2024,7504,609,6600,0.9120606898456913,0.9148417917841037,-0.0027811019384124114,0.21836805636548717,0.561071102118452,0.5677344096030265,-0.006663307484574443,-0.021855797523258856,0.009632573779957848,0.392,2000,2000,paired_outcome_stratified_patient_group_cluster,s0017
P1_03-evaluation-P2,P2,catboost,validation_2024,lightgbm,raw_validation_2024,7504,609,6600,0.9120606898456913,0.9129337434256041,-0.0008730535799127415,0.7083515349759193,0.561071102118452,0.5590406287516254,0.0020304733668266017,-0.014769493087289772,0.018090415567971162,0.776,2000,2000,paired_outcome_stratified_patient_group_cluster,s0017
P1_03-evaluation-P2,P2,xgboost,validation_2024,lightgbm,raw_validation_2024,7504,609,6600,0.9148417917841037,0.9129337434256041,0.00190804835849967,0.18186023866688494,0.5677344096030265,0.5590406287516254,0.008693780851401045,-0.004779877752513528,0.021707270615734908,0.207,2000,2000,paired_outcome_stratified_patient_group_cluster,s0017
P1_03-evaluation-P3,P3,score_rSI_sMS,validation_2024,logistic_l2,raw_validation_2024,7289,237,6434,0.7210460090323599,0.8363507015994506,-0.11530469256709064,9.91164105663166e-07,0.11397601661632588,0.2818575875679471,-0.1678815709516212,-0.22952032807670333,-0.11202952203984733,0.0,2000,2000,paired_outcome_stratified_patient_group_cluster,s0022
P1_03-evaluation-P3,P3,score_rSI_sMS,validation_2024,catboost,raw_validation_2024,7289,237,6434,0.7210460090323599,0.9129684010999662,-0.1919223920676063,7.9942102467585045e-25,0.11397601661632588,0.3942884493926289,-0.280312432776303,-0.3389495137230264,-0.2214138482213945,0.0,2000,2000,paired_outcome_stratified_patient_group_cluster,s0022
P1_03-evaluation-P3,P3,score_rSI_sMS,validation_2024,xgboost,raw_validation_2024,7289,237,6434,0.7210460090323599,0.9145898700670845,-0.19354386103472454,2.0290608736760513e-25,0.11397601661632588,0.38959701275353664,-0.27562099613721075,-0.3362803942675649,-0.2154105352764978,0.0,2000,2000,paired_outcome_stratified_patient_group_cluster,s0022
P1_03-evaluation-P3,P3,score_rSI_sMS,validation_2024,lightgbm,raw_validation_2024,7289,237,6434,0.7210460090323599,0.9160809035231948,-0.1950348944908349,1.9866358615134967e-25,0.11397601661632588,0.3921109881211963,-0.27813497150487043,-0.3363702006917104,-0.21777044254388736,0.0,2000,2000,paired_outcome_stratified_patient_group_cluster,s0022
P1_03-evaluation-P3,P3,logistic_l2,validation_2024,catboost,raw_validation_2024,7504,285,6600,0.8490299720766107,0.9205026696121102,-0.07147269753549956,2.6085193743201173e-09,0.31447474289014676,0.41692004054430054,-0.10244529765415378,-0.14379912662380362,-0.058904946139797555,0.0,2000,2000,paired_outcome_stratified_patient_group_cluster,s0022
P1_03-evaluation-P3,P3,logistic_l2,validation_2024,xgboost,raw_validation_2024,7504,285,6600,0.8490299720766107,0.921710981984675,-0.07268100990806436,6.823347933028773e-10,0.31447474289014676,0.4171820689712603,-0.10270732608111355,-0.14468665134293807,-0.05725611336399941,0.0,2000,2000,paired_outcome_stratified_patient_group_cluster,s0022
P1_03-evaluation-P3,P3,logistic_l2,validation_2024,lightgbm,raw_validation_2024,7504,285,6600,0.8490299720766107,0.9224526894185179,-0.0734227173419072,9.646646976589168e-10,0.31447474289014676,0.4174361741236196,-0.10296143123347284,-0.1447279250264102,-0.055050474846102836,0.0,2000,2000,paired_outcome_stratified_patient_group_cluster,s0022
P1_03-evaluation-P3,P3,catboost,validation_2024,xgboost,raw_validation_2024,7504,285,6600,0.9205026696121102,0.921710981984675,-0.0012083123725648015,0.7132038852322498,0.41692004054430054,0.4171820689712603,-0.0002620284269597706,-0.021953490934976866,0.023113446038276197,0.98,2000,2000,paired_outcome_stratified_patient_group_cluster,s0022
P1_03-evaluation-P3,P3,catboost,validation_2024,lightgbm,raw_validation_2024,7504,285,6600,0.9205026696121102,0.9224526894185179,-0.0019500198064076324,0.5012483126074931,0.41692004054430054,0.4174361741236196,-0.0005161335793190669,-0.028464715674306112,0.0271101091083676,0.97,2000,2000,paired_outcome_stratified_patient_group_cluster,s0022
P1_03-evaluation-P3,P3,xgboost,validation_2024,lightgbm,raw_validation_2024,7504,285,6600,0.921710981984675,0.9224526894185179,-0.0007417074338428309,0.7287397606565014,0.4171820689712603,0.4174361741236196,-0.0002541051523592963,-0.022022025152755927,0.022556117969554226,0.965,2000,2000,paired_outcome_stratified_patient_group_cluster,s0022
P1_03-evaluation-S1,S1,score_rSI_sMS,validation_2024,logistic_l2,raw_validation_2024,7289,135,6434,0.7996365669555494,0.8256442912020212,-0.026007724246471797,0.3371863141578423,0.10085625516790192,0.15695022544489334,-0.05609397027699142,-0.10523013832784074,-0.013711111188809239,0.007,2000,2000,paired_outcome_stratified_patient_group_cluster,s0027
P1_03-evaluation-S1,S1,score_rSI_sMS,validation_2024,catboost,raw_validation_2024,7289,135,6434,0.7996365669555494,0.9135039708425228,-0.11386740388697336,1.6711305815594624e-09,0.10085625516790192,0.22692846260682725,-0.12607220743892533,-0.1862811246298098,-0.07770158374916972,0.0,2000,2000,paired_outcome_stratified_patient_group_cluster,s0027
P1_03-evaluation-S1,S1,score_rSI_sMS,validation_2024,xgboost,raw_validation_2024,7289,135,6434,0.7996365669555494,0.9162395551828038,-0.11660298822725434,5.38248480875323e-10,0.10085625516790192,0.23418836717314698,-0.13333211200524506,-0.19787966278572683,-0.08381019716308805,0.0,2000,2000,paired_outcome_stratified_patient_group_cluster,s0027
P1_03-evaluation-S1,S1,score_rSI_sMS,validation_2024,lightgbm,raw_validation_2024,7289,135,6434,0.7996365669555494,0.9189068016856666,-0.11927023473011722,9.542970152628754e-11,0.10085625516790192,0.23854510717727542,-0.1376888520093735,-0.19909749296459103,-0.09157298891239925,0.0,2000,2000,paired_outcome_stratified_patient_group_cluster,s0027
P1_03-evaluation-S1,S1,logistic_l2,validation_2024,catboost,raw_validation_2024,7504,191,6600,0.8503267866232622,0.9350278461292842,-0.08470105950602203,1.7759744965741712e-08,0.30975503520869274,0.4389840626531891,-0.12922902744449638,-0.18685735006518506,-0.07551657150077692,0.0,2000,2000,paired_outcome_stratified_patient_group_cluster,s0027
P1_03-evaluation-S1,S1,logistic_l2,validation_2024,xgboost,raw_validation_2024,7504,191,6600,0.8503267866232622,0.9362091319839947,-0.08588234536073247,3.699904095725164e-08,0.30975503520869274,0.45419952924520735,-0.1444444940365146,-0.20470278578625328,-0.0854388610638866,0.0,2000,2000,paired_outcome_stratified_patient_group_cluster,s0027
P1_03-evaluation-S1,S1,logistic_l2,validation_2024,lightgbm,raw_validation_2024,7504,191,6600,0.8503267866232622,0.9371233756424585,-0.08679658901919629,4.270590936072114e-08,0.30975503520869274,0.4515612262612018,-0.14180619105250908,-0.20377199221371017,-0.08477829601673,0.0,2000,2000,paired_outcome_stratified_patient_group_cluster,s0027
P1_03-evaluation-S1,S1,catboost,validation_2024,xgboost,raw_validation_2024,7504,191,6600,0.9350278461292842,0.9362091319839947,-0.0011812858547104454,0.7041327170867158,0.4389840626531891,0.45419952924520735,-0.015215466592018223,-0.04315426357616093,0.01656684133991158,0.36,2000,2000,paired_outcome_stratified_patient_group_cluster,s0027
P1_03-evaluation-S1,S1,catboost,validation_2024,lightgbm,raw_validation_2024,7504,191,6600,0.9350278461292842,0.9371233756424585,-0.0020955295131742657,0.5430603833866259,0.4389840626531891,0.4515612262612018,-0.012577163608012698,-0.048000691184947535,0.02152321194982124,0.476,2000,2000,paired_outcome_stratified_patient_group_cluster,s0027
P1_03-evaluation-S1,S1,xgboost,validation_2024,lightgbm,raw_validation_2024,7504,191,6600,0.9362091319839947,0.9371233756424585,-0.0009142436584638203,0.6822903668914699,0.45419952924520735,0.4515612262612018,0.002638302984005525,-0.029315967702190884,0.029822580266160532,0.968,2000,2000,paired_outcome_stratified_patient_group_cluster,s0027
P1_03-evaluation-S2,S2,score_rSI_sMS,validation_2024,logistic_l2,raw_validation_2024,7289,226,6434,0.783317713273334,0.8509652069428243,-0.0676474936694903,0.001539396441314252,0.14869697016812428,0.25456229112592743,-0.10586532095780316,-0.15772085891994245,-0.05732814270905672,0.0,2000,2000,paired_outcome_stratified_patient_group_cluster,s0032
P1_03-evaluation-S2,S2,score_rSI_sMS,validation_2024,catboost,raw_validation_2024,7289,226,6434,0.783317713273334,0.9086195166384963,-0.12530180336516228,1.417463325750629e-17,0.14869697016812428,0.3072094968906773,-0.158512526722553,-0.20685431660097037,-0.11177251028293844,0.0,2000,2000,paired_outcome_stratified_patient_group_cluster,s0032
P1_03-evaluation-S2,S2,score_rSI_sMS,validation_2024,xgboost,raw_validation_2024,7289,226,6434,0.783317713273334,0.9116422488375793,-0.12832453556424528,6.74667820596319e-17,0.14869697016812428,0.309286667956654,-0.16058969778852972,-0.21378178299413392,-0.11198985042781641,0.0,2000,2000,paired_outcome_stratified_patient_group_cluster,s0032
P1_03-evaluation-S2,S2,score_rSI_sMS,validation_2024,lightgbm,raw_validation_2024,7289,226,6434,0.783317713273334,0.9134577675760132,-0.13014005430267916,2.1270256517521134e-17,0.14869697016812428,0.2971249935982978,-0.14842802343017353,-0.19553351608016514,-0.10626137763585904,0.0,2000,2000,paired_outcome_stratified_patient_group_cluster,s0032
P1_03-evaluation-S2,S2,logistic_l2,validation_2024,catboost,raw_validation_2024,7504,291,6600,0.8645620283727882,0.9256058767507883,-0.06104384837800014,2.40912276336037e-07,0.38490284993737883,0.4754393576639792,-0.09053650772660038,-0.13536889805031613,-0.04443092132875306,0.0,2000,2000,paired_outcome_stratified_patient_group_cluster,s0032
P1_03-evaluation-S2,S2,logistic_l2,validation_2024,xgboost,raw_validation_2024,7504,291,6600,0.8645620283727882,0.9253667133083021,-0.06080468493551394,3.8817218652467074e-07,0.38490284993737883,0.47729760463501936,-0.09239475469764052,-0.1360798581161966,-0.04623882819505084,0.0,2000,2000,paired_outcome_stratified_patient_group_cluster,s0032
P1_03-evaluation-S2,S2,logistic_l2,validation_2024,lightgbm,raw_validation_2024,7504,291,6600,0.8645620283727882,0.9282057072401254,-0.06364367886733724,5.2628470187596904e-08,0.38490284993737883,0.47356670464957956,-0.08866385471220073,-0.13192716296912183,-0.03950499483593099,0.0,2000,2000,paired_outcome_stratified_patient_group_cluster,s0032
P1_03-evaluation-S2,S2,catboost,validation_2024,xgboost,raw_validation_2024,7504,291,6600,0.9256058767507883,0.9253667133083021,0.00023916344248620103,0.9367241332051918,0.4754393576639792,0.47729760463501936,-0.001858246971040145,-0.025562789012598723,0.022567092760008633,0.848,2000,2000,paired_outcome_stratified_patient_group_cluster,s0032
P1_03-evaluation-S2,S2,catboost,validation_2024,lightgbm,raw_validation_2024,7504,291,6600,0.9256058767507883,0.9282057072401254,-0.002599830489337096,0.324679714419812,0.4754393576639792,0.47356670464957956,0.00187265301439965,-0.020206955707687997,0.02352329134156878,0.813,2000,2000,paired_outcome_stratified_patient_group_cluster,s0032
P1_03-evaluation-S2,S2,xgboost,validation_2024,lightgbm,raw_validation_2024,7504,291,6600,0.9253667133083021,0.9282057072401254,-0.002838993931823297,0.11346611898886409,0.47729760463501936,0.47356670464957956,0.003730899985439795,-0.018073511411430147,0.024864690173073283,0.683,2000,2000,paired_outcome_stratified_patient_group_cluster,s0032
P1_03-evaluation-S3,S3,score_rSI_sMS,validation_2024,logistic_l2,raw_validation_2024,7289,2086,6434,0.5765255644790812,0.7468057645775198,-0.17028020009843858,6.097939343410726e-82,0.3635293612408893,0.529135567971823,-0.16560620673093374,-0.18642189429643666,-0.14193462849002075,0.0,2000,2000,paired_outcome_stratified_patient_group_cluster,s0037
P1_03-evaluation-S3,S3,score_rSI_sMS,validation_2024,catboost,raw_validation_2024,7289,2086,6434,0.5765255644790812,0.7723169887422056,-0.19579142426312435,2.3394230945632033e-119,0.3635293612408893,0.585359788084901,-0.22183042684401166,-0.2437578643939828,-0.19921884016699473,0.0,2000,2000,paired_outcome_stratified_patient_group_cluster,s0037
P1_03-evaluation-S3,S3,score_rSI_sMS,validation_2024,xgboost,raw_validation_2024,7289,2086,6434,0.5765255644790812,0.7723256495763839,-0.19580008509730273,1.4448054150991152e-113,0.3635293612408893,0.5843072230416642,-0.22077786180077486,-0.2443815352484805,-0.19724793457405945,0.0,2000,2000,paired_outcome_stratified_patient_group_cluster,s0037
P1_03-evaluation-S3,S3,score_rSI_sMS,validation_2024,lightgbm,raw_validation_2024,7289,2086,6434,0.5765255644790812,0.7713706544034169,-0.1948450899243357,3.9177837626788456e-114,0.3635293612408893,0.5838083501641698,-0.22027898892328046,-0.2436135968369026,-0.1969087887479271,0.0,2000,2000,paired_outcome_stratified_patient_group_cluster,s0037
P1_03-evaluation-S3,S3,logistic_l2,validation_2024,catboost,raw_validation_2024,7504,2144,6600,0.7492252763700155,0.7733268997828023,-0.024101623412786877,7.473008863013336e-12,0.5282906756987739,0.5845765202304307,-0.05628584453165686,-0.0693941084096347,-0.0416281663150507,0.0,2000,2000,paired_outcome_stratified_patient_group_cluster,s0037
P1_03-evaluation-S3,S3,logistic_l2,validation_2024,xgboost,raw_validation_2024,7504,2144,6600,0.7492252763700155,0.7739232359656938,-0.02469795959567833,7.071269506495035e-13,0.5282906756987739,0.5838695589191846,-0.05557888322041071,-0.06957149404412907,-0.040939287194783736,0.0,2000,2000,paired_outcome_stratified_patient_group_cluster,s0037
P1_03-evaluation-S3,S3,logistic_l2,validation_2024,lightgbm,raw_validation_2024,7504,2144,6600,0.7492252763700155,0.7724384432780129,-0.023213166907997462,3.4216492240734196e-11,0.5282906756987739,0.5830219220530635,-0.05473124635428961,-0.06935506637886951,-0.04068960787784004,0.0,2000,2000,paired_outcome_stratified_patient_group_cluster,s0037
P1_03-evaluation-S3,S3,catboost,validation_2024,xgboost,raw_validation_2024,7504,2144,6600,0.7733268997828023,0.7739232359656938,-0.0005963361828914548,0.7363363942403609,0.5845765202304307,0.5838695589191846,0.0007069613112461459,-0.005282121475968754,0.006784053015831361,0.871,2000,2000,paired_outcome_stratified_patient_group_cluster,s0037
P1_03-evaluation-S3,S3,catboost,validation_2024,lightgbm,raw_validation_2024,7504,2144,6600,0.7733268997828023,0.7724384432780129,0.0008884565047894144,0.5543380497505168,0.5845765202304307,0.5830219220530635,0.0015545981773672501,-0.004602018172831737,0.007110226623163718,0.65,2000,2000,paired_outcome_stratified_patient_group_cluster,s0037
P1_03-evaluation-S3,S3,xgboost,validation_2024,lightgbm,raw_validation_2024,7504,2144,6600,0.7739232359656938,0.7724384432780129,0.0014847926876808692,0.22895889437912165,0.5838695589191846,0.5830219220530635,0.0008476368661211042,-0.003892721560171514,0.0055968766061440965,0.743,2000,2000,paired_outcome_stratified_patient_group_cluster,s0037
P1_03-evaluation-S4,S4,score_rSI_sMS,validation_2024,logistic_l2,raw_validation_2024,7289,707,6434,0.6137467406071249,0.8003545308300852,-0.18660779022296037,1.5320144055627123e-35,0.18568462285702309,0.3600043199357973,-0.1743196970787742,-0.20724980769783935,-0.1411059659532025,0.0,2000,2000,paired_outcome_stratified_patient_group_cluster,s0042
P1_03-evaluation-S4,S4,score_rSI_sMS,validation_2024,catboost,raw_validation_2024,7289,707,6434,0.6137467406071249,0.8411075252596233,-0.22736078465249843,9.758210432245288e-68,0.18568462285702309,0.4312690806417193,-0.24558445778469623,-0.2813164062102149,-0.21029017757453744,0.0,2000,2000,paired_outcome_stratified_patient_group_cluster,s0042
P1_03-evaluation-S4,S4,score_rSI_sMS,validation_2024,xgboost,raw_validation_2024,7289,707,6434,0.6137467406071249,0.8377556208544412,-0.22400888024731636,1.2511391270265369e-65,0.18568462285702309,0.42972997302520594,-0.24404535016818285,-0.27692544714499445,-0.20782582142762532,0.0,2000,2000,paired_outcome_stratified_patient_group_cluster,s0042
P1_03-evaluation-S4,S4,score_rSI_sMS,validation_2024,lightgbm,raw_validation_2024,7289,707,6434,0.6137467406071249,0.8383053177045793,-0.22455857709745441,9.90648427192477e-66,0.18568462285702309,0.4337579518611916,-0.2480733290041685,-0.2828820029882632,-0.2106675654337063,0.0,2000,2000,paired_outcome_stratified_patient_group_cluster,s0042
P1_03-evaluation-S4,S4,logistic_l2,validation_2024,catboost,raw_validation_2024,7504,756,6600,0.8035767211448895,0.8429172037648622,-0.039340482619972694,4.993862418487971e-09,0.34902975743363207,0.42709736876775994,-0.07806761133412787,-0.10290410199894123,-0.05093457167032871,0.0,2000,2000,paired_outcome_stratified_patient_group_cluster,s0042
P1_03-evaluation-S4,S4,logistic_l2,validation_2024,xgboost,raw_validation_2024,7504,756,6600,0.8035767211448895,0.8400694072004089,-0.03649268605551936,3.6219182080772824e-08,0.34902975743363207,0.4296478376266231,-0.08061808019299105,-0.10596622747759674,-0.05520433799255453,0.0,2000,2000,paired_outcome_stratified_patient_group_cluster,s0042
P1_03-evaluation-S4,S4,logistic_l2,validation_2024,lightgbm,raw_validation_2024,7504,756,6600,0.8035767211448895,0.841075192179223,-0.03749847103433346,2.0610668840967244e-08,0.34902975743363207,0.4329157290612541,-0.08388597162762201,-0.10865582166816708,-0.05827297583782604,0.0,2000,2000,paired_outcome_stratified_patient_group_cluster,s0042
P1_03-evaluation-S4,S4,catboost,validation_2024,xgboost,raw_validation_2024,7504,756,6600,0.8429172037648622,0.8400694072004089,0.002847796564453331,0.19887432533637894,0.42709736876775994,0.4296478376266231,-0.002550468858863175,-0.015364317787283262,0.010362561041650713,0.737,2000,2000,paired_outcome_stratified_patient_group_cluster,s0042
P1_03-evaluation-S4,S4,catboost,validation_2024,lightgbm,raw_validation_2024,7504,756,6600,0.8429172037648622,0.841075192179223,0.001842011585639236,0.3850926867325539,0.42709736876775994,0.4329157290612541,-0.00581836029349414,-0.01862593715964999,0.00621977716660338,0.358,2000,2000,paired_outcome_stratified_patient_group_cluster,s0042
P1_03-evaluation-S4,S4,xgboost,validation_2024,lightgbm,raw_validation_2024,7504,756,6600,0.8400694072004089,0.841075192179223,-0.001005784978814095,0.6038223219251335,0.4296478376266231,0.4329157290612541,-0.003267891434630965,-0.01408058214457996,0.007176351447817393,0.549,2000,2000,paired_outcome_stratified_patient_group_cluster,s0042
P1_03-evaluation-S5,S5,score_rSI_sMS,validation_2024,logistic_l2,raw_validation_2024,7289,89,6434,0.6613927902621723,0.5946145443196005,0.06677824594257187,0.21620419563465676,0.027914085460894075,0.028095144938519064,-0.00018105947762498895,-0.014099789643151582,0.01415426053875763,0.945,2000,2000,paired_outcome_stratified_patient_group_cluster,s0047
P1_03-evaluation-S5,S5,score_rSI_sMS,validation_2024,catboost,raw_validation_2024,7289,89,6434,0.6613927902621723,0.8221566791510612,-0.16076388888888882,3.469990345523945e-08,0.027914085460894075,0.06784226598188572,-0.039928180520991646,-0.07273391965843437,-0.01711270434081985,0.0,2000,2000,paired_outcome_stratified_patient_group_cluster,s0047
P1_03-evaluation-S5,S5,score_rSI_sMS,validation_2024,xgboost,raw_validation_2024,7289,89,6434,0.6613927902621723,0.8259254057428215,-0.16453261548064912,2.5216898284362646e-08,0.027914085460894075,0.07315929689200107,-0.04524521143110699,-0.08406368939535809,-0.01888824708919125,0.0,2000,2000,paired_outcome_stratified_patient_group_cluster,s0047
P1_03-evaluation-S5,S5,score_rSI_sMS,validation_2024,lightgbm,raw_validation_2024,7289,89,6434,0.6613927902621723,0.8290941011235955,-0.16770131086142315,3.954059419495566e-09,0.027914085460894075,0.0752617546443008,-0.047347669183406715,-0.08658001440097889,-0.02256849456001331,0.0,2000,2000,paired_outcome_stratified_patient_group_cluster,s0047
P1_03-evaluation-S5,S5,logistic_l2,validation_2024,catboost,raw_validation_2024,7504,104,6600,0.5920231288981288,0.8308471933471934,-0.23882406444906457,2.8564729072453224e-11,0.0362706541551997,0.08928414580846444,-0.053013491653264744,-0.09140194382813835,-0.02765518926506625,0.0,2000,2000,paired_outcome_stratified_patient_group_cluster,s0047
P1_03-evaluation-S5,S5,logistic_l2,validation_2024,xgboost,raw_validation_2024,7504,104,6600,0.5920231288981288,0.8295127338877339,-0.23748960498960514,1.750888685548246e-11,0.0362706541551997,0.0975271946085469,-0.061256540453347205,-0.11115645061503618,-0.027513980897061804,0.0,2000,2000,paired_outcome_stratified_patient_group_cluster,s0047
P1_03-evaluation-S5,S5,logistic_l2,validation_2024,lightgbm,raw_validation_2024,7504,104,6600,0.5920231288981288,0.8354346413721414,-0.2434115124740126,4.7602871197090236e-11,0.0362706541551997,0.09955012003473489,-0.06327946587953519,-0.10988834809539767,-0.029786773905119746,0.0,2000,2000,paired_outcome_stratified_patient_group_cluster,s0047
P1_03-evaluation-S5,S5,catboost,validation_2024,xgboost,raw_validation_2024,7504,104,6600,0.8308471933471934,0.8295127338877339,0.001334459459459425,0.8466930144702798,0.08928414580846444,0.0975271946085469,-0.008243048800082461,-0.044219774973349044,0.019354069440384192,0.714,2000,2000,paired_outcome_stratified_patient_group_cluster,s0047
P1_03-evaluation-S5,S5,catboost,validation_2024,lightgbm,raw_validation_2024,7504,104,6600,0.8308471933471934,0.8354346413721414,-0.004587448024948038,0.4156044791873562,0.08928414580846444,0.09955012003473489,-0.010265974226270444,-0.04407904046076991,0.016323943878669003,0.552,2000,2000,paired_outcome_stratified_patient_group_cluster,s0047
P1_03-evaluation-S5,S5,xgboost,validation_2024,lightgbm,raw_validation_2024,7504,104,6600,0.8295127338877339,0.8354346413721414,-0.005921907484407463,0.2706006552855774,0.0975271946085469,0.09955012003473489,-0.0020229254261879825,-0.013537052213162032,0.010108350340133266,0.715,2000,2000,paired_outcome_stratified_patient_group_cluster,s0047
P1_03-evaluation-S6,S6,score_rSI_sMS,validation_2024,logistic_l2,raw_validation_2024,7289,308,6434,0.6110937479652563,0.7163753378837178,-0.10528158991846148,6.221411759110216e-05,0.07335132081398374,0.11731532510360536,-0.04396400428962162,-0.06894639198213556,-0.022943773214009033,0.0,2000,2000,paired_outcome_stratified_patient_group_cluster,s0052
P1_03-evaluation-S6,S6,score_rSI_sMS,validation_2024,catboost,raw_validation_2024,7289,308,6434,0.6110937479652563,0.8040767426242287,-0.1929829946589724,2.6896269780117488e-27,0.07335132081398374,0.15690400232713553,-0.08355268151315179,-0.11528773569188738,-0.056641167576277233,0.0,2000,2000,paired_outcome_stratified_patient_group_cluster,s0052
P1_03-evaluation-S6,S6,score_rSI_sMS,validation_2024,xgboost,raw_validation_2024,7289,308,6434,0.6110937479652563,0.8050534195785591,-0.19395967161330285,1.1271747359092433e-26,0.07335132081398374,0.15833924221038795,-0.08498792139640421,-0.11731662806853084,-0.057865671984483225,0.0,2000,2000,paired_outcome_stratified_patient_group_cluster,s0052
P1_03-evaluation-S6,S6,score_rSI_sMS,validation_2024,lightgbm,raw_validation_2024,7289,308,6434,0.6110937479652563,0.8036442142587393,-0.19255046629348305,7.48531706506828e-26,0.07335132081398374,0.15768286402666773,-0.08433154321268399,-0.117689935910976,-0.059411855886573973,0.0,2000,2000,paired_outcome_stratified_patient_group_cluster,s0052
P1_03-evaluation-S6,S6,logistic_l2,validation_2024,catboost,raw_validation_2024,7504,330,6600,0.7155152022032423,0.8033576636169332,-0.0878424614136909,4.923199976138904e-08,0.11930995910894739,0.16551012076782995,-0.04620016165888256,-0.07578728508846426,-0.01996960572303421,0.001,2000,2000,paired_outcome_stratified_patient_group_cluster,s0052
P1_03-evaluation-S6,S6,logistic_l2,validation_2024,xgboost,raw_validation_2024,7504,330,6600,0.7155152022032423,0.8040516680605891,-0.08853646585734687,1.2185008456161046e-08,0.11930995910894739,0.1658179473094251,-0.046507988200477704,-0.07540746022819478,-0.020126720328448405,0.0,2000,2000,paired_outcome_stratified_patient_group_cluster,s0052
P1_03-evaluation-S6,S6,logistic_l2,validation_2024,lightgbm,raw_validation_2024,7504,330,6600,0.7155152022032423,0.8012503062405488,-0.08573510403730655,7.388274126756468e-09,0.11930995910894739,0.1620374237086919,-0.04272746459974451,-0.07051610819924044,-0.016606743922337023,0.001,2000,2000,paired_outcome_stratified_patient_group_cluster,s0052
P1_03-evaluation-S6,S6,catboost,validation_2024,xgboost,raw_validation_2024,7504,330,6600,0.8033576636169332,0.8040516680605891,-0.0006940044436559711,0.8740967427450019,0.16551012076782995,0.1658179473094251,-0.0003078265415951409,-0.020129021058690084,0.020653994802042414,0.959,2000,2000,paired_outcome_stratified_patient_group_cluster,s0052
P1_03-evaluation-S6,S6,catboost,validation_2024,lightgbm,raw_validation_2024,7504,330,6600,0.8033576636169332,0.8012503062405488,0.0021073573763843445,0.6774897865479546,0.16551012076782995,0.1620374237086919,0.0034726970591380524,-0.019236452226816463,0.022137790173905103,0.839,2000,2000,paired_outcome_stratified_patient_group_cluster,s0052
P1_03-evaluation-S6,S6,xgboost,validation_2024,lightgbm,raw_validation_2024,7504,330,6600,0.8040516680605891,0.8012503062405488,0.0028013618200403156,0.5036273398680757,0.1658179473094251,0.1620374237086919,0.0037805236007331933,-0.014070003737443151,0.01830946835618048,0.724,2000,2000,paired_outcome_stratified_patient_group_cluster,s0052
