task_id,no_text_task_id,group,outcome,model,split,metric,value,lower_ci,upper_ci,status,n,events,patient_groups,mixed_outcome_patient_groups,bootstrap_replicates,bootstrap_success,bootstrap_seed,bootstrap_method,group_stratum_rule,expected_group_multiplicity,legacy_overlapping_strata_ci,scope,source_id,source_candidate_sha256,source_acceptance_manifest_sha256,source_with_text_model_sha256
P1_05a-P1-ft_transformer,overall_legacy_P1_ft_transformer_no_text,overall,P1,ft_transformer,oof_2020_2023,AUPRC,0.17415312172791786,0.12154467967791688,0.24801099282554387,ESTIMATED,24784,138,19944,43,2000,2000,4183213519,outcome_stratified_disjoint_patient_cluster_shared_paired_draws,max(y) within split,1,SUPERSEDED_RETAINED_FOR_AUDIT,earlier_strict_v2_overall_stage3a,overall_legacy_P1_ft_transformer_no_text,,77a578d07aa7e45a16a889666d7dffced58bd6b57e14cff2073d656cf6539b36,fcc71eaee742b5cbea1ad293a46e24378426385f3d8e7d0c249447db768ad365
P1_05a-P1-ft_transformer,overall_legacy_P1_ft_transformer_no_text,overall,P1,ft_transformer,oof_2020_2023,AUPRC_no_text,0.19725173662063544,0.13591456042522582,0.27226958647741806,ESTIMATED,24784,138,19944,43,2000,2000,4183213519,outcome_stratified_disjoint_patient_cluster_shared_paired_draws,max(y) within split,1,SUPERSEDED_RETAINED_FOR_AUDIT,earlier_strict_v2_overall_stage3a,overall_legacy_P1_ft_transformer_no_text,,77a578d07aa7e45a16a889666d7dffced58bd6b57e14cff2073d656cf6539b36,fcc71eaee742b5cbea1ad293a46e24378426385f3d8e7d0c249447db768ad365
P1_05a-P1-ft_transformer,overall_legacy_P1_ft_transformer_no_text,overall,P1,ft_transformer,oof_2020_2023,Delta_AUPRC_text_minus_no_text,-0.023098614892717584,-0.052176448656385016,0.008747832148936882,ESTIMATED,24784,138,19944,43,2000,2000,4183213519,outcome_stratified_disjoint_patient_cluster_shared_paired_draws,max(y) within split,1,SUPERSEDED_RETAINED_FOR_AUDIT,earlier_strict_v2_overall_stage3a,overall_legacy_P1_ft_transformer_no_text,,77a578d07aa7e45a16a889666d7dffced58bd6b57e14cff2073d656cf6539b36,fcc71eaee742b5cbea1ad293a46e24378426385f3d8e7d0c249447db768ad365
P1_05a-P1-ft_transformer,overall_legacy_P1_ft_transformer_no_text,overall,P1,ft_transformer,validation_2024,AUPRC,0.3954839946997169,0.3190631179911041,0.4966119477709334,ESTIMATED,7504,107,6600,17,2000,2000,3247981778,outcome_stratified_disjoint_patient_cluster_shared_paired_draws,max(y) within split,1,SUPERSEDED_RETAINED_FOR_AUDIT,earlier_strict_v2_overall_stage3a,overall_legacy_P1_ft_transformer_no_text,,77a578d07aa7e45a16a889666d7dffced58bd6b57e14cff2073d656cf6539b36,fcc71eaee742b5cbea1ad293a46e24378426385f3d8e7d0c249447db768ad365
P1_05a-P1-ft_transformer,overall_legacy_P1_ft_transformer_no_text,overall,P1,ft_transformer,validation_2024,AUPRC_no_text,0.49715927949097005,0.4127786364076665,0.5880010866736091,ESTIMATED,7504,107,6600,17,2000,2000,3247981778,outcome_stratified_disjoint_patient_cluster_shared_paired_draws,max(y) within split,1,SUPERSEDED_RETAINED_FOR_AUDIT,earlier_strict_v2_overall_stage3a,overall_legacy_P1_ft_transformer_no_text,,77a578d07aa7e45a16a889666d7dffced58bd6b57e14cff2073d656cf6539b36,fcc71eaee742b5cbea1ad293a46e24378426385f3d8e7d0c249447db768ad365
P1_05a-P1-ft_transformer,overall_legacy_P1_ft_transformer_no_text,overall,P1,ft_transformer,validation_2024,Delta_AUPRC_text_minus_no_text,-0.10167528479125315,-0.16317669464954573,-0.02735660184861191,ESTIMATED,7504,107,6600,17,2000,2000,3247981778,outcome_stratified_disjoint_patient_cluster_shared_paired_draws,max(y) within split,1,SUPERSEDED_RETAINED_FOR_AUDIT,earlier_strict_v2_overall_stage3a,overall_legacy_P1_ft_transformer_no_text,,77a578d07aa7e45a16a889666d7dffced58bd6b57e14cff2073d656cf6539b36,fcc71eaee742b5cbea1ad293a46e24378426385f3d8e7d0c249447db768ad365
P1_05a-P1-mlp_plr,overall_legacy_P1_mlp_plr_no_text,overall,P1,mlp_plr,oof_2020_2023,AUPRC,0.18521574916686095,0.125954864310968,0.25563670577982517,ESTIMATED,24784,138,19944,43,2000,2000,2693252320,outcome_stratified_disjoint_patient_cluster_shared_paired_draws,max(y) within split,1,SUPERSEDED_RETAINED_FOR_AUDIT,earlier_strict_v2_overall_stage3a,overall_legacy_P1_mlp_plr_no_text,,4bc03efbeecf3465ac3f99d222e74f2f66233fe25c9582f77a83c5716a8e9b25,e12ce512bbd83ec0e6ea2e5ad4c16592adbde6f338dfa9b80f4f5f86cc8eb6fa
P1_05a-P1-mlp_plr,overall_legacy_P1_mlp_plr_no_text,overall,P1,mlp_plr,oof_2020_2023,AUPRC_no_text,0.16588760734717448,0.11020574049202737,0.2360444780141829,ESTIMATED,24784,138,19944,43,2000,2000,2693252320,outcome_stratified_disjoint_patient_cluster_shared_paired_draws,max(y) within split,1,SUPERSEDED_RETAINED_FOR_AUDIT,earlier_strict_v2_overall_stage3a,overall_legacy_P1_mlp_plr_no_text,,4bc03efbeecf3465ac3f99d222e74f2f66233fe25c9582f77a83c5716a8e9b25,e12ce512bbd83ec0e6ea2e5ad4c16592adbde6f338dfa9b80f4f5f86cc8eb6fa
P1_05a-P1-mlp_plr,overall_legacy_P1_mlp_plr_no_text,overall,P1,mlp_plr,oof_2020_2023,Delta_AUPRC_text_minus_no_text,0.01932814181968648,-0.002313692283144124,0.042400001786128266,ESTIMATED,24784,138,19944,43,2000,2000,2693252320,outcome_stratified_disjoint_patient_cluster_shared_paired_draws,max(y) within split,1,SUPERSEDED_RETAINED_FOR_AUDIT,earlier_strict_v2_overall_stage3a,overall_legacy_P1_mlp_plr_no_text,,4bc03efbeecf3465ac3f99d222e74f2f66233fe25c9582f77a83c5716a8e9b25,e12ce512bbd83ec0e6ea2e5ad4c16592adbde6f338dfa9b80f4f5f86cc8eb6fa
P1_05a-P1-mlp_plr,overall_legacy_P1_mlp_plr_no_text,overall,P1,mlp_plr,validation_2024,AUPRC,0.4293948200364305,0.33867023163269344,0.5319570177951648,ESTIMATED,7504,107,6600,17,2000,2000,461655894,outcome_stratified_disjoint_patient_cluster_shared_paired_draws,max(y) within split,1,SUPERSEDED_RETAINED_FOR_AUDIT,earlier_strict_v2_overall_stage3a,overall_legacy_P1_mlp_plr_no_text,,4bc03efbeecf3465ac3f99d222e74f2f66233fe25c9582f77a83c5716a8e9b25,e12ce512bbd83ec0e6ea2e5ad4c16592adbde6f338dfa9b80f4f5f86cc8eb6fa
P1_05a-P1-mlp_plr,overall_legacy_P1_mlp_plr_no_text,overall,P1,mlp_plr,validation_2024,AUPRC_no_text,0.39814638960346993,0.30927315972707137,0.49826567942092787,ESTIMATED,7504,107,6600,17,2000,2000,461655894,outcome_stratified_disjoint_patient_cluster_shared_paired_draws,max(y) within split,1,SUPERSEDED_RETAINED_FOR_AUDIT,earlier_strict_v2_overall_stage3a,overall_legacy_P1_mlp_plr_no_text,,4bc03efbeecf3465ac3f99d222e74f2f66233fe25c9582f77a83c5716a8e9b25,e12ce512bbd83ec0e6ea2e5ad4c16592adbde6f338dfa9b80f4f5f86cc8eb6fa
P1_05a-P1-mlp_plr,overall_legacy_P1_mlp_plr_no_text,overall,P1,mlp_plr,validation_2024,Delta_AUPRC_text_minus_no_text,0.03124843043296055,0.0037378579455673413,0.057991262591035764,ESTIMATED,7504,107,6600,17,2000,2000,461655894,outcome_stratified_disjoint_patient_cluster_shared_paired_draws,max(y) within split,1,SUPERSEDED_RETAINED_FOR_AUDIT,earlier_strict_v2_overall_stage3a,overall_legacy_P1_mlp_plr_no_text,,4bc03efbeecf3465ac3f99d222e74f2f66233fe25c9582f77a83c5716a8e9b25,e12ce512bbd83ec0e6ea2e5ad4c16592adbde6f338dfa9b80f4f5f86cc8eb6fa
P1_05a-P2-ft_transformer,overall_legacy_P2_ft_transformer_no_text,overall,P2,ft_transformer,oof_2020_2023,AUPRC,0.4190040203978956,0.397435368925761,0.44386619958636,ESTIMATED,24784,1701,19944,505,2000,2000,4005526757,outcome_stratified_disjoint_patient_cluster_shared_paired_draws,max(y) within split,1,SUPERSEDED_RETAINED_FOR_AUDIT,earlier_strict_v2_overall_stage3a,overall_legacy_P2_ft_transformer_no_text,,99889fdf3c85fd3a0dd153003618f60f81b7ddf7189837add6d0671cba09d585,41f5fd7cbc44197fdd003c40d9a73e7d245ca3db800f61b21c24a43fbc96b066
P1_05a-P2-ft_transformer,overall_legacy_P2_ft_transformer_no_text,overall,P2,ft_transformer,oof_2020_2023,AUPRC_no_text,0.4120028529094242,0.39011465596072453,0.4372937119500431,ESTIMATED,24784,1701,19944,505,2000,2000,4005526757,outcome_stratified_disjoint_patient_cluster_shared_paired_draws,max(y) within split,1,SUPERSEDED_RETAINED_FOR_AUDIT,earlier_strict_v2_overall_stage3a,overall_legacy_P2_ft_transformer_no_text,,99889fdf3c85fd3a0dd153003618f60f81b7ddf7189837add6d0671cba09d585,41f5fd7cbc44197fdd003c40d9a73e7d245ca3db800f61b21c24a43fbc96b066
P1_05a-P2-ft_transformer,overall_legacy_P2_ft_transformer_no_text,overall,P2,ft_transformer,oof_2020_2023,Delta_AUPRC_text_minus_no_text,0.007001167488471405,0.00018926110049621864,0.013658965651667597,ESTIMATED,24784,1701,19944,505,2000,2000,4005526757,outcome_stratified_disjoint_patient_cluster_shared_paired_draws,max(y) within split,1,SUPERSEDED_RETAINED_FOR_AUDIT,earlier_strict_v2_overall_stage3a,overall_legacy_P2_ft_transformer_no_text,,99889fdf3c85fd3a0dd153003618f60f81b7ddf7189837add6d0671cba09d585,41f5fd7cbc44197fdd003c40d9a73e7d245ca3db800f61b21c24a43fbc96b066
P1_05a-P2-ft_transformer,overall_legacy_P2_ft_transformer_no_text,overall,P2,ft_transformer,validation_2024,AUPRC,0.5439227796015826,0.5052249893994863,0.5813397936460456,ESTIMATED,7504,609,6600,114,2000,2000,2932089264,outcome_stratified_disjoint_patient_cluster_shared_paired_draws,max(y) within split,1,SUPERSEDED_RETAINED_FOR_AUDIT,earlier_strict_v2_overall_stage3a,overall_legacy_P2_ft_transformer_no_text,,99889fdf3c85fd3a0dd153003618f60f81b7ddf7189837add6d0671cba09d585,41f5fd7cbc44197fdd003c40d9a73e7d245ca3db800f61b21c24a43fbc96b066
P1_05a-P2-ft_transformer,overall_legacy_P2_ft_transformer_no_text,overall,P2,ft_transformer,validation_2024,AUPRC_no_text,0.5379156897520284,0.5002652865151338,0.573980678696154,ESTIMATED,7504,609,6600,114,2000,2000,2932089264,outcome_stratified_disjoint_patient_cluster_shared_paired_draws,max(y) within split,1,SUPERSEDED_RETAINED_FOR_AUDIT,earlier_strict_v2_overall_stage3a,overall_legacy_P2_ft_transformer_no_text,,99889fdf3c85fd3a0dd153003618f60f81b7ddf7189837add6d0671cba09d585,41f5fd7cbc44197fdd003c40d9a73e7d245ca3db800f61b21c24a43fbc96b066
P1_05a-P2-ft_transformer,overall_legacy_P2_ft_transformer_no_text,overall,P2,ft_transformer,validation_2024,Delta_AUPRC_text_minus_no_text,0.006007089849554226,-0.004608860740694984,0.016308295670269746,ESTIMATED,7504,609,6600,114,2000,2000,2932089264,outcome_stratified_disjoint_patient_cluster_shared_paired_draws,max(y) within split,1,SUPERSEDED_RETAINED_FOR_AUDIT,earlier_strict_v2_overall_stage3a,overall_legacy_P2_ft_transformer_no_text,,99889fdf3c85fd3a0dd153003618f60f81b7ddf7189837add6d0671cba09d585,41f5fd7cbc44197fdd003c40d9a73e7d245ca3db800f61b21c24a43fbc96b066
P1_05a-P2-mlp_plr,overall_legacy_P2_mlp_plr_no_text,overall,P2,mlp_plr,oof_2020_2023,AUPRC,0.4471205706478859,0.42571576639835373,0.47122710779796356,ESTIMATED,24784,1701,19944,505,2000,2000,633056122,outcome_stratified_disjoint_patient_cluster_shared_paired_draws,max(y) within split,1,SUPERSEDED_RETAINED_FOR_AUDIT,earlier_strict_v2_overall_stage3a,overall_legacy_P2_mlp_plr_no_text,,912674d4012029985a3236f32b1d1b18d46b4dca0345fd46e8c779354476b07d,8ee476c461d25e1ae03af509a06cab8affd6b41cfa0857a4e96ae92b8eb1cc86
P1_05a-P2-mlp_plr,overall_legacy_P2_mlp_plr_no_text,overall,P2,mlp_plr,oof_2020_2023,AUPRC_no_text,0.44356225672780913,0.4219744274739408,0.4677020392038594,ESTIMATED,24784,1701,19944,505,2000,2000,633056122,outcome_stratified_disjoint_patient_cluster_shared_paired_draws,max(y) within split,1,SUPERSEDED_RETAINED_FOR_AUDIT,earlier_strict_v2_overall_stage3a,overall_legacy_P2_mlp_plr_no_text,,912674d4012029985a3236f32b1d1b18d46b4dca0345fd46e8c779354476b07d,8ee476c461d25e1ae03af509a06cab8affd6b41cfa0857a4e96ae92b8eb1cc86
P1_05a-P2-mlp_plr,overall_legacy_P2_mlp_plr_no_text,overall,P2,mlp_plr,oof_2020_2023,Delta_AUPRC_text_minus_no_text,0.003558313920076772,-0.002825782370706119,0.01020687274717299,ESTIMATED,24784,1701,19944,505,2000,2000,633056122,outcome_stratified_disjoint_patient_cluster_shared_paired_draws,max(y) within split,1,SUPERSEDED_RETAINED_FOR_AUDIT,earlier_strict_v2_overall_stage3a,overall_legacy_P2_mlp_plr_no_text,,912674d4012029985a3236f32b1d1b18d46b4dca0345fd46e8c779354476b07d,8ee476c461d25e1ae03af509a06cab8affd6b41cfa0857a4e96ae92b8eb1cc86
P1_05a-P2-mlp_plr,overall_legacy_P2_mlp_plr_no_text,overall,P2,mlp_plr,validation_2024,AUPRC,0.5729820062809843,0.5364690682502214,0.6107764367992947,ESTIMATED,7504,609,6600,114,2000,2000,3350125699,outcome_stratified_disjoint_patient_cluster_shared_paired_draws,max(y) within split,1,SUPERSEDED_RETAINED_FOR_AUDIT,earlier_strict_v2_overall_stage3a,overall_legacy_P2_mlp_plr_no_text,,912674d4012029985a3236f32b1d1b18d46b4dca0345fd46e8c779354476b07d,8ee476c461d25e1ae03af509a06cab8affd6b41cfa0857a4e96ae92b8eb1cc86
P1_05a-P2-mlp_plr,overall_legacy_P2_mlp_plr_no_text,overall,P2,mlp_plr,validation_2024,AUPRC_no_text,0.5666882573164108,0.5312288489637319,0.6034769351201561,ESTIMATED,7504,609,6600,114,2000,2000,3350125699,outcome_stratified_disjoint_patient_cluster_shared_paired_draws,max(y) within split,1,SUPERSEDED_RETAINED_FOR_AUDIT,earlier_strict_v2_overall_stage3a,overall_legacy_P2_mlp_plr_no_text,,912674d4012029985a3236f32b1d1b18d46b4dca0345fd46e8c779354476b07d,8ee476c461d25e1ae03af509a06cab8affd6b41cfa0857a4e96ae92b8eb1cc86
P1_05a-P2-mlp_plr,overall_legacy_P2_mlp_plr_no_text,overall,P2,mlp_plr,validation_2024,Delta_AUPRC_text_minus_no_text,0.0062937489645734646,-0.0027085916069141346,0.015890792990679768,ESTIMATED,7504,609,6600,114,2000,2000,3350125699,outcome_stratified_disjoint_patient_cluster_shared_paired_draws,max(y) within split,1,SUPERSEDED_RETAINED_FOR_AUDIT,earlier_strict_v2_overall_stage3a,overall_legacy_P2_mlp_plr_no_text,,912674d4012029985a3236f32b1d1b18d46b4dca0345fd46e8c779354476b07d,8ee476c461d25e1ae03af509a06cab8affd6b41cfa0857a4e96ae92b8eb1cc86
P1_05a-P3-ft_transformer,overall_legacy_P3_ft_transformer_no_text,overall,P3,ft_transformer,oof_2020_2023,AUPRC,0.2906059909088943,0.26174340026648035,0.3253428835966185,ESTIMATED,24784,759,19944,175,2000,2000,3215928640,outcome_stratified_disjoint_patient_cluster_shared_paired_draws,max(y) within split,1,SUPERSEDED_RETAINED_FOR_AUDIT,earlier_strict_v2_overall_stage3a,overall_legacy_P3_ft_transformer_no_text,,9bef737ef1ab7168c9b59baa40c0facd052b20eb0a0c4ca1498b52e25ff97e7f,5ecad6fc94cccf846646db09a540865c2682759a5808efefd0931f7c965065b3
P1_05a-P3-ft_transformer,overall_legacy_P3_ft_transformer_no_text,overall,P3,ft_transformer,oof_2020_2023,AUPRC_no_text,0.3020811328265809,0.27221979221343073,0.3373633006839247,ESTIMATED,24784,759,19944,175,2000,2000,3215928640,outcome_stratified_disjoint_patient_cluster_shared_paired_draws,max(y) within split,1,SUPERSEDED_RETAINED_FOR_AUDIT,earlier_strict_v2_overall_stage3a,overall_legacy_P3_ft_transformer_no_text,,9bef737ef1ab7168c9b59baa40c0facd052b20eb0a0c4ca1498b52e25ff97e7f,5ecad6fc94cccf846646db09a540865c2682759a5808efefd0931f7c965065b3
P1_05a-P3-ft_transformer,overall_legacy_P3_ft_transformer_no_text,overall,P3,ft_transformer,oof_2020_2023,Delta_AUPRC_text_minus_no_text,-0.011475141917686615,-0.02506673499481274,0.001876241004273149,ESTIMATED,24784,759,19944,175,2000,2000,3215928640,outcome_stratified_disjoint_patient_cluster_shared_paired_draws,max(y) within split,1,SUPERSEDED_RETAINED_FOR_AUDIT,earlier_strict_v2_overall_stage3a,overall_legacy_P3_ft_transformer_no_text,,9bef737ef1ab7168c9b59baa40c0facd052b20eb0a0c4ca1498b52e25ff97e7f,5ecad6fc94cccf846646db09a540865c2682759a5808efefd0931f7c965065b3
P1_05a-P3-ft_transformer,overall_legacy_P3_ft_transformer_no_text,overall,P3,ft_transformer,validation_2024,AUPRC,0.3477703177452822,0.30254499878531926,0.40282108824287133,ESTIMATED,7504,285,6600,41,2000,2000,1861860699,outcome_stratified_disjoint_patient_cluster_shared_paired_draws,max(y) within split,1,SUPERSEDED_RETAINED_FOR_AUDIT,earlier_strict_v2_overall_stage3a,overall_legacy_P3_ft_transformer_no_text,,9bef737ef1ab7168c9b59baa40c0facd052b20eb0a0c4ca1498b52e25ff97e7f,5ecad6fc94cccf846646db09a540865c2682759a5808efefd0931f7c965065b3
P1_05a-P3-ft_transformer,overall_legacy_P3_ft_transformer_no_text,overall,P3,ft_transformer,validation_2024,AUPRC_no_text,0.35921644503136174,0.31175157161502093,0.4181491536228369,ESTIMATED,7504,285,6600,41,2000,2000,1861860699,outcome_stratified_disjoint_patient_cluster_shared_paired_draws,max(y) within split,1,SUPERSEDED_RETAINED_FOR_AUDIT,earlier_strict_v2_overall_stage3a,overall_legacy_P3_ft_transformer_no_text,,9bef737ef1ab7168c9b59baa40c0facd052b20eb0a0c4ca1498b52e25ff97e7f,5ecad6fc94cccf846646db09a540865c2682759a5808efefd0931f7c965065b3
P1_05a-P3-ft_transformer,overall_legacy_P3_ft_transformer_no_text,overall,P3,ft_transformer,validation_2024,Delta_AUPRC_text_minus_no_text,-0.011446127286079522,-0.03452005967081669,0.009680474885378097,ESTIMATED,7504,285,6600,41,2000,2000,1861860699,outcome_stratified_disjoint_patient_cluster_shared_paired_draws,max(y) within split,1,SUPERSEDED_RETAINED_FOR_AUDIT,earlier_strict_v2_overall_stage3a,overall_legacy_P3_ft_transformer_no_text,,9bef737ef1ab7168c9b59baa40c0facd052b20eb0a0c4ca1498b52e25ff97e7f,5ecad6fc94cccf846646db09a540865c2682759a5808efefd0931f7c965065b3
P1_05a-P3-mlp_plr,overall_legacy_P3_mlp_plr_no_text,overall,P3,mlp_plr,oof_2020_2023,AUPRC,0.35442563878119543,0.3211093523627241,0.3898373599026588,ESTIMATED,24784,759,19944,175,2000,2000,737734256,outcome_stratified_disjoint_patient_cluster_shared_paired_draws,max(y) within split,1,SUPERSEDED_RETAINED_FOR_AUDIT,earlier_strict_v2_overall_stage3a,overall_legacy_P3_mlp_plr_no_text,,eca256cc3ea60c53de7e145f3227ca4862fd41ae1c5711d1aee63a9baa397034,de24bf51f5e0bf4bae9c14dbc58fdf80f9db8f88dc583efdf6f595592e8826dd
P1_05a-P3-mlp_plr,overall_legacy_P3_mlp_plr_no_text,overall,P3,mlp_plr,oof_2020_2023,AUPRC_no_text,0.35177690804874756,0.3177272343502118,0.3886865738399539,ESTIMATED,24784,759,19944,175,2000,2000,737734256,outcome_stratified_disjoint_patient_cluster_shared_paired_draws,max(y) within split,1,SUPERSEDED_RETAINED_FOR_AUDIT,earlier_strict_v2_overall_stage3a,overall_legacy_P3_mlp_plr_no_text,,eca256cc3ea60c53de7e145f3227ca4862fd41ae1c5711d1aee63a9baa397034,de24bf51f5e0bf4bae9c14dbc58fdf80f9db8f88dc583efdf6f595592e8826dd
P1_05a-P3-mlp_plr,overall_legacy_P3_mlp_plr_no_text,overall,P3,mlp_plr,oof_2020_2023,Delta_AUPRC_text_minus_no_text,0.002648730732447868,-0.0065716280926698305,0.012098216960884534,ESTIMATED,24784,759,19944,175,2000,2000,737734256,outcome_stratified_disjoint_patient_cluster_shared_paired_draws,max(y) within split,1,SUPERSEDED_RETAINED_FOR_AUDIT,earlier_strict_v2_overall_stage3a,overall_legacy_P3_mlp_plr_no_text,,eca256cc3ea60c53de7e145f3227ca4862fd41ae1c5711d1aee63a9baa397034,de24bf51f5e0bf4bae9c14dbc58fdf80f9db8f88dc583efdf6f595592e8826dd
P1_05a-P3-mlp_plr,overall_legacy_P3_mlp_plr_no_text,overall,P3,mlp_plr,validation_2024,AUPRC,0.3826708494206758,0.3304964243493168,0.44796662612542576,ESTIMATED,7504,285,6600,41,2000,2000,3315331190,outcome_stratified_disjoint_patient_cluster_shared_paired_draws,max(y) within split,1,SUPERSEDED_RETAINED_FOR_AUDIT,earlier_strict_v2_overall_stage3a,overall_legacy_P3_mlp_plr_no_text,,eca256cc3ea60c53de7e145f3227ca4862fd41ae1c5711d1aee63a9baa397034,de24bf51f5e0bf4bae9c14dbc58fdf80f9db8f88dc583efdf6f595592e8826dd
P1_05a-P3-mlp_plr,overall_legacy_P3_mlp_plr_no_text,overall,P3,mlp_plr,validation_2024,AUPRC_no_text,0.37031593421376485,0.3195441952540383,0.43273186666445873,ESTIMATED,7504,285,6600,41,2000,2000,3315331190,outcome_stratified_disjoint_patient_cluster_shared_paired_draws,max(y) within split,1,SUPERSEDED_RETAINED_FOR_AUDIT,earlier_strict_v2_overall_stage3a,overall_legacy_P3_mlp_plr_no_text,,eca256cc3ea60c53de7e145f3227ca4862fd41ae1c5711d1aee63a9baa397034,de24bf51f5e0bf4bae9c14dbc58fdf80f9db8f88dc583efdf6f595592e8826dd
P1_05a-P3-mlp_plr,overall_legacy_P3_mlp_plr_no_text,overall,P3,mlp_plr,validation_2024,Delta_AUPRC_text_minus_no_text,0.012354915206910955,0.00018402797546171473,0.0264351850776214,ESTIMATED,7504,285,6600,41,2000,2000,3315331190,outcome_stratified_disjoint_patient_cluster_shared_paired_draws,max(y) within split,1,SUPERSEDED_RETAINED_FOR_AUDIT,earlier_strict_v2_overall_stage3a,overall_legacy_P3_mlp_plr_no_text,,eca256cc3ea60c53de7e145f3227ca4862fd41ae1c5711d1aee63a9baa397034,de24bf51f5e0bf4bae9c14dbc58fdf80f9db8f88dc583efdf6f595592e8826dd
P1_05a-S1-ft_transformer,overall_legacy_S1_ft_transformer_no_text,overall,S1,ft_transformer,oof_2020_2023,AUPRC,0.21860716162931387,0.18967737197863072,0.25656146771433713,ESTIMATED,24784,460,19944,125,2000,2000,1516833146,outcome_stratified_disjoint_patient_cluster_shared_paired_draws,max(y) within split,1,SUPERSEDED_RETAINED_FOR_AUDIT,earlier_strict_v2_overall_stage3a,overall_legacy_S1_ft_transformer_no_text,,925c660399369c63542b7323bab663c65cdb88c3154f6a270a5b2e9703322242,347ff59c7d74aa4e569b9d3116278ecf6cb4921b316e87c6054f871cb48f33fd
P1_05a-S1-ft_transformer,overall_legacy_S1_ft_transformer_no_text,overall,S1,ft_transformer,oof_2020_2023,AUPRC_no_text,0.20839874529810903,0.1806880834269954,0.24496597486944152,ESTIMATED,24784,460,19944,125,2000,2000,1516833146,outcome_stratified_disjoint_patient_cluster_shared_paired_draws,max(y) within split,1,SUPERSEDED_RETAINED_FOR_AUDIT,earlier_strict_v2_overall_stage3a,overall_legacy_S1_ft_transformer_no_text,,925c660399369c63542b7323bab663c65cdb88c3154f6a270a5b2e9703322242,347ff59c7d74aa4e569b9d3116278ecf6cb4921b316e87c6054f871cb48f33fd
P1_05a-S1-ft_transformer,overall_legacy_S1_ft_transformer_no_text,overall,S1,ft_transformer,oof_2020_2023,Delta_AUPRC_text_minus_no_text,0.01020841633120484,0.000630670512186863,0.02155203030387348,ESTIMATED,24784,460,19944,125,2000,2000,1516833146,outcome_stratified_disjoint_patient_cluster_shared_paired_draws,max(y) within split,1,SUPERSEDED_RETAINED_FOR_AUDIT,earlier_strict_v2_overall_stage3a,overall_legacy_S1_ft_transformer_no_text,,925c660399369c63542b7323bab663c65cdb88c3154f6a270a5b2e9703322242,347ff59c7d74aa4e569b9d3116278ecf6cb4921b316e87c6054f871cb48f33fd
P1_05a-S1-ft_transformer,overall_legacy_S1_ft_transformer_no_text,overall,S1,ft_transformer,validation_2024,AUPRC,0.41856023501796963,0.34896148529581306,0.4959868152077445,ESTIMATED,7504,191,6600,30,2000,2000,1625992698,outcome_stratified_disjoint_patient_cluster_shared_paired_draws,max(y) within split,1,SUPERSEDED_RETAINED_FOR_AUDIT,earlier_strict_v2_overall_stage3a,overall_legacy_S1_ft_transformer_no_text,,925c660399369c63542b7323bab663c65cdb88c3154f6a270a5b2e9703322242,347ff59c7d74aa4e569b9d3116278ecf6cb4921b316e87c6054f871cb48f33fd
P1_05a-S1-ft_transformer,overall_legacy_S1_ft_transformer_no_text,overall,S1,ft_transformer,validation_2024,AUPRC_no_text,0.38546518233234944,0.3224218216144302,0.4634529987221463,ESTIMATED,7504,191,6600,30,2000,2000,1625992698,outcome_stratified_disjoint_patient_cluster_shared_paired_draws,max(y) within split,1,SUPERSEDED_RETAINED_FOR_AUDIT,earlier_strict_v2_overall_stage3a,overall_legacy_S1_ft_transformer_no_text,,925c660399369c63542b7323bab663c65cdb88c3154f6a270a5b2e9703322242,347ff59c7d74aa4e569b9d3116278ecf6cb4921b316e87c6054f871cb48f33fd
P1_05a-S1-ft_transformer,overall_legacy_S1_ft_transformer_no_text,overall,S1,ft_transformer,validation_2024,Delta_AUPRC_text_minus_no_text,0.033095052685620185,-0.010102216725697097,0.07250270892004722,ESTIMATED,7504,191,6600,30,2000,2000,1625992698,outcome_stratified_disjoint_patient_cluster_shared_paired_draws,max(y) within split,1,SUPERSEDED_RETAINED_FOR_AUDIT,earlier_strict_v2_overall_stage3a,overall_legacy_S1_ft_transformer_no_text,,925c660399369c63542b7323bab663c65cdb88c3154f6a270a5b2e9703322242,347ff59c7d74aa4e569b9d3116278ecf6cb4921b316e87c6054f871cb48f33fd
P1_05a-S1-mlp_plr,overall_legacy_S1_mlp_plr_no_text,overall,S1,mlp_plr,oof_2020_2023,AUPRC,0.2384920618493991,0.20366566215945048,0.28030689185014135,ESTIMATED,24784,460,19944,125,2000,2000,3467303473,outcome_stratified_disjoint_patient_cluster_shared_paired_draws,max(y) within split,1,SUPERSEDED_RETAINED_FOR_AUDIT,earlier_strict_v2_overall_stage3a,overall_legacy_S1_mlp_plr_no_text,,1429adec9e49f2460584d13c41b56eafe71dc51ce72864751c447b2f5af973a9,1be7478efbc6de90f101911ed368bf2385036d046b35a330a1c9f43e92d6f815
P1_05a-S1-mlp_plr,overall_legacy_S1_mlp_plr_no_text,overall,S1,mlp_plr,oof_2020_2023,AUPRC_no_text,0.22764844104683754,0.19585692576720104,0.26848196961777177,ESTIMATED,24784,460,19944,125,2000,2000,3467303473,outcome_stratified_disjoint_patient_cluster_shared_paired_draws,max(y) within split,1,SUPERSEDED_RETAINED_FOR_AUDIT,earlier_strict_v2_overall_stage3a,overall_legacy_S1_mlp_plr_no_text,,1429adec9e49f2460584d13c41b56eafe71dc51ce72864751c447b2f5af973a9,1be7478efbc6de90f101911ed368bf2385036d046b35a330a1c9f43e92d6f815
P1_05a-S1-mlp_plr,overall_legacy_S1_mlp_plr_no_text,overall,S1,mlp_plr,oof_2020_2023,Delta_AUPRC_text_minus_no_text,0.010843620802561571,-0.0024829897601086476,0.023688482074875096,ESTIMATED,24784,460,19944,125,2000,2000,3467303473,outcome_stratified_disjoint_patient_cluster_shared_paired_draws,max(y) within split,1,SUPERSEDED_RETAINED_FOR_AUDIT,earlier_strict_v2_overall_stage3a,overall_legacy_S1_mlp_plr_no_text,,1429adec9e49f2460584d13c41b56eafe71dc51ce72864751c447b2f5af973a9,1be7478efbc6de90f101911ed368bf2385036d046b35a330a1c9f43e92d6f815
P1_05a-S1-mlp_plr,overall_legacy_S1_mlp_plr_no_text,overall,S1,mlp_plr,validation_2024,AUPRC,0.42889773151408034,0.36185602762321994,0.5052384398119443,ESTIMATED,7504,191,6600,30,2000,2000,4101892034,outcome_stratified_disjoint_patient_cluster_shared_paired_draws,max(y) within split,1,SUPERSEDED_RETAINED_FOR_AUDIT,earlier_strict_v2_overall_stage3a,overall_legacy_S1_mlp_plr_no_text,,1429adec9e49f2460584d13c41b56eafe71dc51ce72864751c447b2f5af973a9,1be7478efbc6de90f101911ed368bf2385036d046b35a330a1c9f43e92d6f815
P1_05a-S1-mlp_plr,overall_legacy_S1_mlp_plr_no_text,overall,S1,mlp_plr,validation_2024,AUPRC_no_text,0.4218908708599783,0.3535769188571668,0.4959749823274617,ESTIMATED,7504,191,6600,30,2000,2000,4101892034,outcome_stratified_disjoint_patient_cluster_shared_paired_draws,max(y) within split,1,SUPERSEDED_RETAINED_FOR_AUDIT,earlier_strict_v2_overall_stage3a,overall_legacy_S1_mlp_plr_no_text,,1429adec9e49f2460584d13c41b56eafe71dc51ce72864751c447b2f5af973a9,1be7478efbc6de90f101911ed368bf2385036d046b35a330a1c9f43e92d6f815
P1_05a-S1-mlp_plr,overall_legacy_S1_mlp_plr_no_text,overall,S1,mlp_plr,validation_2024,Delta_AUPRC_text_minus_no_text,0.007006860654102054,-0.00902544350743138,0.023108126943898973,ESTIMATED,7504,191,6600,30,2000,2000,4101892034,outcome_stratified_disjoint_patient_cluster_shared_paired_draws,max(y) within split,1,SUPERSEDED_RETAINED_FOR_AUDIT,earlier_strict_v2_overall_stage3a,overall_legacy_S1_mlp_plr_no_text,,1429adec9e49f2460584d13c41b56eafe71dc51ce72864751c447b2f5af973a9,1be7478efbc6de90f101911ed368bf2385036d046b35a330a1c9f43e92d6f815
P1_05a-S2-ft_transformer,overall_legacy_S2_ft_transformer_no_text,overall,S2,ft_transformer,oof_2020_2023,AUPRC,0.24044440281841808,0.21717075415874798,0.2672877366676331,ESTIMATED,24784,748,19944,214,2000,2000,2020375109,outcome_stratified_disjoint_patient_cluster_shared_paired_draws,max(y) within split,1,SUPERSEDED_RETAINED_FOR_AUDIT,earlier_strict_v2_overall_stage3a,overall_legacy_S2_ft_transformer_no_text,,6536fb1e71f1a8264dff1794bac84c531109510e4c9230bbdd5b9368e940324a,49a5067d5d1f177b3d2591a85918dc3248bb731c86066dcf6dfc6c87604a3fdc
P1_05a-S2-ft_transformer,overall_legacy_S2_ft_transformer_no_text,overall,S2,ft_transformer,oof_2020_2023,AUPRC_no_text,0.23474662452566641,0.2121741773766802,0.26183402464220357,ESTIMATED,24784,748,19944,214,2000,2000,2020375109,outcome_stratified_disjoint_patient_cluster_shared_paired_draws,max(y) within split,1,SUPERSEDED_RETAINED_FOR_AUDIT,earlier_strict_v2_overall_stage3a,overall_legacy_S2_ft_transformer_no_text,,6536fb1e71f1a8264dff1794bac84c531109510e4c9230bbdd5b9368e940324a,49a5067d5d1f177b3d2591a85918dc3248bb731c86066dcf6dfc6c87604a3fdc
P1_05a-S2-ft_transformer,overall_legacy_S2_ft_transformer_no_text,overall,S2,ft_transformer,oof_2020_2023,Delta_AUPRC_text_minus_no_text,0.005697778292751671,-0.0004697173702434096,0.011785170789641452,ESTIMATED,24784,748,19944,214,2000,2000,2020375109,outcome_stratified_disjoint_patient_cluster_shared_paired_draws,max(y) within split,1,SUPERSEDED_RETAINED_FOR_AUDIT,earlier_strict_v2_overall_stage3a,overall_legacy_S2_ft_transformer_no_text,,6536fb1e71f1a8264dff1794bac84c531109510e4c9230bbdd5b9368e940324a,49a5067d5d1f177b3d2591a85918dc3248bb731c86066dcf6dfc6c87604a3fdc
P1_05a-S2-ft_transformer,overall_legacy_S2_ft_transformer_no_text,overall,S2,ft_transformer,validation_2024,AUPRC,0.4321619898555622,0.38045486202792766,0.497277708430247,ESTIMATED,7504,291,6600,42,2000,2000,50150598,outcome_stratified_disjoint_patient_cluster_shared_paired_draws,max(y) within split,1,SUPERSEDED_RETAINED_FOR_AUDIT,earlier_strict_v2_overall_stage3a,overall_legacy_S2_ft_transformer_no_text,,6536fb1e71f1a8264dff1794bac84c531109510e4c9230bbdd5b9368e940324a,49a5067d5d1f177b3d2591a85918dc3248bb731c86066dcf6dfc6c87604a3fdc
P1_05a-S2-ft_transformer,overall_legacy_S2_ft_transformer_no_text,overall,S2,ft_transformer,validation_2024,AUPRC_no_text,0.43352968500400807,0.37964090548302143,0.4972734191049247,ESTIMATED,7504,291,6600,42,2000,2000,50150598,outcome_stratified_disjoint_patient_cluster_shared_paired_draws,max(y) within split,1,SUPERSEDED_RETAINED_FOR_AUDIT,earlier_strict_v2_overall_stage3a,overall_legacy_S2_ft_transformer_no_text,,6536fb1e71f1a8264dff1794bac84c531109510e4c9230bbdd5b9368e940324a,49a5067d5d1f177b3d2591a85918dc3248bb731c86066dcf6dfc6c87604a3fdc
P1_05a-S2-ft_transformer,overall_legacy_S2_ft_transformer_no_text,overall,S2,ft_transformer,validation_2024,Delta_AUPRC_text_minus_no_text,-0.0013676951484458688,-0.012181797848935933,0.01088176152646896,ESTIMATED,7504,291,6600,42,2000,2000,50150598,outcome_stratified_disjoint_patient_cluster_shared_paired_draws,max(y) within split,1,SUPERSEDED_RETAINED_FOR_AUDIT,earlier_strict_v2_overall_stage3a,overall_legacy_S2_ft_transformer_no_text,,6536fb1e71f1a8264dff1794bac84c531109510e4c9230bbdd5b9368e940324a,49a5067d5d1f177b3d2591a85918dc3248bb731c86066dcf6dfc6c87604a3fdc
P1_05a-S2-mlp_plr,overall_legacy_S2_mlp_plr_no_text,overall,S2,mlp_plr,oof_2020_2023,AUPRC,0.2986286965310102,0.26957550215588627,0.3316318947802834,ESTIMATED,24784,748,19944,214,2000,2000,204618063,outcome_stratified_disjoint_patient_cluster_shared_paired_draws,max(y) within split,1,SUPERSEDED_RETAINED_FOR_AUDIT,earlier_strict_v2_overall_stage3a,overall_legacy_S2_mlp_plr_no_text,,67d8f2a4651a0a0b397fb8d03a84124825f7acf152d1b7dcb5c6a41bdd466191,de9561a610a322a3d498d9f71f2479be802e0544e6ab7b5921e3c2583541250e
P1_05a-S2-mlp_plr,overall_legacy_S2_mlp_plr_no_text,overall,S2,mlp_plr,oof_2020_2023,AUPRC_no_text,0.2985100625930366,0.26863215768807774,0.3314181485499216,ESTIMATED,24784,748,19944,214,2000,2000,204618063,outcome_stratified_disjoint_patient_cluster_shared_paired_draws,max(y) within split,1,SUPERSEDED_RETAINED_FOR_AUDIT,earlier_strict_v2_overall_stage3a,overall_legacy_S2_mlp_plr_no_text,,67d8f2a4651a0a0b397fb8d03a84124825f7acf152d1b7dcb5c6a41bdd466191,de9561a610a322a3d498d9f71f2479be802e0544e6ab7b5921e3c2583541250e
P1_05a-S2-mlp_plr,overall_legacy_S2_mlp_plr_no_text,overall,S2,mlp_plr,oof_2020_2023,Delta_AUPRC_text_minus_no_text,0.00011863393797362232,-0.008440361305077335,0.009637194814691292,ESTIMATED,24784,748,19944,214,2000,2000,204618063,outcome_stratified_disjoint_patient_cluster_shared_paired_draws,max(y) within split,1,SUPERSEDED_RETAINED_FOR_AUDIT,earlier_strict_v2_overall_stage3a,overall_legacy_S2_mlp_plr_no_text,,67d8f2a4651a0a0b397fb8d03a84124825f7acf152d1b7dcb5c6a41bdd466191,de9561a610a322a3d498d9f71f2479be802e0544e6ab7b5921e3c2583541250e
P1_05a-S2-mlp_plr,overall_legacy_S2_mlp_plr_no_text,overall,S2,mlp_plr,validation_2024,AUPRC,0.4716598593621526,0.41863134193135804,0.5297975750138157,ESTIMATED,7504,291,6600,42,2000,2000,2654066378,outcome_stratified_disjoint_patient_cluster_shared_paired_draws,max(y) within split,1,SUPERSEDED_RETAINED_FOR_AUDIT,earlier_strict_v2_overall_stage3a,overall_legacy_S2_mlp_plr_no_text,,67d8f2a4651a0a0b397fb8d03a84124825f7acf152d1b7dcb5c6a41bdd466191,de9561a610a322a3d498d9f71f2479be802e0544e6ab7b5921e3c2583541250e
P1_05a-S2-mlp_plr,overall_legacy_S2_mlp_plr_no_text,overall,S2,mlp_plr,validation_2024,AUPRC_no_text,0.4668580072088632,0.4130417726677664,0.5278682851768518,ESTIMATED,7504,291,6600,42,2000,2000,2654066378,outcome_stratified_disjoint_patient_cluster_shared_paired_draws,max(y) within split,1,SUPERSEDED_RETAINED_FOR_AUDIT,earlier_strict_v2_overall_stage3a,overall_legacy_S2_mlp_plr_no_text,,67d8f2a4651a0a0b397fb8d03a84124825f7acf152d1b7dcb5c6a41bdd466191,de9561a610a322a3d498d9f71f2479be802e0544e6ab7b5921e3c2583541250e
P1_05a-S2-mlp_plr,overall_legacy_S2_mlp_plr_no_text,overall,S2,mlp_plr,validation_2024,Delta_AUPRC_text_minus_no_text,0.0048018521532893765,-0.007256106447820973,0.015924076364547762,ESTIMATED,7504,291,6600,42,2000,2000,2654066378,outcome_stratified_disjoint_patient_cluster_shared_paired_draws,max(y) within split,1,SUPERSEDED_RETAINED_FOR_AUDIT,earlier_strict_v2_overall_stage3a,overall_legacy_S2_mlp_plr_no_text,,67d8f2a4651a0a0b397fb8d03a84124825f7acf152d1b7dcb5c6a41bdd466191,de9561a610a322a3d498d9f71f2479be802e0544e6ab7b5921e3c2583541250e
P1_05a-S3-ft_transformer,overall_legacy_S3_ft_transformer_no_text,overall,S3,ft_transformer,oof_2020_2023,AUPRC,0.5895695546772218,0.5773452074808566,0.6014718203415993,ESTIMATED,24784,7664,19944,1199,2000,2000,3059098613,outcome_stratified_disjoint_patient_cluster_shared_paired_draws,max(y) within split,1,SUPERSEDED_RETAINED_FOR_AUDIT,earlier_strict_v2_overall_stage3a,overall_legacy_S3_ft_transformer_no_text,,75233abd4ad22c456edd705ba45bfcf31d49e9d6f67b5030d88748301219b2a8,eded06d57718297bcef7ae1352bd864f342299832e3feb2f4c1add96a501e7a3
P1_05a-S3-ft_transformer,overall_legacy_S3_ft_transformer_no_text,overall,S3,ft_transformer,oof_2020_2023,AUPRC_no_text,0.5765814520823765,0.5638464683771042,0.5893034462862404,ESTIMATED,24784,7664,19944,1199,2000,2000,3059098613,outcome_stratified_disjoint_patient_cluster_shared_paired_draws,max(y) within split,1,SUPERSEDED_RETAINED_FOR_AUDIT,earlier_strict_v2_overall_stage3a,overall_legacy_S3_ft_transformer_no_text,,75233abd4ad22c456edd705ba45bfcf31d49e9d6f67b5030d88748301219b2a8,eded06d57718297bcef7ae1352bd864f342299832e3feb2f4c1add96a501e7a3
P1_05a-S3-ft_transformer,overall_legacy_S3_ft_transformer_no_text,overall,S3,ft_transformer,oof_2020_2023,Delta_AUPRC_text_minus_no_text,0.012988102594845286,0.006624199140985573,0.01880459518013117,ESTIMATED,24784,7664,19944,1199,2000,2000,3059098613,outcome_stratified_disjoint_patient_cluster_shared_paired_draws,max(y) within split,1,SUPERSEDED_RETAINED_FOR_AUDIT,earlier_strict_v2_overall_stage3a,overall_legacy_S3_ft_transformer_no_text,,75233abd4ad22c456edd705ba45bfcf31d49e9d6f67b5030d88748301219b2a8,eded06d57718297bcef7ae1352bd864f342299832e3feb2f4c1add96a501e7a3
P1_05a-S3-ft_transformer,overall_legacy_S3_ft_transformer_no_text,overall,S3,ft_transformer,validation_2024,AUPRC,0.5604730308053453,0.5380276030329987,0.5832142235976182,ESTIMATED,7504,2144,6600,256,2000,2000,4170414327,outcome_stratified_disjoint_patient_cluster_shared_paired_draws,max(y) within split,1,SUPERSEDED_RETAINED_FOR_AUDIT,earlier_strict_v2_overall_stage3a,overall_legacy_S3_ft_transformer_no_text,,75233abd4ad22c456edd705ba45bfcf31d49e9d6f67b5030d88748301219b2a8,eded06d57718297bcef7ae1352bd864f342299832e3feb2f4c1add96a501e7a3
P1_05a-S3-ft_transformer,overall_legacy_S3_ft_transformer_no_text,overall,S3,ft_transformer,validation_2024,AUPRC_no_text,0.5288145221661696,0.5082158022667544,0.5513796241876264,ESTIMATED,7504,2144,6600,256,2000,2000,4170414327,outcome_stratified_disjoint_patient_cluster_shared_paired_draws,max(y) within split,1,SUPERSEDED_RETAINED_FOR_AUDIT,earlier_strict_v2_overall_stage3a,overall_legacy_S3_ft_transformer_no_text,,75233abd4ad22c456edd705ba45bfcf31d49e9d6f67b5030d88748301219b2a8,eded06d57718297bcef7ae1352bd864f342299832e3feb2f4c1add96a501e7a3
P1_05a-S3-ft_transformer,overall_legacy_S3_ft_transformer_no_text,overall,S3,ft_transformer,validation_2024,Delta_AUPRC_text_minus_no_text,0.03165850863917563,0.02203681089988177,0.041229014807541826,ESTIMATED,7504,2144,6600,256,2000,2000,4170414327,outcome_stratified_disjoint_patient_cluster_shared_paired_draws,max(y) within split,1,SUPERSEDED_RETAINED_FOR_AUDIT,earlier_strict_v2_overall_stage3a,overall_legacy_S3_ft_transformer_no_text,,75233abd4ad22c456edd705ba45bfcf31d49e9d6f67b5030d88748301219b2a8,eded06d57718297bcef7ae1352bd864f342299832e3feb2f4c1add96a501e7a3
P1_05a-S3-mlp_plr,overall_legacy_S3_mlp_plr_no_text,overall,S3,mlp_plr,oof_2020_2023,AUPRC,0.6158959613727508,0.6032327594567922,0.6284248527709828,ESTIMATED,24784,7664,19944,1199,2000,2000,699861180,outcome_stratified_disjoint_patient_cluster_shared_paired_draws,max(y) within split,1,SUPERSEDED_RETAINED_FOR_AUDIT,earlier_strict_v2_overall_stage3a,overall_legacy_S3_mlp_plr_no_text,,3ff1d3ae0454a4674cbb8b6982229a98d6383855c7f7a1a1bfe707bc8fcb1319,e9710da9cdfbbdc32a708809809226fe42b1ece779dac0e949f1614d84cf5ee6
P1_05a-S3-mlp_plr,overall_legacy_S3_mlp_plr_no_text,overall,S3,mlp_plr,oof_2020_2023,AUPRC_no_text,0.6115901436164237,0.5991420019950668,0.6243130121318209,ESTIMATED,24784,7664,19944,1199,2000,2000,699861180,outcome_stratified_disjoint_patient_cluster_shared_paired_draws,max(y) within split,1,SUPERSEDED_RETAINED_FOR_AUDIT,earlier_strict_v2_overall_stage3a,overall_legacy_S3_mlp_plr_no_text,,3ff1d3ae0454a4674cbb8b6982229a98d6383855c7f7a1a1bfe707bc8fcb1319,e9710da9cdfbbdc32a708809809226fe42b1ece779dac0e949f1614d84cf5ee6
P1_05a-S3-mlp_plr,overall_legacy_S3_mlp_plr_no_text,overall,S3,mlp_plr,oof_2020_2023,Delta_AUPRC_text_minus_no_text,0.004305817756327102,0.0005686517716698897,0.007651049782613825,ESTIMATED,24784,7664,19944,1199,2000,2000,699861180,outcome_stratified_disjoint_patient_cluster_shared_paired_draws,max(y) within split,1,SUPERSEDED_RETAINED_FOR_AUDIT,earlier_strict_v2_overall_stage3a,overall_legacy_S3_mlp_plr_no_text,,3ff1d3ae0454a4674cbb8b6982229a98d6383855c7f7a1a1bfe707bc8fcb1319,e9710da9cdfbbdc32a708809809226fe42b1ece779dac0e949f1614d84cf5ee6
P1_05a-S3-mlp_plr,overall_legacy_S3_mlp_plr_no_text,overall,S3,mlp_plr,validation_2024,AUPRC,0.5681918828795446,0.5458296320444798,0.5904888398119842,ESTIMATED,7504,2144,6600,256,2000,2000,3998467599,outcome_stratified_disjoint_patient_cluster_shared_paired_draws,max(y) within split,1,SUPERSEDED_RETAINED_FOR_AUDIT,earlier_strict_v2_overall_stage3a,overall_legacy_S3_mlp_plr_no_text,,3ff1d3ae0454a4674cbb8b6982229a98d6383855c7f7a1a1bfe707bc8fcb1319,e9710da9cdfbbdc32a708809809226fe42b1ece779dac0e949f1614d84cf5ee6
P1_05a-S3-mlp_plr,overall_legacy_S3_mlp_plr_no_text,overall,S3,mlp_plr,validation_2024,AUPRC_no_text,0.5632296188668018,0.5408752567477286,0.5859634856595834,ESTIMATED,7504,2144,6600,256,2000,2000,3998467599,outcome_stratified_disjoint_patient_cluster_shared_paired_draws,max(y) within split,1,SUPERSEDED_RETAINED_FOR_AUDIT,earlier_strict_v2_overall_stage3a,overall_legacy_S3_mlp_plr_no_text,,3ff1d3ae0454a4674cbb8b6982229a98d6383855c7f7a1a1bfe707bc8fcb1319,e9710da9cdfbbdc32a708809809226fe42b1ece779dac0e949f1614d84cf5ee6
P1_05a-S3-mlp_plr,overall_legacy_S3_mlp_plr_no_text,overall,S3,mlp_plr,validation_2024,Delta_AUPRC_text_minus_no_text,0.004962264012742801,-0.001305029229982088,0.011068795762876152,ESTIMATED,7504,2144,6600,256,2000,2000,3998467599,outcome_stratified_disjoint_patient_cluster_shared_paired_draws,max(y) within split,1,SUPERSEDED_RETAINED_FOR_AUDIT,earlier_strict_v2_overall_stage3a,overall_legacy_S3_mlp_plr_no_text,,3ff1d3ae0454a4674cbb8b6982229a98d6383855c7f7a1a1bfe707bc8fcb1319,e9710da9cdfbbdc32a708809809226fe42b1ece779dac0e949f1614d84cf5ee6
P1_05a-S4-ft_transformer,overall_legacy_S4_ft_transformer_no_text,overall,S4,ft_transformer,oof_2020_2023,AUPRC,0.358395722753967,0.34125419202390334,0.3777367344114538,ESTIMATED,24784,2512,19944,601,2000,2000,1264943483,outcome_stratified_disjoint_patient_cluster_shared_paired_draws,max(y) within split,1,SUPERSEDED_RETAINED_FOR_AUDIT,earlier_strict_v2_overall_stage3a,overall_legacy_S4_ft_transformer_no_text,,801ee8ad61bd624648f3b8ebd7ab07985fba275e1777328bc02594f738ddf9e8,40af13ef784801d64fe5ce5c89ded21a95a7190f55547b6217f8df066f1f3aa5
P1_05a-S4-ft_transformer,overall_legacy_S4_ft_transformer_no_text,overall,S4,ft_transformer,oof_2020_2023,AUPRC_no_text,0.3635831619287388,0.34516375961941603,0.3841715611625475,ESTIMATED,24784,2512,19944,601,2000,2000,1264943483,outcome_stratified_disjoint_patient_cluster_shared_paired_draws,max(y) within split,1,SUPERSEDED_RETAINED_FOR_AUDIT,earlier_strict_v2_overall_stage3a,overall_legacy_S4_ft_transformer_no_text,,801ee8ad61bd624648f3b8ebd7ab07985fba275e1777328bc02594f738ddf9e8,40af13ef784801d64fe5ce5c89ded21a95a7190f55547b6217f8df066f1f3aa5
P1_05a-S4-ft_transformer,overall_legacy_S4_ft_transformer_no_text,overall,S4,ft_transformer,oof_2020_2023,Delta_AUPRC_text_minus_no_text,-0.0051874391747717685,-0.013427979972221159,0.0031882123699684085,ESTIMATED,24784,2512,19944,601,2000,2000,1264943483,outcome_stratified_disjoint_patient_cluster_shared_paired_draws,max(y) within split,1,SUPERSEDED_RETAINED_FOR_AUDIT,earlier_strict_v2_overall_stage3a,overall_legacy_S4_ft_transformer_no_text,,801ee8ad61bd624648f3b8ebd7ab07985fba275e1777328bc02594f738ddf9e8,40af13ef784801d64fe5ce5c89ded21a95a7190f55547b6217f8df066f1f3aa5
P1_05a-S4-ft_transformer,overall_legacy_S4_ft_transformer_no_text,overall,S4,ft_transformer,validation_2024,AUPRC,0.33960741161073527,0.3112507294192388,0.37212432428014275,ESTIMATED,7504,756,6600,98,2000,2000,1847029102,outcome_stratified_disjoint_patient_cluster_shared_paired_draws,max(y) within split,1,SUPERSEDED_RETAINED_FOR_AUDIT,earlier_strict_v2_overall_stage3a,overall_legacy_S4_ft_transformer_no_text,,801ee8ad61bd624648f3b8ebd7ab07985fba275e1777328bc02594f738ddf9e8,40af13ef784801d64fe5ce5c89ded21a95a7190f55547b6217f8df066f1f3aa5
P1_05a-S4-ft_transformer,overall_legacy_S4_ft_transformer_no_text,overall,S4,ft_transformer,validation_2024,AUPRC_no_text,0.3286256663947844,0.30127753947835756,0.36063027881918885,ESTIMATED,7504,756,6600,98,2000,2000,1847029102,outcome_stratified_disjoint_patient_cluster_shared_paired_draws,max(y) within split,1,SUPERSEDED_RETAINED_FOR_AUDIT,earlier_strict_v2_overall_stage3a,overall_legacy_S4_ft_transformer_no_text,,801ee8ad61bd624648f3b8ebd7ab07985fba275e1777328bc02594f738ddf9e8,40af13ef784801d64fe5ce5c89ded21a95a7190f55547b6217f8df066f1f3aa5
P1_05a-S4-ft_transformer,overall_legacy_S4_ft_transformer_no_text,overall,S4,ft_transformer,validation_2024,Delta_AUPRC_text_minus_no_text,0.010981745215950856,-0.0009673777632729889,0.02312572164082323,ESTIMATED,7504,756,6600,98,2000,2000,1847029102,outcome_stratified_disjoint_patient_cluster_shared_paired_draws,max(y) within split,1,SUPERSEDED_RETAINED_FOR_AUDIT,earlier_strict_v2_overall_stage3a,overall_legacy_S4_ft_transformer_no_text,,801ee8ad61bd624648f3b8ebd7ab07985fba275e1777328bc02594f738ddf9e8,40af13ef784801d64fe5ce5c89ded21a95a7190f55547b6217f8df066f1f3aa5
P1_05a-S4-mlp_plr,overall_legacy_S4_mlp_plr_no_text,overall,S4,mlp_plr,oof_2020_2023,AUPRC,0.39841921479099784,0.3787766541239519,0.41901229113170324,ESTIMATED,24784,2512,19944,601,2000,2000,2992472409,outcome_stratified_disjoint_patient_cluster_shared_paired_draws,max(y) within split,1,SUPERSEDED_RETAINED_FOR_AUDIT,earlier_strict_v2_overall_stage3a,overall_legacy_S4_mlp_plr_no_text,,750f20f0ebfd10cfc4770160e4a9c54f1dbdc9748ef113754e41948a115c75b1,996d20795c5370582346041504b607ff69063d6a97c4f27722e77d1dc204c2a4
P1_05a-S4-mlp_plr,overall_legacy_S4_mlp_plr_no_text,overall,S4,mlp_plr,oof_2020_2023,AUPRC_no_text,0.4005919594842997,0.38153013058391483,0.42080180339055073,ESTIMATED,24784,2512,19944,601,2000,2000,2992472409,outcome_stratified_disjoint_patient_cluster_shared_paired_draws,max(y) within split,1,SUPERSEDED_RETAINED_FOR_AUDIT,earlier_strict_v2_overall_stage3a,overall_legacy_S4_mlp_plr_no_text,,750f20f0ebfd10cfc4770160e4a9c54f1dbdc9748ef113754e41948a115c75b1,996d20795c5370582346041504b607ff69063d6a97c4f27722e77d1dc204c2a4
P1_05a-S4-mlp_plr,overall_legacy_S4_mlp_plr_no_text,overall,S4,mlp_plr,oof_2020_2023,Delta_AUPRC_text_minus_no_text,-0.0021727446933018646,-0.006774303570849742,0.002591687293784793,ESTIMATED,24784,2512,19944,601,2000,2000,2992472409,outcome_stratified_disjoint_patient_cluster_shared_paired_draws,max(y) within split,1,SUPERSEDED_RETAINED_FOR_AUDIT,earlier_strict_v2_overall_stage3a,overall_legacy_S4_mlp_plr_no_text,,750f20f0ebfd10cfc4770160e4a9c54f1dbdc9748ef113754e41948a115c75b1,996d20795c5370582346041504b607ff69063d6a97c4f27722e77d1dc204c2a4
P1_05a-S4-mlp_plr,overall_legacy_S4_mlp_plr_no_text,overall,S4,mlp_plr,validation_2024,AUPRC,0.41298661250744995,0.3801333816526971,0.44732898247849245,ESTIMATED,7504,756,6600,98,2000,2000,1812343332,outcome_stratified_disjoint_patient_cluster_shared_paired_draws,max(y) within split,1,SUPERSEDED_RETAINED_FOR_AUDIT,earlier_strict_v2_overall_stage3a,overall_legacy_S4_mlp_plr_no_text,,750f20f0ebfd10cfc4770160e4a9c54f1dbdc9748ef113754e41948a115c75b1,996d20795c5370582346041504b607ff69063d6a97c4f27722e77d1dc204c2a4
P1_05a-S4-mlp_plr,overall_legacy_S4_mlp_plr_no_text,overall,S4,mlp_plr,validation_2024,AUPRC_no_text,0.40965331729466903,0.37687094827928347,0.4447302879324123,ESTIMATED,7504,756,6600,98,2000,2000,1812343332,outcome_stratified_disjoint_patient_cluster_shared_paired_draws,max(y) within split,1,SUPERSEDED_RETAINED_FOR_AUDIT,earlier_strict_v2_overall_stage3a,overall_legacy_S4_mlp_plr_no_text,,750f20f0ebfd10cfc4770160e4a9c54f1dbdc9748ef113754e41948a115c75b1,996d20795c5370582346041504b607ff69063d6a97c4f27722e77d1dc204c2a4
P1_05a-S4-mlp_plr,overall_legacy_S4_mlp_plr_no_text,overall,S4,mlp_plr,validation_2024,Delta_AUPRC_text_minus_no_text,0.003333295212780918,-0.007212246933953091,0.013077070538522547,ESTIMATED,7504,756,6600,98,2000,2000,1812343332,outcome_stratified_disjoint_patient_cluster_shared_paired_draws,max(y) within split,1,SUPERSEDED_RETAINED_FOR_AUDIT,earlier_strict_v2_overall_stage3a,overall_legacy_S4_mlp_plr_no_text,,750f20f0ebfd10cfc4770160e4a9c54f1dbdc9748ef113754e41948a115c75b1,996d20795c5370582346041504b607ff69063d6a97c4f27722e77d1dc204c2a4
P1_05a-S5-ft_transformer,overall_legacy_S5_ft_transformer_no_text,overall,S5,ft_transformer,oof_2020_2023,AUPRC,0.07774361222381095,0.06647193885400678,0.094527028212152,ESTIMATED,24784,385,19944,120,2000,2000,3720483463,outcome_stratified_disjoint_patient_cluster_shared_paired_draws,max(y) within split,1,SUPERSEDED_RETAINED_FOR_AUDIT,earlier_strict_v2_overall_stage3a,overall_legacy_S5_ft_transformer_no_text,,cf4aecd2082e56e4a4436d4d942668d74078f4935d51e5666ad1b20a7b166c30,85bcb983024910a05e32775bb978fd8f854918219a510910ec0f626af16b0d08
P1_05a-S5-ft_transformer,overall_legacy_S5_ft_transformer_no_text,overall,S5,ft_transformer,oof_2020_2023,AUPRC_no_text,0.08201362850313698,0.06885142390741723,0.10033800020765454,ESTIMATED,24784,385,19944,120,2000,2000,3720483463,outcome_stratified_disjoint_patient_cluster_shared_paired_draws,max(y) within split,1,SUPERSEDED_RETAINED_FOR_AUDIT,earlier_strict_v2_overall_stage3a,overall_legacy_S5_ft_transformer_no_text,,cf4aecd2082e56e4a4436d4d942668d74078f4935d51e5666ad1b20a7b166c30,85bcb983024910a05e32775bb978fd8f854918219a510910ec0f626af16b0d08
P1_05a-S5-ft_transformer,overall_legacy_S5_ft_transformer_no_text,overall,S5,ft_transformer,oof_2020_2023,Delta_AUPRC_text_minus_no_text,-0.004270016279326036,-0.015096276498627327,0.007045219960833364,ESTIMATED,24784,385,19944,120,2000,2000,3720483463,outcome_stratified_disjoint_patient_cluster_shared_paired_draws,max(y) within split,1,SUPERSEDED_RETAINED_FOR_AUDIT,earlier_strict_v2_overall_stage3a,overall_legacy_S5_ft_transformer_no_text,,cf4aecd2082e56e4a4436d4d942668d74078f4935d51e5666ad1b20a7b166c30,85bcb983024910a05e32775bb978fd8f854918219a510910ec0f626af16b0d08
P1_05a-S5-ft_transformer,overall_legacy_S5_ft_transformer_no_text,overall,S5,ft_transformer,validation_2024,AUPRC,0.09626623720724062,0.05777043014503173,0.15802613696642726,ESTIMATED,7504,104,6600,19,2000,2000,3491251698,outcome_stratified_disjoint_patient_cluster_shared_paired_draws,max(y) within split,1,SUPERSEDED_RETAINED_FOR_AUDIT,earlier_strict_v2_overall_stage3a,overall_legacy_S5_ft_transformer_no_text,,cf4aecd2082e56e4a4436d4d942668d74078f4935d51e5666ad1b20a7b166c30,85bcb983024910a05e32775bb978fd8f854918219a510910ec0f626af16b0d08
P1_05a-S5-ft_transformer,overall_legacy_S5_ft_transformer_no_text,overall,S5,ft_transformer,validation_2024,AUPRC_no_text,0.05672932046117869,0.04357310143411738,0.08928735175761025,ESTIMATED,7504,104,6600,19,2000,2000,3491251698,outcome_stratified_disjoint_patient_cluster_shared_paired_draws,max(y) within split,1,SUPERSEDED_RETAINED_FOR_AUDIT,earlier_strict_v2_overall_stage3a,overall_legacy_S5_ft_transformer_no_text,,cf4aecd2082e56e4a4436d4d942668d74078f4935d51e5666ad1b20a7b166c30,85bcb983024910a05e32775bb978fd8f854918219a510910ec0f626af16b0d08
P1_05a-S5-ft_transformer,overall_legacy_S5_ft_transformer_no_text,overall,S5,ft_transformer,validation_2024,Delta_AUPRC_text_minus_no_text,0.039536916746061926,-0.00401763660715392,0.0949883941863808,ESTIMATED,7504,104,6600,19,2000,2000,3491251698,outcome_stratified_disjoint_patient_cluster_shared_paired_draws,max(y) within split,1,SUPERSEDED_RETAINED_FOR_AUDIT,earlier_strict_v2_overall_stage3a,overall_legacy_S5_ft_transformer_no_text,,cf4aecd2082e56e4a4436d4d942668d74078f4935d51e5666ad1b20a7b166c30,85bcb983024910a05e32775bb978fd8f854918219a510910ec0f626af16b0d08
P1_05a-S5-mlp_plr,overall_legacy_S5_mlp_plr_no_text,overall,S5,mlp_plr,oof_2020_2023,AUPRC,0.09181060003275812,0.07492256185008844,0.11672481213502363,ESTIMATED,24784,385,19944,120,2000,2000,3888676524,outcome_stratified_disjoint_patient_cluster_shared_paired_draws,max(y) within split,1,SUPERSEDED_RETAINED_FOR_AUDIT,earlier_strict_v2_overall_stage3a,overall_legacy_S5_mlp_plr_no_text,,80d218a5910881863905c422dde1c9f564aa61f350655fcf51ed42c84e4f2369,41335e6cf3abe33c7fac53f302ca972ad6af5f2b239c80db3c69d385e4476f25
P1_05a-S5-mlp_plr,overall_legacy_S5_mlp_plr_no_text,overall,S5,mlp_plr,oof_2020_2023,AUPRC_no_text,0.09675749121256487,0.07831404213169828,0.12408254783616837,ESTIMATED,24784,385,19944,120,2000,2000,3888676524,outcome_stratified_disjoint_patient_cluster_shared_paired_draws,max(y) within split,1,SUPERSEDED_RETAINED_FOR_AUDIT,earlier_strict_v2_overall_stage3a,overall_legacy_S5_mlp_plr_no_text,,80d218a5910881863905c422dde1c9f564aa61f350655fcf51ed42c84e4f2369,41335e6cf3abe33c7fac53f302ca972ad6af5f2b239c80db3c69d385e4476f25
P1_05a-S5-mlp_plr,overall_legacy_S5_mlp_plr_no_text,overall,S5,mlp_plr,oof_2020_2023,Delta_AUPRC_text_minus_no_text,-0.004946891179806748,-0.013578006301582055,0.0037564575774336095,ESTIMATED,24784,385,19944,120,2000,2000,3888676524,outcome_stratified_disjoint_patient_cluster_shared_paired_draws,max(y) within split,1,SUPERSEDED_RETAINED_FOR_AUDIT,earlier_strict_v2_overall_stage3a,overall_legacy_S5_mlp_plr_no_text,,80d218a5910881863905c422dde1c9f564aa61f350655fcf51ed42c84e4f2369,41335e6cf3abe33c7fac53f302ca972ad6af5f2b239c80db3c69d385e4476f25
P1_05a-S5-mlp_plr,overall_legacy_S5_mlp_plr_no_text,overall,S5,mlp_plr,validation_2024,AUPRC,0.08818724994821711,0.057163143608355484,0.14588327731695502,ESTIMATED,7504,104,6600,19,2000,2000,3600306486,outcome_stratified_disjoint_patient_cluster_shared_paired_draws,max(y) within split,1,SUPERSEDED_RETAINED_FOR_AUDIT,earlier_strict_v2_overall_stage3a,overall_legacy_S5_mlp_plr_no_text,,80d218a5910881863905c422dde1c9f564aa61f350655fcf51ed42c84e4f2369,41335e6cf3abe33c7fac53f302ca972ad6af5f2b239c80db3c69d385e4476f25
P1_05a-S5-mlp_plr,overall_legacy_S5_mlp_plr_no_text,overall,S5,mlp_plr,validation_2024,AUPRC_no_text,0.10037311967052535,0.06138142531818341,0.15717535329256835,ESTIMATED,7504,104,6600,19,2000,2000,3600306486,outcome_stratified_disjoint_patient_cluster_shared_paired_draws,max(y) within split,1,SUPERSEDED_RETAINED_FOR_AUDIT,earlier_strict_v2_overall_stage3a,overall_legacy_S5_mlp_plr_no_text,,80d218a5910881863905c422dde1c9f564aa61f350655fcf51ed42c84e4f2369,41335e6cf3abe33c7fac53f302ca972ad6af5f2b239c80db3c69d385e4476f25
P1_05a-S5-mlp_plr,overall_legacy_S5_mlp_plr_no_text,overall,S5,mlp_plr,validation_2024,Delta_AUPRC_text_minus_no_text,-0.012185869722308243,-0.02587763731605564,0.0063952549548355105,ESTIMATED,7504,104,6600,19,2000,2000,3600306486,outcome_stratified_disjoint_patient_cluster_shared_paired_draws,max(y) within split,1,SUPERSEDED_RETAINED_FOR_AUDIT,earlier_strict_v2_overall_stage3a,overall_legacy_S5_mlp_plr_no_text,,80d218a5910881863905c422dde1c9f564aa61f350655fcf51ed42c84e4f2369,41335e6cf3abe33c7fac53f302ca972ad6af5f2b239c80db3c69d385e4476f25
P1_05a-S6-ft_transformer,overall_legacy_S6_ft_transformer_no_text,overall,S6,ft_transformer,oof_2020_2023,AUPRC,0.16118886517134334,0.14552842628017276,0.18176866395782995,ESTIMATED,24784,1121,19944,339,2000,2000,1218017526,outcome_stratified_disjoint_patient_cluster_shared_paired_draws,max(y) within split,1,SUPERSEDED_RETAINED_FOR_AUDIT,earlier_strict_v2_overall_stage3a,overall_legacy_S6_ft_transformer_no_text,,3ea4dd6d138367a7ef17e3ece78ac5509c6331e635f7f0d9d522ae2ed23b1b2e,69a56431f37fc9822d4fce131bb5efe11e644755176b9a72fee3acc1db7f426b
P1_05a-S6-ft_transformer,overall_legacy_S6_ft_transformer_no_text,overall,S6,ft_transformer,oof_2020_2023,AUPRC_no_text,0.15803891375164286,0.143091133906626,0.1777102232988694,ESTIMATED,24784,1121,19944,339,2000,2000,1218017526,outcome_stratified_disjoint_patient_cluster_shared_paired_draws,max(y) within split,1,SUPERSEDED_RETAINED_FOR_AUDIT,earlier_strict_v2_overall_stage3a,overall_legacy_S6_ft_transformer_no_text,,3ea4dd6d138367a7ef17e3ece78ac5509c6331e635f7f0d9d522ae2ed23b1b2e,69a56431f37fc9822d4fce131bb5efe11e644755176b9a72fee3acc1db7f426b
P1_05a-S6-ft_transformer,overall_legacy_S6_ft_transformer_no_text,overall,S6,ft_transformer,oof_2020_2023,Delta_AUPRC_text_minus_no_text,0.0031499514197004808,-0.002883087042964428,0.009752058987128545,ESTIMATED,24784,1121,19944,339,2000,2000,1218017526,outcome_stratified_disjoint_patient_cluster_shared_paired_draws,max(y) within split,1,SUPERSEDED_RETAINED_FOR_AUDIT,earlier_strict_v2_overall_stage3a,overall_legacy_S6_ft_transformer_no_text,,3ea4dd6d138367a7ef17e3ece78ac5509c6331e635f7f0d9d522ae2ed23b1b2e,69a56431f37fc9822d4fce131bb5efe11e644755176b9a72fee3acc1db7f426b
P1_05a-S6-ft_transformer,overall_legacy_S6_ft_transformer_no_text,overall,S6,ft_transformer,validation_2024,AUPRC,0.14007630593699563,0.12044343415901332,0.16812773030604547,ESTIMATED,7504,330,6600,63,2000,2000,2386934107,outcome_stratified_disjoint_patient_cluster_shared_paired_draws,max(y) within split,1,SUPERSEDED_RETAINED_FOR_AUDIT,earlier_strict_v2_overall_stage3a,overall_legacy_S6_ft_transformer_no_text,,3ea4dd6d138367a7ef17e3ece78ac5509c6331e635f7f0d9d522ae2ed23b1b2e,69a56431f37fc9822d4fce131bb5efe11e644755176b9a72fee3acc1db7f426b
P1_05a-S6-ft_transformer,overall_legacy_S6_ft_transformer_no_text,overall,S6,ft_transformer,validation_2024,AUPRC_no_text,0.136065972585765,0.11694322988756273,0.1653990606647839,ESTIMATED,7504,330,6600,63,2000,2000,2386934107,outcome_stratified_disjoint_patient_cluster_shared_paired_draws,max(y) within split,1,SUPERSEDED_RETAINED_FOR_AUDIT,earlier_strict_v2_overall_stage3a,overall_legacy_S6_ft_transformer_no_text,,3ea4dd6d138367a7ef17e3ece78ac5509c6331e635f7f0d9d522ae2ed23b1b2e,69a56431f37fc9822d4fce131bb5efe11e644755176b9a72fee3acc1db7f426b
P1_05a-S6-ft_transformer,overall_legacy_S6_ft_transformer_no_text,overall,S6,ft_transformer,validation_2024,Delta_AUPRC_text_minus_no_text,0.004010333351230633,-0.0013999617187149406,0.009520014607952897,ESTIMATED,7504,330,6600,63,2000,2000,2386934107,outcome_stratified_disjoint_patient_cluster_shared_paired_draws,max(y) within split,1,SUPERSEDED_RETAINED_FOR_AUDIT,earlier_strict_v2_overall_stage3a,overall_legacy_S6_ft_transformer_no_text,,3ea4dd6d138367a7ef17e3ece78ac5509c6331e635f7f0d9d522ae2ed23b1b2e,69a56431f37fc9822d4fce131bb5efe11e644755176b9a72fee3acc1db7f426b
P1_05a-S6-mlp_plr,overall_legacy_S6_mlp_plr_no_text,overall,S6,mlp_plr,oof_2020_2023,AUPRC,0.17671849688983376,0.1588537518210653,0.19916871656814342,ESTIMATED,24784,1121,19944,339,2000,2000,439304269,outcome_stratified_disjoint_patient_cluster_shared_paired_draws,max(y) within split,1,SUPERSEDED_RETAINED_FOR_AUDIT,earlier_strict_v2_overall_stage3a,overall_legacy_S6_mlp_plr_no_text,,d72f15a0209df5d5de269691089204ef0eb90659d0ed8eea4759aa17c8ff3167,07ad8ea5e7cf29dbee83ac3d188338681814fdec077279631a070b832b4a0ce1
P1_05a-S6-mlp_plr,overall_legacy_S6_mlp_plr_no_text,overall,S6,mlp_plr,oof_2020_2023,AUPRC_no_text,0.17235239044214912,0.1553545967156972,0.1934893340501339,ESTIMATED,24784,1121,19944,339,2000,2000,439304269,outcome_stratified_disjoint_patient_cluster_shared_paired_draws,max(y) within split,1,SUPERSEDED_RETAINED_FOR_AUDIT,earlier_strict_v2_overall_stage3a,overall_legacy_S6_mlp_plr_no_text,,d72f15a0209df5d5de269691089204ef0eb90659d0ed8eea4759aa17c8ff3167,07ad8ea5e7cf29dbee83ac3d188338681814fdec077279631a070b832b4a0ce1
P1_05a-S6-mlp_plr,overall_legacy_S6_mlp_plr_no_text,overall,S6,mlp_plr,oof_2020_2023,Delta_AUPRC_text_minus_no_text,0.004366106447684648,-0.003577246060419628,0.01289336072150134,ESTIMATED,24784,1121,19944,339,2000,2000,439304269,outcome_stratified_disjoint_patient_cluster_shared_paired_draws,max(y) within split,1,SUPERSEDED_RETAINED_FOR_AUDIT,earlier_strict_v2_overall_stage3a,overall_legacy_S6_mlp_plr_no_text,,d72f15a0209df5d5de269691089204ef0eb90659d0ed8eea4759aa17c8ff3167,07ad8ea5e7cf29dbee83ac3d188338681814fdec077279631a070b832b4a0ce1
P1_05a-S6-mlp_plr,overall_legacy_S6_mlp_plr_no_text,overall,S6,mlp_plr,validation_2024,AUPRC,0.14736783445207027,0.12704521460924242,0.17733467323810329,ESTIMATED,7504,330,6600,63,2000,2000,2500131377,outcome_stratified_disjoint_patient_cluster_shared_paired_draws,max(y) within split,1,SUPERSEDED_RETAINED_FOR_AUDIT,earlier_strict_v2_overall_stage3a,overall_legacy_S6_mlp_plr_no_text,,d72f15a0209df5d5de269691089204ef0eb90659d0ed8eea4759aa17c8ff3167,07ad8ea5e7cf29dbee83ac3d188338681814fdec077279631a070b832b4a0ce1
P1_05a-S6-mlp_plr,overall_legacy_S6_mlp_plr_no_text,overall,S6,mlp_plr,validation_2024,AUPRC_no_text,0.14367738944087832,0.12480055345635785,0.17271247684135577,ESTIMATED,7504,330,6600,63,2000,2000,2500131377,outcome_stratified_disjoint_patient_cluster_shared_paired_draws,max(y) within split,1,SUPERSEDED_RETAINED_FOR_AUDIT,earlier_strict_v2_overall_stage3a,overall_legacy_S6_mlp_plr_no_text,,d72f15a0209df5d5de269691089204ef0eb90659d0ed8eea4759aa17c8ff3167,07ad8ea5e7cf29dbee83ac3d188338681814fdec077279631a070b832b4a0ce1
P1_05a-S6-mlp_plr,overall_legacy_S6_mlp_plr_no_text,overall,S6,mlp_plr,validation_2024,Delta_AUPRC_text_minus_no_text,0.0036904450111919507,-0.0068101696815285285,0.0138378691551325,ESTIMATED,7504,330,6600,63,2000,2000,2500131377,outcome_stratified_disjoint_patient_cluster_shared_paired_draws,max(y) within split,1,SUPERSEDED_RETAINED_FOR_AUDIT,earlier_strict_v2_overall_stage3a,overall_legacy_S6_mlp_plr_no_text,,d72f15a0209df5d5de269691089204ef0eb90659d0ed8eea4759aa17c8ff3167,07ad8ea5e7cf29dbee83ac3d188338681814fdec077279631a070b832b4a0ce1
