entity_id,group,outcome,model,AUROC,AUPRC,Brier,sensitivity,specificity,PPV,NPV,threshold,threshold_strategy,N,events,TP,FP,TN,FN
v2|P1|overall|rSI_sMS,overall,y_P1,rSI_sMS,0.8738184165629179,0.06236502513085726,0.18526667382185139,0.8166666666666667,0.80896389542122,0.03426573426573427,0.9981225465096433,0.5715892991614395,run_stage2a_v2.select_operating_point:max_min_sensitivity_specificity,7289,60,49,1381,5848,11
v2|P1|overall|logistic_regression,overall,y_P1,logistic_regression,0.7732143680545949,0.07386469797937395,0.04749436606522881,0.65,0.749619587771476,0.021092482422931314,0.9961397058823529,0.00301058422736838,run_stage2a_v2.select_operating_point:max_min_sensitivity_specificity,7289,60,39,1810,5419,21
v2|P1|overall|catboost,overall,y_P1,catboost,0.9311154147646055,0.21370304830430842,0.007290144398633713,0.8166666666666667,0.8873979803568959,0.056778679026651215,0.9982882041705571,0.007951332983051609,run_stage2a_v2.select_operating_point:max_min_sensitivity_specificity,7289,60,49,814,6415,11
v2|P1|overall|xgboost,overall,y_P1,xgboost,0.9362636602572969,0.18554920581402465,0.007474919215959299,0.8,0.886982985198506,0.055491329479768786,0.99813200498132,0.009317795746028423,run_stage2a_v2.select_operating_point:max_min_sensitivity_specificity,7289,60,48,817,6412,12
v2|P1|overall|lightgbm,overall,y_P1,lightgbm,0.9334393876515885,0.18022436683831924,0.007454507230979538,0.8,0.8883663023931387,0.056140350877192984,0.9981349082996581,0.008191055102899837,run_stage2a_v2.select_operating_point:max_min_sensitivity_specificity,7289,60,48,807,6422,12
v2|P1|overall|bert_finetuned,overall,y_P1,bert_finetuned,0.7707843408493567,0.07782404462220545,0.5473664849939888,0.65,0.7949923917554296,0.02564102564102564,0.9963592233009708,0.8875311613082886,run_stage2a_v2.select_operating_point:max_min_sensitivity_specificity,7289,60,39,1482,5747,21
v2|P1|overall|mlp_plr,overall,y_P1,mlp_plr,0.8860999677225987,0.1764555092100933,0.035800518893084186,0.7333333333333333,0.8797897357864158,0.04819277108433735,0.9974905897114178,0.11761971563100815,run_stage2a_v2.select_operating_point:max_min_sensitivity_specificity,7289,60,44,869,6360,16
v2|P1|overall|ft_transformer,overall,y_P1,ft_transformer,0.9204315949647254,0.19390913183913622,0.10902983747556547,0.7833333333333333,0.8868446534790427,0.05433526011560694,0.9979763387297634,0.627260684967041,run_stage2a_v2.select_operating_point:max_min_sensitivity_specificity,7289,60,47,818,6411,13
v2|P1|overall|cnn_1d,overall,y_P1,cnn_1d,0.9085489002628302,0.13937722490855947,0.026331665550815026,0.7666666666666667,0.8891962927099184,0.05430932703659976,0.997826761875194,0.0077616008929908276,run_stage2a_v2.select_operating_point:max_min_sensitivity_specificity,7289,60,46,801,6428,14
v2|P1|overall|tabpfn,overall,y_P1,tabpfn,0.9343800433439388,0.2101558712592507,0.0073848466206951876,0.8,0.8886429658320653,0.05627198124267292,0.9981354878806712,0.007052266038954258,run_stage2a_v2.select_operating_point:max_min_sensitivity_specificity,7289,60,48,805,6424,12
v2|P1|overall|tabicl,overall,y_P1,tabicl,0.9068497256420898,0.11131552584798651,0.007880719057807642,0.7166666666666667,0.8659565638400886,0.042490118577075096,0.9972916998566194,0.0059901788481511176,run_stage2a_v2.select_operating_point:max_min_sensitivity_specificity,7289,60,43,969,6260,17
v2|P1|overall|stacking,overall,y_P1,stacking,0.9355973624752156,0.19463749175196593,0.09721845689061989,0.7833333333333333,0.8878129755152857,0.054778554778554776,0.9979785414399005,0.46652152795908036,run_stage2a_v2.select_operating_point:max_min_sensitivity_specificity,7289,60,47,811,6418,13
v2|P2|overall|rSI_sMS,overall,y_P2,rSI_sMS,0.7526071461300556,0.27583384778486986,0.21122967204332804,0.6920152091254753,0.6985065799201537,0.15147732001664585,0.966844044207941,0.5162060361740433,run_stage2a_v2.select_operating_point:max_min_sensitivity_specificity,7289,526,364,2039,4724,162
v2|P2|overall|logistic_regression,overall,y_P2,logistic_regression,0.8675273476965081,0.4130543238235219,0.13389439977588233,0.8003802281368821,0.8207895904184533,0.25780771586037965,0.9814356435643564,0.501068011650245,run_stage2a_v2.select_operating_point:max_min_sensitivity_specificity,7289,526,421,1212,5551,105
v2|P2|overall|catboost,overall,y_P2,catboost,0.9080382578208761,0.4895122498840894,0.059194323831781324,0.8212927756653993,0.8440041401744788,0.2905178211163416,0.9837986901068597,0.22695013990777752,run_stage2a_v2.select_operating_point:max_min_sensitivity_specificity,7289,526,432,1055,5708,94
v2|P2|overall|xgboost,overall,y_P2,xgboost,0.9082266009021354,0.4880677197209999,0.04881358943490965,0.8212927756653993,0.8440041401744788,0.2905178211163416,0.9837986901068597,0.09942437708377838,run_stage2a_v2.select_operating_point:max_min_sensitivity_specificity,7289,526,432,1055,5708,94
v2|P2|overall|lightgbm,overall,y_P2,lightgbm,0.9054610498074684,0.47922511104598575,0.049228419508605036,0.8193916349809885,0.8440041401744788,0.29004037685060563,0.9836291573324143,0.09535970515675189,run_stage2a_v2.select_operating_point:max_min_sensitivity_specificity,7289,526,431,1055,5708,95
v2|P2|overall|bert_finetuned,overall,y_P2,bert_finetuned,0.8342315236842829,0.30179216730973835,0.19312623120744532,0.7357414448669202,0.7736211740351915,0.20177267987486966,0.9741202755539006,0.5506128072738647,run_stage2a_v2.select_operating_point:max_min_sensitivity_specificity,7289,526,387,1531,5232,139
v2|P2|overall|mlp_plr,overall,y_P2,mlp_plr,0.9087531182024312,0.48764442142821873,0.14508537117328127,0.8288973384030418,0.8497708117699246,0.3002754820936639,0.9845811204385815,0.6411654949188232,run_stage2a_v2.select_operating_point:max_min_sensitivity_specificity,7289,526,436,1016,5747,90
v2|P2|overall|ft_transformer,overall,y_P2,ft_transformer,0.902415795181678,0.44489681865099734,0.13076860362192902,0.8098859315589354,0.8348366109714623,0.2760855476344783,0.9825965889314305,0.5389659404754639,run_stage2a_v2.select_operating_point:max_min_sensitivity_specificity,7289,526,426,1117,5646,100
v2|P2|overall|cnn_1d,overall,y_P2,cnn_1d,0.9024796069420449,0.420105320011401,0.17666522805720278,0.8136882129277566,0.8435605500517522,0.288021534320323,0.9831121833534379,0.6646299362182617,run_stage2a_v2.select_operating_point:max_min_sensitivity_specificity,7289,526,428,1058,5705,98
v2|P2|overall|tabpfn,overall,y_P2,tabpfn,0.9037940729837874,0.4513636330586297,0.05049732133618827,0.8041825095057035,0.8349844743457046,0.27485380116959063,0.9820869565217392,0.08159566670656204,run_stage2a_v2.select_operating_point:max_min_sensitivity_specificity,7289,526,423,1116,5647,103
v2|P2|overall|tabicl,overall,y_P2,tabicl,0.8584981241591324,0.3579824319122412,0.0552853582561688,0.7680608365019012,0.7802750258760905,0.21375661375661376,0.9774032228190406,0.08093025721609592,run_stage2a_v2.select_operating_point:max_min_sensitivity_specificity,7289,526,404,1486,5277,122
v2|P2|overall|stacking,overall,y_P2,stacking,0.9117115101235812,0.48318529725545467,0.12804264215699038,0.8193916349809885,0.8462220907881118,0.2929979605710401,0.9836713647301478,0.5144857557849483,run_stage2a_v2.select_operating_point:max_min_sensitivity_specificity,7289,526,431,1040,5723,95
v2|P3|overall|rSI_sMS,overall,y_P3,rSI_sMS,0.7210460090323599,0.11397601661632588,0.21603380362095193,0.6666666666666666,0.6846284741917187,0.06633081444164568,0.9839005502343591,0.5109986913546692,run_stage2a_v2.select_operating_point:max_min_sensitivity_specificity,7289,237,158,2224,4828,79
v2|P3|overall|logistic_regression,overall,y_P3,logistic_regression,0.8363507015994506,0.2818575875679471,0.10024734712916408,0.7805907172995781,0.8207600680657969,0.1276742581090407,0.9910958904109589,0.33334193352903363,run_stage2a_v2.select_operating_point:max_min_sensitivity_specificity,7289,237,185,1264,5788,52
v2|P3|overall|catboost,overall,y_P3,catboost,0.9135559592275345,0.3836228340838022,0.028481360988648268,0.8227848101265823,0.857770845150312,0.16277128547579298,0.9931045805286488,0.08622360642544344,run_stage2a_v2.select_operating_point:max_min_sensitivity_specificity,7289,237,195,1003,6049,42
v2|P3|overall|xgboost,overall,y_P3,xgboost,0.9143505388542258,0.38376973365963907,0.024536773927021194,0.8227848101265823,0.8665626772546795,0.17165492957746478,0.9931740614334471,0.038528021425008774,run_stage2a_v2.select_operating_point:max_min_sensitivity_specificity,7289,237,195,941,6111,42
v2|P3|overall|lightgbm,overall,y_P3,lightgbm,0.9112909884618423,0.3964220594933085,0.02435897269300888,0.8227848101265823,0.8617413499716392,0.16666666666666666,0.9931361333551234,0.0387311645325414,run_stage2a_v2.select_operating_point:max_min_sensitivity_specificity,7289,237,195,975,6077,42
v2|P3|overall|bert_finetuned,overall,y_P3,bert_finetuned,0.8405120730630327,0.18241461232545483,0.17330350341807746,0.7468354430379747,0.7814804310833806,0.1030267753201397,0.9892299407646742,0.5295977592468262,run_stage2a_v2.select_operating_point:max_min_sensitivity_specificity,7289,237,177,1541,5511,60
v2|P3|overall|mlp_plr,overall,y_P3,mlp_plr,0.8866084613156995,0.3523612473574165,0.09698743960678544,0.8016877637130801,0.8330969937606353,0.1389904901243599,0.9920634920634921,0.36761775612831116,run_stage2a_v2.select_operating_point:max_min_sensitivity_specificity,7289,237,190,1177,5875,47
v2|P3|overall|ft_transformer,overall,y_P3,ft_transformer,0.8991272787323105,0.31497300823763463,0.11157129081121202,0.8185654008438819,0.8562110039705049,0.1605960264900662,0.9929287946061504,0.5285833477973938,run_stage2a_v2.select_operating_point:max_min_sensitivity_specificity,7289,237,194,1014,6038,43
v2|P3|overall|cnn_1d,overall,y_P3,cnn_1d,0.886501360597945,0.30846635890473983,0.07974462370019154,0.7763713080168776,0.8248723766307431,0.12966878083157152,0.9909710391822828,0.23201951384544373,run_stage2a_v2.select_operating_point:max_min_sensitivity_specificity,7289,237,184,1235,5817,53
v2|P3|overall|tabpfn,overall,y_P3,tabpfn,0.913569720772274,0.3759545161577027,0.02494562770862136,0.8143459915611815,0.8555019852524106,0.15924092409240925,0.9927595853217048,0.032991111278533936,run_stage2a_v2.select_operating_point:max_min_sensitivity_specificity,7289,237,193,1019,6033,44
v2|P3|overall|tabicl,overall,y_P3,tabicl,0.8775844779348589,0.23657763598125614,0.027434935506807954,0.8016877637130801,0.8277084515031197,0.13523131672597866,0.9920122365737594,0.024835182819515467,run_stage2a_v2.select_operating_point:max_min_sensitivity_specificity,7289,237,190,1215,5837,47
v2|P3|overall|stacking,overall,y_P3,stacking,0.9113852251269055,0.39172900487863693,0.10552038992981906,0.8143459915611815,0.8617413499716392,0.16523972602739725,0.9928116320862604,0.42436650379813656,run_stage2a_v2.select_operating_point:max_min_sensitivity_specificity,7289,237,193,975,6077,44
v2|S1|overall|rSI_sMS,overall,y_S1,rSI_sMS,0.7996365669555494,0.10085625516790192,0.19015513316545923,0.7481481481481481,0.7599944087223931,0.05555555555555555,0.9937854140010967,0.5307378174726817,run_stage2a_v2.select_operating_point:max_min_sensitivity_specificity,7289,135,101,1717,5437,34
v2|S1|overall|logistic_regression,overall,y_S1,logistic_regression,0.8256442912020212,0.15695022544489334,0.09967006172052434,0.7555555555555555,0.7978753145093654,0.06589147286821706,0.9942518724960808,0.2633161775927724,run_stage2a_v2.select_operating_point:max_min_sensitivity_specificity,7289,135,102,1446,5708,33
v2|S1|overall|catboost,overall,y_S1,catboost,0.9153905093239731,0.25049636372366824,0.0158194815792769,0.8,0.859239586245457,0.0968609865470852,0.9956268221574344,0.023566847923562836,run_stage2a_v2.select_operating_point:max_min_sensitivity_specificity,7289,135,108,1007,6147,27
v2|S1|overall|xgboost,overall,y_S1,xgboost,0.9167396639020907,0.24919970024312868,0.015748979147924065,0.8074074074074075,0.862175006989097,0.09954337899543379,0.9958023894091056,0.03043324500322342,run_stage2a_v2.select_operating_point:max_min_sensitivity_specificity,7289,135,109,986,6168,26
v2|S1|overall|lightgbm,overall,y_S1,lightgbm,0.9143830439329461,0.2584462596455161,0.01560863115905815,0.8222222222222222,0.8669275929549902,0.10442144873000941,0.9961451975586251,0.031018422685585172,run_stage2a_v2.select_operating_point:max_min_sensitivity_specificity,7289,135,111,952,6202,24
v2|S1|overall|bert_finetuned,overall,y_S1,bert_finetuned,0.8231396059184709,0.13200497219031507,0.2129938607504674,0.7185185185185186,0.7992731339110987,0.06327462491846053,0.9933981931897151,0.7619736790657043,run_stage2a_v2.select_operating_point:max_min_sensitivity_specificity,7289,135,97,1436,5718,38
v2|S1|overall|mlp_plr,overall,y_S1,mlp_plr,0.9048654469398109,0.23803363587069892,0.10541984597949934,0.8148148148148148,0.8722393066815768,0.107421875,0.9960095770151636,0.5409832000732422,run_stage2a_v2.select_operating_point:max_min_sensitivity_specificity,7289,135,110,914,6240,25
v2|S1|overall|ft_transformer,overall,y_S1,ft_transformer,0.9104743267169881,0.22313747529300668,0.11782474206149954,0.8074074074074075,0.861755661168577,0.09927140255009108,0.9958003553545469,0.5691730976104736,run_stage2a_v2.select_operating_point:max_min_sensitivity_specificity,7289,135,109,989,6165,26
v2|S1|overall|cnn_1d,overall,y_S1,cnn_1d,0.8813013180919247,0.17679538323086816,0.09512332833898526,0.7777777777777778,0.8493150684931506,0.08875739644970414,0.9950867998689813,0.39259791374206543,run_stage2a_v2.select_operating_point:max_min_sensitivity_specificity,7289,135,105,1078,6076,30
v2|S1|overall|tabpfn,overall,y_S1,tabpfn,0.8990976299195477,0.17958582915495214,0.016500512502551936,0.7777777777777778,0.8500139781940174,0.08913412563667232,0.9950908198330879,0.018419860862195492,run_stage2a_v2.select_operating_point:max_min_sensitivity_specificity,7289,135,105,1073,6081,30
v2|S1|overall|tabicl,overall,y_S1,tabicl,0.8883577175162304,0.16132827060866414,0.016630479614665846,0.7703703703703704,0.8374336035784177,0.08208366219415943,0.9948522085685819,0.019668541848659515,run_stage2a_v2.select_operating_point:max_min_sensitivity_specificity,7289,135,104,1163,5991,31
v2|S1|overall|stacking,overall,y_S1,stacking,0.9156721440478779,0.2423922858911307,0.11465218227503346,0.7925925925925926,0.8637126083310036,0.0988909426987061,0.9954889640728211,0.4948218582594924,run_stage2a_v2.select_operating_point:max_min_sensitivity_specificity,7289,135,107,975,6179,28
v2|S2|overall|rSI_sMS,overall,y_S2,rSI_sMS,0.783317713273334,0.14869697016812428,0.19839996998144224,0.7212389380530974,0.7220727736089481,0.0766698024459078,0.9877977919814062,0.5173860411364153,run_stage2a_v2.select_operating_point:max_min_sensitivity_specificity,7289,226,163,1963,5100,63
v2|S2|overall|logistic_regression,overall,y_S2,logistic_regression,0.8509652069428243,0.25456229112592743,0.11706195657308276,0.7743362831858407,0.809287838029166,0.11498028909329829,0.9911565805444772,0.40029298407052755,run_stage2a_v2.select_operating_point:max_min_sensitivity_specificity,7289,226,175,1347,5716,51
v2|S2|overall|catboost,overall,y_S2,catboost,0.909205268888474,0.31091802439801497,0.024899988038467998,0.7964601769911505,0.854735947897494,0.14925373134328357,0.9924379418050304,0.04298439281426579,run_stage2a_v2.select_operating_point:max_min_sensitivity_specificity,7289,226,180,1026,6037,46
v2|S2|overall|xgboost,overall,y_S2,xgboost,0.9109976081261065,0.3169684076184711,0.024689953931380102,0.8097345132743363,0.8553022794846382,0.15186721991701244,0.9929322813938198,0.04678414762020111,run_stage2a_v2.select_operating_point:max_min_sensitivity_specificity,7289,226,183,1022,6041,43
v2|S2|overall|lightgbm,overall,y_S2,lightgbm,0.9103247761298753,0.31172251132548995,0.024824627701004444,0.8053097345132744,0.8482231346453348,0.14513556618819776,0.9927091963545982,0.045247297284747405,run_stage2a_v2.select_operating_point:max_min_sensitivity_specificity,7289,226,182,1072,5991,44
v2|S2|overall|bert_finetuned,overall,y_S2,bert_finetuned,0.8011571582683785,0.14780493763101638,0.19834769909388816,0.6814159292035398,0.775874274387654,0.08865860679332183,0.9870317002881844,0.5255423188209534,run_stage2a_v2.select_operating_point:max_min_sensitivity_specificity,7289,226,154,1583,5480,72
v2|S2|overall|mlp_plr,overall,y_S2,mlp_plr,0.9151304504716715,0.3262533825983404,0.12759589287426573,0.827433628318584,0.8616735098400113,0.16065292096219932,0.9936326530612245,0.6264399886131287,run_stage2a_v2.select_operating_point:max_min_sensitivity_specificity,7289,226,187,977,6086,39
v2|S2|overall|ft_transformer,overall,y_S2,ft_transformer,0.9078971932756896,0.28478285762297423,0.11764602129543447,0.7964601769911505,0.8462409740903298,0.14218009478672985,0.9923626099950191,0.5285149216651917,run_stage2a_v2.select_operating_point:max_min_sensitivity_specificity,7289,226,180,1086,5977,46
v2|S2|overall|cnn_1d,overall,y_S2,cnn_1d,0.8522751619745929,0.22476903531330075,0.12598551877595862,0.7699115044247787,0.8357638397281608,0.13043478260869565,0.9912678421494543,0.44447949528694153,run_stage2a_v2.select_operating_point:max_min_sensitivity_specificity,7289,226,174,1160,5903,52
v2|S2|overall|tabpfn,overall,y_S2,tabpfn,0.8809967561228337,0.2421050430430059,0.026241262051381328,0.7743362831858407,0.8162253999716834,0.11880515953835709,0.9912310866574966,0.030058817006647587,run_stage2a_v2.select_operating_point:max_min_sensitivity_specificity,7289,226,175,1298,5765,51
v2|S2|overall|tabicl,overall,y_S2,tabicl,0.8675755119224076,0.21873561176177975,0.026781228916528295,0.7654867256637168,0.8145264052102505,0.11665542818610924,0.9908715122287289,0.04261652403511107,run_stage2a_v2.select_operating_point:max_min_sensitivity_specificity,7289,226,173,1310,5753,53
v2|S2|overall|stacking,overall,y_S2,stacking,0.9138035806690481,0.31373462531171775,0.11573138833659806,0.8053097345132744,0.8534617018264193,0.1495480690221857,0.9927536231884058,0.5171122216501981,run_stage2a_v2.select_operating_point:max_min_sensitivity_specificity,7289,226,182,1035,6028,44
v2|S3|overall|rSI_sMS,overall,y_S3,rSI_sMS,0.5765255644790812,0.3635293612408893,0.24812148521631175,0.5556088207094918,0.5554487795502595,0.33381336405529954,0.7571391144878177,0.5061753229532647,run_stage2a_v2.select_operating_point:max_min_sensitivity_specificity,7289,2086,1159,2313,2890,927
v2|S3|overall|logistic_regression,overall,y_S3,logistic_regression,0.7468057645775198,0.529135567971823,0.19916109603156326,0.6845637583892618,0.6897943494137997,0.46942800788954636,0.8450671061926065,0.4743791265187782,run_stage2a_v2.select_operating_point:max_min_sensitivity_specificity,7289,2086,1428,1614,3589,658
v2|S3|overall|catboost,overall,y_S3,catboost,0.7740755066265517,0.5878675355769589,0.18689543074300202,0.700862895493768,0.7082452431289641,0.4906040268456376,0.8551868182873057,0.4799694251742051,run_stage2a_v2.select_operating_point:max_min_sensitivity_specificity,7289,2086,1462,1518,3685,624
v2|S3|overall|xgboost,overall,y_S3,xgboost,0.774631734881178,0.5882793582914931,0.1631788148043103,0.7003835091083414,0.7067076686527004,0.48911951791094743,0.8547187354718735,0.2966689467430115,run_stage2a_v2.select_operating_point:max_min_sensitivity_specificity,7289,2086,1461,1526,3677,625
v2|S3|overall|lightgbm,overall,y_S3,lightgbm,0.7725109361458808,0.5861788069283926,0.1636973984871463,0.6975071907957814,0.7044013069383048,0.4861343133979285,0.8531191806331471,0.29838429912010783,run_stage2a_v2.select_operating_point:max_min_sensitivity_specificity,7289,2086,1455,1538,3665,631
v2|S3|overall|bert_finetuned,overall,y_S3,bert_finetuned,0.696294858283876,0.49642915040718383,0.21074310692589987,0.6375838926174496,0.6313665193157794,0.40948275862068967,0.8129175946547884,0.5043104290962219,run_stage2a_v2.select_operating_point:max_min_sensitivity_specificity,7289,2086,1330,1918,3285,756
v2|S3|overall|mlp_plr,overall,y_S3,mlp_plr,0.7661368846684623,0.5699525186136729,0.19274663497910804,0.6864813039309684,0.6997885835095138,0.47828991315965264,0.8477299185098952,0.49292850494384766,run_stage2a_v2.select_operating_point:max_min_sensitivity_specificity,7289,2086,1432,1562,3641,654
v2|S3|overall|ft_transformer,overall,y_S3,ft_transformer,0.7622401081756617,0.5639005383996034,0.19430460472686095,0.6898370086289549,0.7053622909859696,0.484185733512786,0.8501274032893212,0.4988528788089752,run_stage2a_v2.select_operating_point:max_min_sensitivity_specificity,7289,2086,1439,1533,3670,647
v2|S3|overall|cnn_1d,overall,y_S3,cnn_1d,0.7583945135273937,0.5632603135470989,0.25462418483133303,0.6831255992329818,0.6994041898904478,0.4767480762796922,0.8462790697674418,0.6656262278556824,run_stage2a_v2.select_operating_point:max_min_sensitivity_specificity,7289,2086,1425,1564,3639,661
v2|S3|overall|tabpfn,overall,y_S3,tabpfn,0.722563813302636,0.5278634594041418,0.17666681381951993,0.6466922339405561,0.6701902748414377,0.4401305057096248,0.8255208333333334,0.29607030749320984,run_stage2a_v2.select_operating_point:max_min_sensitivity_specificity,7289,2086,1349,1716,3487,737
v2|S3|overall|tabicl,overall,y_S3,tabicl,0.6811325938700827,0.47503033714588894,0.19162001302897014,0.6184084372003835,0.6305977320776475,0.4016189290161893,0.8047584007848908,0.3593805357813835,run_stage2a_v2.select_operating_point:max_min_sensitivity_specificity,7289,2086,1290,1922,3281,796
v2|S3|overall|stacking,overall,y_S3,stacking,0.7818564369070208,0.5969700262365928,0.19036802183623944,0.7061361457334612,0.718623870843744,0.501532175689479,0.8591452205882353,0.5038493610259246,run_stage2a_v2.select_operating_point:max_min_sensitivity_specificity,7289,2086,1473,1464,3739,613
v2|S4|overall|rSI_sMS,overall,y_S4,rSI_sMS,0.6137467406071249,0.18568462285702309,0.2446790313275281,0.5926449787835927,0.5922212093588575,0.13503061553335483,0.9311992355470616,0.506410538367422,run_stage2a_v2.select_operating_point:max_min_sensitivity_specificity,7289,707,419,2684,3898,288
v2|S4|overall|logistic_regression,overall,y_S4,logistic_regression,0.8003545308300852,0.3600043199357973,0.15863783966029138,0.7199434229137199,0.7403524764509267,0.22948602344454463,0.9609544468546638,0.4248597691718838,run_stage2a_v2.select_operating_point:max_min_sensitivity_specificity,7289,707,509,1709,4873,198
v2|S4|overall|catboost,overall,y_S4,catboost,0.8426841967957701,0.433699903467147,0.08699355707291347,0.743988684582744,0.7664843512610149,0.2549684924866699,0.9653654802908535,0.23649084552041333,run_stage2a_v2.select_operating_point:max_min_sensitivity_specificity,7289,707,526,1537,5045,181
v2|S4|overall|xgboost,overall,y_S4,xgboost,0.8414272863671312,0.43238478828324317,0.06975819518503051,0.7482319660537482,0.7699787298693406,0.258932941752325,0.9660693861990087,0.09836053848266602,run_stage2a_v2.select_operating_point:max_min_sensitivity_specificity,7289,707,529,1514,5068,178
v2|S4|overall|lightgbm,overall,y_S4,lightgbm,0.8408975745862124,0.4301889735037922,0.07000125359423376,0.7454031117397454,0.7660285627468855,0.25495887760038705,0.9655304481041747,0.09842379004651101,run_stage2a_v2.select_operating_point:max_min_sensitivity_specificity,7289,707,527,1540,5042,180
v2|S4|overall|bert_finetuned,overall,y_S4,bert_finetuned,0.7597679711974323,0.2622876145153024,0.16732818599819493,0.6831683168316832,0.7026739592828928,0.19795081967213116,0.9538049082285007,0.37127262353897095,run_stage2a_v2.select_operating_point:max_min_sensitivity_specificity,7289,707,483,1957,4625,224
v2|S4|overall|mlp_plr,overall,y_S4,mlp_plr,0.8359784539464495,0.4165166171399085,0.15735540325860678,0.7468175388967468,0.7708903068975995,0.2593320235756385,0.9659242337711784,0.47734808921813965,run_stage2a_v2.select_operating_point:max_min_sensitivity_specificity,7289,707,528,1508,5074,179
v2|S4|overall|ft_transformer,overall,y_S4,ft_transformer,0.8173417322198426,0.3457431106829187,0.20713704618276277,0.7355021216407355,0.7569127924642965,0.24528301886792453,0.9638227897078738,0.5551003217697144,run_stage2a_v2.select_operating_point:max_min_sensitivity_specificity,7289,707,520,1600,4982,187
v2|S4|overall|cnn_1d,overall,y_S4,cnn_1d,0.8186410840589202,0.3747495088979896,0.22799369900510447,0.7256011315417256,0.7461257976298997,0.2348901098901099,0.9619980411361411,0.6403207778930664,run_stage2a_v2.select_operating_point:max_min_sensitivity_specificity,7289,707,513,1671,4911,194
v2|S4|overall|tabpfn,overall,y_S4,tabpfn,0.7750547225578138,0.32787233522863074,0.07670005779953092,0.685997171145686,0.7079914919477363,0.20149563772330703,0.9545268332650553,0.06787109375,run_stage2a_v2.select_operating_point:max_min_sensitivity_specificity,7289,707,485,1922,4660,222
v2|S4|overall|tabicl,overall,y_S4,tabicl,0.745774877005867,0.2504195839106683,0.08418008352039034,0.6661951909476662,0.6707687632938316,0.17854435178165276,0.9492582240378413,0.15115148713812232,run_stage2a_v2.select_operating_point:max_min_sensitivity_specificity,7289,707,471,2167,4415,236
v2|S4|overall|stacking,overall,y_S4,stacking,0.8426736670281171,0.4361730018312842,0.16661361233833963,0.751060820367751,0.7727134609541173,0.2619634928465713,0.9665526415811478,0.48223472901319675,run_stage2a_v2.select_operating_point:max_min_sensitivity_specificity,7289,707,531,1496,5086,176
v2|S5|overall|rSI_sMS,overall,y_S5,rSI_sMS,0.6613927902621723,0.027914085460894075,0.22866310906400716,0.6404494382022472,0.6477777777777778,0.021982259930582337,0.9931856899488927,0.5108190052484308,run_stage2a_v2.select_operating_point:max_min_sensitivity_specificity,7289,89,57,2536,4664,32
v2|S5|overall|logistic_regression,overall,y_S5,logistic_regression,0.5946145443196005,0.028095144938519064,0.10789955599844538,0.5617977528089888,0.5997222222222223,0.017053206002728513,0.9910488868487491,0.12681405927607892,run_stage2a_v2.select_operating_point:max_min_sensitivity_specificity,7289,89,50,2882,4318,39
v2|S5|overall|catboost,overall,y_S5,catboost,0.8202075530586765,0.05210609764816623,0.01193986215557731,0.7303370786516854,0.775,0.03857566765578635,0.9957173447537473,0.013390145470417182,run_stage2a_v2.select_operating_point:max_min_sensitivity_specificity,7289,89,65,1620,5580,24
v2|S5|overall|xgboost,overall,y_S5,xgboost,0.8243274032459426,0.0642140437093749,0.011923086900456327,0.7303370786516854,0.7688888888888888,0.03759398496240601,0.99568345323741,0.014630106277763844,run_stage2a_v2.select_operating_point:max_min_sensitivity_specificity,7289,89,65,1664,5536,24
v2|S5|overall|lightgbm,overall,y_S5,lightgbm,0.8279572409488138,0.05755712648621979,0.011878880476325513,0.7415730337078652,0.7698611111111111,0.038305281485780614,0.9958677685950413,0.015481170385748288,run_stage2a_v2.select_operating_point:max_min_sensitivity_specificity,7289,89,66,1657,5543,23
v2|S5|overall|bert_finetuned,overall,y_S5,bert_finetuned,0.720894975031211,0.037895958379852185,0.26050357514958106,0.651685393258427,0.6984722222222223,0.02602063705697622,0.9938735177865613,0.5806866884231567,run_stage2a_v2.select_operating_point:max_min_sensitivity_specificity,7289,89,58,2171,5029,31
v2|S5|overall|mlp_plr,overall,y_S5,mlp_plr,0.8149406991260923,0.06175297743673147,0.1572706100715452,0.7528089887640449,0.7441666666666666,0.03509690937663698,0.995910780669145,0.47710907459259033,run_stage2a_v2.select_operating_point:max_min_sensitivity_specificity,7289,89,67,1842,5358,22
v2|S5|overall|ft_transformer,overall,y_S5,ft_transformer,0.809686329588015,0.06130176337616402,0.1823809661525195,0.7303370786516854,0.7729166666666667,0.03823529411764706,0.9957058507783145,0.49899232387542725,run_stage2a_v2.select_operating_point:max_min_sensitivity_specificity,7289,89,65,1635,5565,24
v2|S5|overall|cnn_1d,overall,y_S5,cnn_1d,0.7834254057428214,0.04950168195328866,0.25841202346984404,0.7415730337078652,0.7361111111111112,0.0335707019328586,0.9956791283111027,0.6674781441688538,run_stage2a_v2.select_operating_point:max_min_sensitivity_specificity,7289,89,66,1900,5300,23
v2|S5|overall|tabpfn,overall,y_S5,tabpfn,0.813273252184769,0.05509710423014712,0.011802352330378553,0.7191011235955056,0.7511111111111111,0.034482758620689655,0.9953984907049512,0.010238803923130035,run_stage2a_v2.select_operating_point:max_min_sensitivity_specificity,7289,89,64,1792,5408,25
v2|S5|overall|tabicl,overall,y_S5,tabicl,0.7893032147315856,0.05208100304719279,0.011799504485858883,0.7078651685393258,0.7422222222222222,0.03282959874934862,0.9951582867783985,0.008851488120853901,run_stage2a_v2.select_operating_point:max_min_sensitivity_specificity,7289,89,63,1856,5344,26
v2|S5|overall|stacking,overall,y_S5,stacking,0.8337031835205992,0.05910625856260386,0.165235529149284,0.7415730337078652,0.7772222222222223,0.03952095808383234,0.995906744972415,0.4600702685702663,run_stage2a_v2.select_operating_point:max_min_sensitivity_specificity,7289,89,66,1604,5596,23
v2|S6|overall|rSI_sMS,overall,y_S6,rSI_sMS,0.6110937479652563,0.07335132081398374,0.244279722458473,0.5681818181818182,0.5735567970204841,0.05552030456852792,0.9678510998307953,0.500811921760124,run_stage2a_v2.select_operating_point:max_min_sensitivity_specificity,7289,308,175,2977,4004,133
v2|S6|overall|logistic_regression,overall,y_S6,logistic_regression,0.7163753378837178,0.11731532510360536,0.1607067147270101,0.6753246753246753,0.6837129351095832,0.08609271523178808,0.9794787605171352,0.38307993337418855,run_stage2a_v2.select_operating_point:max_min_sensitivity_specificity,7289,308,208,2208,4773,100
v2|S6|overall|catboost,overall,y_S6,catboost,0.8077769530283497,0.15159134003894995,0.0891071300663811,0.7272727272727273,0.7430167597765364,0.1110009910802775,0.9840637450199203,0.30350117438094804,run_stage2a_v2.select_operating_point:max_min_sensitivity_specificity,7289,308,224,1794,5187,84
v2|S6|overall|xgboost,overall,y_S6,xgboost,0.809968430080162,0.14959183403213455,0.038031921955863614,0.7305194805194806,0.7404383326171036,0.11045655375552282,0.9841964965727342,0.0475500114262104,run_stage2a_v2.select_operating_point:max_min_sensitivity_specificity,7289,308,225,1812,5169,83
v2|S6|overall|lightgbm,overall,y_S6,lightgbm,0.8009574224658024,0.14254004031559367,0.038298380418174315,0.724025974025974,0.7332760349520127,0.10695443645083932,0.9836664104534973,0.04508517709213502,run_stage2a_v2.select_operating_point:max_min_sensitivity_specificity,7289,308,223,1862,5119,85
v2|S6|overall|bert_finetuned,overall,y_S6,bert_finetuned,0.7376275958678195,0.1112318385652416,0.20009824525499367,0.6785714285714286,0.6970348087666524,0.08993115318416524,0.980060422960725,0.4849582016468048,run_stage2a_v2.select_operating_point:max_min_sensitivity_specificity,7289,308,209,2115,4866,99
v2|S6|overall|mlp_plr,overall,y_S6,mlp_plr,0.792830307495112,0.1447901609073613,0.17066810930240503,0.7077922077922078,0.723535310127489,0.10148975791433892,0.9824936782727096,0.4836570620536804,run_stage2a_v2.select_operating_point:max_min_sensitivity_specificity,7289,308,218,1930,5051,90
v2|S6|overall|ft_transformer,overall,y_S6,ft_transformer,0.7951075925936262,0.13726749004881703,0.20659819285059133,0.7175324675324676,0.7405815785704054,0.10875984251968504,0.9834506372455774,0.5320992469787598,run_stage2a_v2.select_operating_point:max_min_sensitivity_specificity,7289,308,221,1811,5170,87
v2|S6|overall|cnn_1d,overall,y_S6,cnn_1d,0.7775846127801436,0.13610724733134094,0.19220168174230795,0.7012987012987013,0.7162297665090961,0.09831588529813381,0.9819324430479183,0.5341683626174927,run_stage2a_v2.select_operating_point:max_min_sensitivity_specificity,7289,308,216,1981,5000,92
v2|S6|overall|tabpfn,overall,y_S6,tabpfn,0.7515787285340358,0.11887285687499065,0.038971017549865,0.6655844155844156,0.7030511388053288,0.08999122036874452,0.9794452205148673,0.03610345534980297,run_stage2a_v2.select_operating_point:max_min_sensitivity_specificity,7289,308,205,2073,4908,103
v2|S6|overall|tabicl,overall,y_S6,tabicl,0.7329165248159663,0.11161859768958647,0.03913695855872441,0.6493506493506493,0.677553359117605,0.08159934720522236,0.9776767259198016,0.04502533935010433,run_stage2a_v2.select_operating_point:max_min_sensitivity_specificity,7289,308,200,2251,4730,108
v2|S6|overall|stacking,overall,y_S6,stacking,0.8107046584700216,0.15503342768331937,0.17772199679513587,0.724025974025974,0.7374301675977654,0.10846303501945526,0.9837569271928148,0.47756439936136336,run_stage2a_v2.select_operating_point:max_min_sensitivity_specificity,7289,308,223,1833,5148,85
v3|P1|medicine|bert_finetuned,medicine,y_P1,bert_finetuned,0.7984024742771281,0.11873250156365618,0.18762043014694138,0.6551724137931034,0.7909754479097545,0.038657171922685654,0.9944382647385984,0.576536893844604,unchanged_locked_threshold_common_row_reevaluation,4579,58,38,945,3576,20
v3|P1|medicine|catboost,medicine,y_P1,catboost,0.9104447444492749,0.2508742526821513,0.011004866230133388,0.7758620689655172,0.8639681486396815,0.06818181818181818,0.99668282725185,0.008865027092001,unchanged_locked_threshold_common_row_reevaluation,4579,58,45,615,3906,13
v3|P1|medicine|cnn_1d,medicine,y_P1,cnn_1d,0.8449991991396472,0.12531289552338265,0.04048817343104941,0.7068965517241379,0.8557841185578412,0.05916305916305916,0.9956253216675245,0.13898135721683502,unchanged_locked_threshold_common_row_reevaluation,4579,58,41,652,3869,17
v3|P1|medicine|ft_transformer,medicine,y_P1,ft_transformer,0.8973144482834894,0.19330231385062124,0.11032968032601542,0.7758620689655172,0.8712674187126742,0.07177033492822966,0.9967105263157895,0.560842454433441,unchanged_locked_threshold_common_row_reevaluation,4579,58,45,582,3939,13
v3|P1|medicine|lightgbm,medicine,y_P1,lightgbm,0.9119320565331137,0.2260975735105026,0.011239472400350047,0.7586206896551724,0.8575536385755363,0.06395348837209303,0.9964019532253919,0.010315835507984001,unchanged_locked_threshold_common_row_reevaluation,4579,58,44,644,3877,14
v3|P1|medicine|logistic_regression,medicine,y_P1,logistic_regression,0.6952039905727296,0.06064164168763607,0.012341915921371911,0.5344827586206896,0.6971908869719089,0.02214285714285714,0.9915067631330607,0.009532943522271001,unchanged_locked_threshold_common_row_reevaluation,4579,58,31,1369,3152,27
v3|P1|medicine|mlp_plr,medicine,y_P1,mlp_plr,0.8885545614717525,0.1823773541308175,0.2165288035153017,0.7758620689655172,0.8666224286662243,0.06944444444444445,0.9966929534469601,0.631625175476074,unchanged_locked_threshold_common_row_reevaluation,4579,58,45,603,3918,13
v3|P1|medicine|rSI_sMS,medicine,y_P1,rSI_sMS,0.859807488425661,0.067861705791579,0.012225750260210002,0.7931034482758621,0.7874364078743641,0.04568023833167825,0.9966405375139977,0.009334641835874001,locked_research_2024_operating_point,4579,58,46,961,3560,12
v3|P1|medicine|stacking,medicine,y_P1,stacking,0.8987674377807778,0.23473529244512872,0.1293580976227186,0.7758620689655172,0.8652952886529529,0.06880733944954129,0.996687898089172,0.5241055383836151,unchanged_locked_threshold_common_row_reevaluation,4579,58,45,609,3912,13
v3|P1|medicine|tabicl,medicine,y_P1,tabicl,0.8996903339969033,0.2053713151018736,0.011220944102876025,0.7758620689655172,0.8721521787215218,0.07223113964686999,0.9967138523761375,0.013448359776463002,unchanged_locked_threshold_common_row_reevaluation,4579,58,45,578,3943,13
v3|P1|medicine|tabpfn,medicine,y_P1,tabpfn,0.9072374894172025,0.22124727231233643,0.011336587655257009,0.7758620689655172,0.8752488387524884,0.07389162561576355,0.9967254408060453,0.009391160681843001,unchanged_locked_threshold_common_row_reevaluation,4579,58,45,564,3957,13
v3|P1|medicine|xgboost,medicine,y_P1,xgboost,0.9204898214462776,0.21650500358492494,0.0113438040397761,0.7586206896551724,0.8670648086706481,0.06821705426356589,0.99644128113879,0.012318775989115,unchanged_locked_threshold_common_row_reevaluation,4579,58,44,601,3920,14
v3|P2|medicine|bert_finetuned,medicine,y_P2,bert_finetuned,0.7915041700056391,0.3224933642563282,0.27176028689829906,0.7070707070707071,0.7404505386875612,0.24822695035460993,0.954244241085516,0.672221541404724,unchanged_locked_threshold_common_row_reevaluation,4579,495,350,1060,3024,145
v3|P2|medicine|catboost,medicine,y_P2,catboost,0.8743438300735068,0.49339822535151917,0.07203304726878333,0.7777777777777778,0.8026444662095984,0.3232577665827036,0.9675324675324676,0.128206397221652,unchanged_locked_threshold_common_row_reevaluation,4579,495,385,806,3278,110
v3|P2|medicine|cnn_1d,medicine,y_P2,cnn_1d,0.8635072567002048,0.4409658505400338,0.2220340794216189,0.7676767676767676,0.8063173359451518,0.32450896669513235,0.966255868544601,0.75860571861267,unchanged_locked_threshold_common_row_reevaluation,4579,495,380,791,3293,115
v3|P2|medicine|ft_transformer,medicine,y_P2,ft_transformer,0.8662709365941493,0.4512266818651287,0.12965045554363938,0.7696969696969697,0.7948090107737512,0.3125512715340443,0.9660714285714286,0.476996213197708,unchanged_locked_threshold_common_row_reevaluation,4579,495,381,838,3246,114
v3|P2|medicine|lightgbm,medicine,y_P2,lightgbm,0.8706709603379534,0.49463883225232225,0.07216639544167211,0.7676767676767676,0.7918707149853085,0.3089430894308943,0.9656613914601374,0.11677138006177201,unchanged_locked_threshold_common_row_reevaluation,4579,495,380,850,3234,115
v3|P2|medicine|logistic_regression,medicine,y_P2,logistic_regression,0.8335507375419227,0.4103334634530995,0.07689241900293187,0.7414141414141414,0.7960333006856023,0.30583333333333335,0.9621189701094999,0.11897106109324701,unchanged_locked_threshold_common_row_reevaluation,4579,495,367,833,3251,128
v3|P2|medicine|mlp_plr,medicine,y_P2,mlp_plr,0.873915699601302,0.4877830694295026,0.16258445603533012,0.7838383838383839,0.8046033300685602,0.327150084317032,0.968464485705865,0.5976845622062681,unchanged_locked_threshold_common_row_reevaluation,4579,495,388,798,3286,107
v3|P2|medicine|rSI_sMS,medicine,y_P2,rSI_sMS,0.735224923079967,0.297741529437324,0.086025657944358,0.676767676767676,0.6885406464250731,0.20846297448662104,0.946164199192463,0.10514786418400801,locked_research_2024_operating_point,4579,495,335,1272,2812,160
v3|P2|medicine|stacking,medicine,y_P2,stacking,0.8793443742023567,0.4966213325340466,0.15787957128354013,0.7777777777777778,0.807541625857003,0.3287788215200683,0.9677230046948356,0.5115475617708111,unchanged_locked_threshold_common_row_reevaluation,4579,495,385,786,3298,110
v3|P2|medicine|tabicl,medicine,y_P2,tabicl,0.8729399776412509,0.4852564671707889,0.07269665336766785,0.7696969696969697,0.8038687561214496,0.3223350253807107,0.9664409773329409,0.139522488781985,unchanged_locked_threshold_common_row_reevaluation,4579,495,381,801,3283,114
v3|P2|medicine|tabpfn,medicine,y_P2,tabpfn,0.8649358422619929,0.4555565308648973,0.07488387511013352,0.7595959595959596,0.7930950048971597,0.30794430794430794,0.964562239428231,0.11031283438205701,unchanged_locked_threshold_common_row_reevaluation,4579,495,376,845,3239,119
v3|P2|medicine|xgboost,medicine,y_P2,xgboost,0.8724027740678083,0.491613763661728,0.07229856479745768,0.7717171717171717,0.7975024485798237,0.3159636062861869,0.9664688427299704,0.12273771315813001,unchanged_locked_threshold_common_row_reevaluation,4579,495,382,827,3257,113
v3|P3|medicine|bert_finetuned,medicine,y_P3,bert_finetuned,0.7811523831322411,0.17454642575930188,0.2099913155021839,0.6714285714285714,0.7802700846875715,0.12806539509536785,0.9801610120759057,0.5340615510940551,unchanged_locked_threshold_common_row_reevaluation,4579,210,141,960,3409,69
v3|P3|medicine|catboost,medicine,y_P3,catboost,0.8889186803125919,0.3339643914445369,0.03598818949721225,0.780952380952381,0.8292515449759671,0.18021978021978022,0.9874625238484601,0.054996214916344,unchanged_locked_threshold_common_row_reevaluation,4579,210,164,746,3623,46
v3|P3|medicine|cnn_1d,medicine,y_P3,cnn_1d,0.8368276493476768,0.23573608230776635,0.11773314238971949,0.7095238095238096,0.7839322499427787,0.13632204940530648,0.9825014343086632,0.20535294711589802,unchanged_locked_threshold_common_row_reevaluation,4579,210,149,944,3425,61
v3|P3|medicine|ft_transformer,medicine,y_P3,ft_transformer,0.8651505738482164,0.3362243900767837,0.18962341184801423,0.7761904761904762,0.8212405584802014,0.17266949152542374,0.98707015130674,0.6575412154197691,unchanged_locked_threshold_common_row_reevaluation,4579,210,163,781,3588,47
v3|P3|medicine|lightgbm,medicine,y_P3,lightgbm,0.882446130203054,0.3259206872943999,0.03620835663452619,0.780952380952381,0.8260471503776607,0.1774891774891775,0.9874145006839945,0.049709157585963004,unchanged_locked_threshold_common_row_reevaluation,4579,210,164,760,3609,46
v3|P3|medicine|logistic_regression,medicine,y_P3,logistic_regression,0.7849747681173638,0.22391909680377708,0.03870066753569611,0.7619047619047619,0.731288624399176,0.1199400299850075,0.9845916795069337,0.030195381882770003,unchanged_locked_threshold_common_row_reevaluation,4579,210,160,1174,3195,50
v3|P3|medicine|mlp_plr,medicine,y_P3,mlp_plr,0.8628137636377509,0.31677176715577904,0.1124687834277187,0.7761904761904762,0.823071641107805,0.17414529914529914,0.987098545155092,0.436593860387802,unchanged_locked_threshold_common_row_reevaluation,4579,210,163,773,3596,47
v3|P3|medicine|rSI_sMS,medicine,y_P3,rSI_sMS,0.686835278858625,0.11022711977782701,0.042229570800023,0.6142857142857141,0.671778439002059,0.08253358925143954,0.9731432360742706,0.032710280373831,locked_research_2024_operating_point,4579,210,129,1434,2935,81
v3|P3|medicine|stacking,medicine,y_P3,stacking,0.8820946277343623,0.3405120920219268,0.13720743159207938,0.7904761904761904,0.8340581368734264,0.186307519640853,0.9880694143167028,0.445054800852192,unchanged_locked_threshold_common_row_reevaluation,4579,210,166,725,3644,44
v3|P3|medicine|tabicl,medicine,y_P3,tabicl,0.8774144677326184,0.33031898901424755,0.035827840195276676,0.7761904761904762,0.8228427557793545,0.17395944503735325,0.9870950027457441,0.055645842374280004,unchanged_locked_threshold_common_row_reevaluation,4579,210,163,774,3595,47
v3|P3|medicine|tabpfn,medicine,y_P3,tabpfn,0.8800706274727791,0.3219589807803453,0.036326572617849696,0.780952380952381,0.8299382009613184,0.18081587651598677,0.9874727668845316,0.047578504309058,unchanged_locked_threshold_common_row_reevaluation,4579,210,164,743,3626,46
v3|P3|medicine|xgboost,medicine,y_P3,xgboost,0.8878222105963007,0.32907528237298167,0.036012379155533174,0.780952380952381,0.8308537422751202,0.18161683277962348,0.9874863982589771,0.050829505917099005,unchanged_locked_threshold_common_row_reevaluation,4579,210,164,739,3630,46
v3|S1|medicine|bert_finetuned,medicine,y_S1,bert_finetuned,0.7875240233497979,0.10938249759827656,0.1891803741847886,0.672,0.7656039515042659,0.07446808510638298,0.9881193856853087,0.5376651287078851,unchanged_locked_threshold_common_row_reevaluation,4579,125,84,1044,3410,41
v3|S1|medicine|catboost,medicine,y_S1,catboost,0.8887669510552313,0.2631306813530903,0.02320957330364629,0.776,0.8390211046250561,0.11916461916461916,0.9925630810092961,0.033516997918567,unchanged_locked_threshold_common_row_reevaluation,4579,125,97,717,3737,28
v3|S1|medicine|cnn_1d,medicine,y_S1,cnn_1d,0.8583924562191289,0.17670539183809855,0.16871270151510437,0.752,0.8345307588684329,0.11311672683513839,0.9917289220917823,0.612911581993103,unchanged_locked_threshold_common_row_reevaluation,4579,125,94,737,3717,31
v3|S1|medicine|ft_transformer,medicine,y_S1,ft_transformer,0.8832671755725191,0.237139949921554,0.21418098337910144,0.768,0.8309384822631343,0.11307420494699646,0.9922252010723861,0.7193612456321711,unchanged_locked_threshold_common_row_reevaluation,4579,125,96,753,3701,29
v3|S1|medicine|lightgbm,medicine,y_S1,lightgbm,0.8906439155814997,0.2794844987103157,0.02262746544552445,0.768,0.834755276156264,0.11538461538461539,0.992260475046704,0.038419977494579004,unchanged_locked_threshold_common_row_reevaluation,4579,125,96,736,3718,29
v3|S1|medicine|logistic_regression,medicine,y_S1,logistic_regression,0.8052276605298608,0.15542020978741447,0.02552122448943463,0.736,0.7977099236641222,0.09264853977844914,0.99079754601227,0.037701970247861004,unchanged_locked_threshold_common_row_reevaluation,4579,125,92,901,3553,33
v3|S1|medicine|mlp_plr,medicine,y_S1,mlp_plr,0.881496183206107,0.2527354430824137,0.14549142360691272,0.792,0.847103726986978,0.12692307692307692,0.9931560937088707,0.5726573467254631,unchanged_locked_threshold_common_row_reevaluation,4579,125,99,681,3773,26
v3|S1|medicine|rSI_sMS,medicine,y_S1,rSI_sMS,0.788175123484508,0.10587222563223601,0.025539754265675,0.736,0.7532555006735511,0.07724601175482787,0.9902597402597403,0.031697341513292,locked_research_2024_operating_point,4579,125,92,1099,3355,33
v3|S1|medicine|stacking,medicine,y_S1,stacking,0.8681724292770544,0.20088649046416743,0.12309206286685725,0.784,0.8453075886843286,0.12452350698856417,0.992879746835443,0.42266416395547,unchanged_locked_threshold_common_row_reevaluation,4579,125,98,689,3765,27
v3|S1|medicine|tabicl,medicine,y_S1,tabicl,0.8833372249663224,0.23729478352522668,0.02333820147994417,0.776,0.8432869330938483,0.1220125786163522,0.992600422832981,0.037058059126138,unchanged_locked_threshold_common_row_reevaluation,4579,125,97,698,3756,28
v3|S1|medicine|tabpfn,medicine,y_S1,tabpfn,0.8732465199820386,0.18233494504928804,0.02405808307982404,0.768,0.8331836551414459,0.11442193087008343,0.9922459893048128,0.026152520440518003,unchanged_locked_threshold_common_row_reevaluation,4579,125,96,743,3711,29
v3|S1|medicine|xgboost,medicine,y_S1,xgboost,0.8908666367310283,0.2601456637575317,0.02302737428575098,0.784,0.8450830713964975,0.12436548223350254,0.9928778686362437,0.041908498853445005,unchanged_locked_threshold_common_row_reevaluation,4579,125,98,690,3764,27
v3|S2|medicine|bert_finetuned,medicine,y_S2,bert_finetuned,0.7916579987518203,0.18799220418616344,0.18511564461332775,0.69377990430622,0.7459954233409611,0.11553784860557768,0.9807460890493381,0.45110929012298506,unchanged_locked_threshold_common_row_reevaluation,4579,209,145,1110,3260,64
v3|S2|medicine|catboost,medicine,y_S2,catboost,0.8783938992478074,0.3154225605558584,0.036118152821946234,0.784688995215311,0.8096109839816934,0.1646586345381526,0.98744069215741,0.06551059730250401,unchanged_locked_threshold_common_row_reevaluation,4579,209,164,832,3538,45
v3|S2|medicine|cnn_1d,medicine,y_S2,cnn_1d,0.8618341672779828,0.21890129749337742,0.18899537927686688,0.7559808612440191,0.802974828375286,0.155053974484789,0.9856741573033708,0.670775651931762,unchanged_locked_threshold_common_row_reevaluation,4579,209,158,861,3509,51
v3|S2|medicine|ft_transformer,medicine,y_S2,ft_transformer,0.8783539355983052,0.2869723337933072,0.17555735262763764,0.7751196172248804,0.8183066361556064,0.1694560669456067,0.9870273254209219,0.675647735595703,unchanged_locked_threshold_common_row_reevaluation,4579,209,162,794,3576,47
v3|S2|medicine|lightgbm,medicine,y_S2,lightgbm,0.8789572224716147,0.3222181346076164,0.03629517820301964,0.7703349282296651,0.8237986270022883,0.17293233082706766,0.9868421052631579,0.06406630534717901,unchanged_locked_threshold_common_row_reevaluation,4579,209,161,770,3600,48
v3|S2|medicine|logistic_regression,medicine,y_S2,logistic_regression,0.8179934963266289,0.23913268748126673,0.03828560108024394,0.7416267942583732,0.7821510297482838,0.14001806684733514,0.9844470046082949,0.050520059435364,unchanged_locked_threshold_common_row_reevaluation,4579,209,155,952,3418,54
v3|S2|medicine|mlp_plr,medicine,y_S2,mlp_plr,0.8810002956215169,0.3209812418920655,0.15778004658021383,0.784688995215311,0.8304347826086956,0.18121546961325966,0.987751769188895,0.60633897781372,unchanged_locked_threshold_common_row_reevaluation,4579,209,164,741,3629,45
v3|S2|medicine|rSI_sMS,medicine,y_S2,rSI_sMS,0.7673677641159271,0.152030693007007,0.040956979908974005,0.7177033492822961,0.6924485125858121,0.10040160642570281,0.9808752025931928,0.037871033776867,locked_research_2024_operating_point,4579,209,150,1344,3026,59
v3|S2|medicine|stacking,medicine,y_S2,stacking,0.8818389848138133,0.283678182392208,0.13377943440848386,0.7751196172248804,0.8272311212814645,0.1766630316248637,0.9871654833424358,0.44058536882026705,unchanged_locked_threshold_common_row_reevaluation,4579,209,162,755,3615,47
v3|S2|medicine|tabicl,medicine,y_S2,tabicl,0.8819594232095738,0.3166789321331415,0.03628832747145912,0.784688995215311,0.8299771167048055,0.18081587651598677,0.9877450980392157,0.062968213111162,unchanged_locked_threshold_common_row_reevaluation,4579,209,164,743,3627,45
v3|S2|medicine|tabpfn,medicine,y_S2,tabpfn,0.8475561954605673,0.25425449031283914,0.038192141348847936,0.7511961722488039,0.7759725400457665,0.1382042253521127,0.9848968922451351,0.045307843014597005,unchanged_locked_threshold_common_row_reevaluation,4579,209,157,979,3391,52
v3|S2|medicine|xgboost,medicine,y_S2,xgboost,0.8816462833805963,0.3213956672011528,0.03618199865986274,0.7751196172248804,0.8212814645308925,0.17179215270413573,0.9870737073707371,0.06111542880535101,unchanged_locked_threshold_common_row_reevaluation,4579,209,162,781,3589,47
v3|S3|medicine|bert_finetuned,medicine,y_S3,bert_finetuned,0.7122339961021948,0.5508693510778876,0.24563371622203345,0.6038709677419355,0.6886761307362166,0.4981373070782331,0.7725925925925926,0.603154420852661,unchanged_locked_threshold_common_row_reevaluation,4579,1550,936,943,2086,614
v3|S3|medicine|catboost,medicine,y_S3,catboost,0.7613118350568164,0.6224676802064002,0.1814200437949156,0.6838709677419355,0.6919775503466491,0.5318615153035625,0.8105181747873164,0.37193351118183904,unchanged_locked_threshold_common_row_reevaluation,4579,1550,1060,933,2096,490
v3|S3|medicine|cnn_1d,medicine,y_S3,cnn_1d,0.7326178127562595,0.5664728461306441,0.28412165645641674,0.6716129032258065,0.6784417299438759,0.5166253101736973,0.8014820592823713,0.7353993654251091,unchanged_locked_threshold_common_row_reevaluation,4579,1550,1041,974,2055,509
v3|S3|medicine|ft_transformer,medicine,y_S3,ft_transformer,0.7602642200662413,0.6074121602510938,0.2080671065805416,0.6787096774193548,0.6870254209310003,0.526,0.8069018999612253,0.5319917201995851,unchanged_locked_threshold_common_row_reevaluation,4579,1550,1052,948,2081,498
v3|S3|medicine|lightgbm,medicine,y_S3,lightgbm,0.760777644064367,0.6227848246363398,0.18115836159974283,0.6883870967741935,0.6962693958402113,0.536990437845999,0.8136574074074074,0.35422342053293204,unchanged_locked_threshold_common_row_reevaluation,4579,1550,1067,920,2109,483
v3|S3|medicine|logistic_regression,medicine,y_S3,logistic_regression,0.7348111268490612,0.555969835797757,0.19039583894499423,0.6806451612903226,0.6754704522944867,0.5176643768400393,0.8051948051948052,0.356521739130434,unchanged_locked_threshold_common_row_reevaluation,4579,1550,1055,983,2046,495
v3|S3|medicine|mlp_plr,medicine,y_S3,mlp_plr,0.7598357809987327,0.6108219801153105,0.20172447794537351,0.6896774193548387,0.6936282601518653,0.5353029544316474,0.813710302091402,0.5134090185165401,unchanged_locked_threshold_common_row_reevaluation,4579,1550,1069,928,2101,481
v3|S3|medicine|rSI_sMS,medicine,y_S3,rSI_sMS,0.6002515468748331,0.42716997086317804,0.21877354407697103,0.5677419354838711,0.5675140310333441,0.4018264840182648,0.7195479280033487,0.372419778928939,locked_research_2024_operating_point,4579,1550,880,1310,1719,670
v3|S3|medicine|stacking,medicine,y_S3,stacking,0.7715183335285786,0.6281851052229847,0.1942225429215781,0.704516129032258,0.7117860680092439,0.5557251908396946,0.8247895944912013,0.49615540840432204,unchanged_locked_threshold_common_row_reevaluation,4579,1550,1092,873,2156,458
v3|S3|medicine|tabicl,medicine,y_S3,tabicl,0.760892235274071,0.6193065090319682,0.18102441216263407,0.6954838709677419,0.7058435127104655,0.547486033519553,0.8191570881226053,0.355358827859163,unchanged_locked_threshold_common_row_reevaluation,4579,1550,1078,891,2138,472
v3|S3|medicine|tabpfn,medicine,y_S3,tabpfn,0.7342341238990832,0.5865968024938311,0.18932943862324064,0.6567741935483871,0.6906569825024761,0.5207161125319693,0.7972560975609756,0.353673428297042,unchanged_locked_threshold_common_row_reevaluation,4579,1550,1018,937,2092,532
v3|S3|medicine|xgboost,medicine,y_S3,xgboost,0.7616040639410431,0.6213973322323891,0.1811051819997842,0.6916129032258065,0.6982502476064708,0.5397784491440081,0.8156575395295025,0.36533167837582003,unchanged_locked_threshold_common_row_reevaluation,4579,1550,1072,914,2115,478
v3|S4|medicine|bert_finetuned,medicine,y_S4,bert_finetuned,0.7370371081376822,0.32177490634659456,0.20613546199569122,0.6555944055944056,0.6788120788619915,0.22563176895306858,0.9324648611587247,0.44724237918853704,unchanged_locked_threshold_common_row_reevaluation,4579,572,375,1287,2720,197
v3|S4|medicine|catboost,medicine,y_S4,catboost,0.8119108867174751,0.42611734066360263,0.0898526745074959,0.7290209790209791,0.7466932867481907,0.29120111731843573,0.9507467429297743,0.13785379700483702,unchanged_locked_threshold_common_row_reevaluation,4579,572,417,1015,2992,155
v3|S4|medicine|cnn_1d,medicine,y_S4,cnn_1d,0.7965012277465483,0.38395290616539307,0.19822196724586288,0.6993006993006993,0.7284751684552034,0.26881720430107525,0.9443545778065351,0.547783851623535,unchanged_locked_threshold_common_row_reevaluation,4579,572,400,1088,2919,172
v3|S4|medicine|ft_transformer,medicine,y_S4,ft_transformer,0.780951952963433,0.33852335100715863,0.18874948764958271,0.7115384615384616,0.7369603194409783,0.2785763175906913,0.9470814624759462,0.5150959491729731,unchanged_locked_threshold_common_row_reevaluation,4579,572,407,1054,2953,165
v3|S4|medicine|lightgbm,medicine,y_S4,lightgbm,0.8141914237496968,0.42809089155552393,0.0896489910253503,0.7237762237762237,0.7459445969553282,0.28910614525139666,0.9497934540832539,0.125394593976445,unchanged_locked_threshold_common_row_reevaluation,4579,572,414,1018,2989,158
v3|S4|medicine|logistic_regression,medicine,y_S4,logistic_regression,0.7767414454774076,0.3471295715492051,0.09409369312273264,0.7167832167832168,0.715747441976541,0.26468689477081986,0.9465346534653465,0.112200435729847,unchanged_locked_threshold_common_row_reevaluation,4579,572,410,1139,2868,162
v3|S4|medicine|mlp_plr,medicine,y_S4,mlp_plr,0.8024109032968529,0.4075081899399318,0.15057148752687932,0.7167832167832168,0.7392063888195658,0.281786941580756,0.9481434058898848,0.41994866728782604,unchanged_locked_threshold_common_row_reevaluation,4579,572,410,1045,2962,162
v3|S4|medicine|rSI_sMS,medicine,y_S4,rSI_sMS,0.6095704894057771,0.19527740784288602,0.106860685571822,0.5786713286713281,0.5857249812827551,0.1662481165243596,0.9068778979907264,0.10091743119266,locked_research_2024_operating_point,4579,572,331,1660,2347,241
v3|S4|medicine|stacking,medicine,y_S4,stacking,0.8154012820221954,0.44428041952440894,0.1669385303961701,0.7202797202797203,0.7419515847267282,0.28492392807745504,0.94893073731248,0.45746253021665906,unchanged_locked_threshold_common_row_reevaluation,4579,572,412,1034,2973,160
v3|S4|medicine|tabicl,medicine,y_S4,tabicl,0.7974658857488904,0.38756808621324945,0.09243236713263689,0.7132867132867133,0.7409533316695782,0.2821576763485477,0.947654005745292,0.13294265884906,unchanged_locked_threshold_common_row_reevaluation,4579,572,408,1038,2969,164
v3|S4|medicine|tabpfn,medicine,y_S4,tabpfn,0.741014849886824,0.3306218680584261,0.09821990023727054,0.6625874125874126,0.684052907412029,0.2303951367781155,0.9342194955691888,0.09656940400600401,unchanged_locked_threshold_common_row_reevaluation,4579,572,379,1266,2741,193
v3|S4|medicine|xgboost,medicine,y_S4,xgboost,0.814919607470144,0.4259323670823531,0.08981917407002424,0.7307692307692307,0.7474419765410532,0.2923076923076923,0.9510955859002858,0.12758809328079201,unchanged_locked_threshold_common_row_reevaluation,4579,572,418,1012,2995,154
v3|S5|medicine|bert_finetuned,medicine,y_S5,bert_finetuned,0.7142348804500703,0.045867877240718835,0.33134154819116757,0.6582278481012658,0.6875555555555556,0.03566529492455418,0.9913489266260814,0.6942223310470581,unchanged_locked_threshold_common_row_reevaluation,4579,79,52,1406,3094,27
v3|S5|medicine|catboost,medicine,y_S5,catboost,0.784886075949367,0.05959164587532069,0.016767825560565622,0.6962025316455697,0.7257777777777777,0.04266873545384019,0.9927051671732523,0.017492905268203,unchanged_locked_threshold_common_row_reevaluation,4579,79,55,1234,3266,24
v3|S5|medicine|cnn_1d,medicine,y_S5,cnn_1d,0.733988748241913,0.051904568015816346,0.18088493187810872,0.6962025316455697,0.6928888888888889,0.038274182324286705,0.9923615531508593,0.45904165506362904,unchanged_locked_threshold_common_row_reevaluation,4579,79,55,1382,3118,24
v3|S5|medicine|ft_transformer,medicine,y_S5,ft_transformer,0.7700309423347398,0.05410393731469864,0.1931444932462937,0.7088607594936709,0.7611111111111111,0.04951370468611848,0.9933294663573086,0.5605783462524411,unchanged_locked_threshold_common_row_reevaluation,4579,79,56,1075,3425,23
v3|S5|medicine|lightgbm,medicine,y_S5,lightgbm,0.7837763713080168,0.05474848660892861,0.01672955961652897,0.8227848101265823,0.668,0.04169339320076972,0.9953642384105961,0.019927536231884,unchanged_locked_threshold_common_row_reevaluation,4579,79,65,1494,3006,14
v3|S5|medicine|logistic_regression,medicine,y_S5,logistic_regression,0.611070323488045,0.03267098537030582,0.016862150618182883,0.5569620253164557,0.5602222222222222,0.021749876421156698,0.9863067292644757,0.012951807228915,unchanged_locked_threshold_common_row_reevaluation,4579,79,44,1979,2521,35
v3|S5|medicine|mlp_plr,medicine,y_S5,mlp_plr,0.779170182841069,0.05436222176907659,0.14082995844840598,0.7215189873417721,0.7033333333333334,0.040948275862068964,0.9930969563853154,0.40547508001327504,unchanged_locked_threshold_common_row_reevaluation,4579,79,57,1335,3165,22
v3|S5|medicine|rSI_sMS,medicine,y_S5,rSI_sMS,0.6452911392405061,0.031620898568829,0.016912306506792003,0.632911392405063,0.6313333333333331,0.029256875365710942,0.9898954703832753,0.021275113396324003,locked_research_2024_operating_point,4579,79,50,1659,2841,29
v3|S5|medicine|stacking,medicine,y_S5,stacking,0.7872461322081575,0.06133441724738029,0.19902920885503006,0.7215189873417721,0.7502222222222222,0.04826418289585097,0.9935256032960565,0.46798708900295105,unchanged_locked_threshold_common_row_reevaluation,4579,79,57,1124,3376,22
v3|S5|medicine|tabicl,medicine,y_S5,tabicl,0.765521800281294,0.0625264146343581,0.016635204327277026,0.6962025316455697,0.7308888888888889,0.04344391785150079,0.9927558104437066,0.016063156304880002,unchanged_locked_threshold_common_row_reevaluation,4579,79,55,1211,3289,24
v3|S5|medicine|tabpfn,medicine,y_S5,tabpfn,0.7665639943741209,0.057245162847822474,0.01673236681248497,0.6962025316455697,0.7253333333333334,0.042602633617350893,0.9927007299270073,0.014851371757686001,unchanged_locked_threshold_common_row_reevaluation,4579,79,55,1236,3264,24
v3|S5|medicine|xgboost,medicine,y_S5,xgboost,0.7908185654008439,0.06301031946603008,0.016673437378801267,0.7215189873417721,0.7584444444444445,0.049825174825174824,0.9935953420669578,0.026511134676564,unchanged_locked_threshold_common_row_reevaluation,4579,79,57,1087,3413,22
v3|S6|medicine|bert_finetuned,medicine,y_S6,bert_finetuned,0.7050866924943827,0.12833870081866786,0.23160888423455378,0.6567164179104478,0.6652748782185108,0.10870907967881409,0.9689189189189189,0.535302221775054,unchanged_locked_threshold_common_row_reevaluation,4579,268,176,1443,2868,92
v3|S6|medicine|catboost,medicine,y_S6,catboost,0.7587428203450389,0.15945546289151397,0.05227288422531042,0.6753731343283582,0.6896311760612387,0.11915734035549704,0.9715686274509804,0.064919596983655,unchanged_locked_threshold_common_row_reevaluation,4579,268,181,1338,2973,87
v3|S6|medicine|cnn_1d,medicine,y_S6,cnn_1d,0.7103530711093108,0.13621622831074387,0.2469066470715989,0.6455223880597015,0.6847599164926931,0.1129242819843342,0.9688217919264851,0.587096452713012,unchanged_locked_threshold_common_row_reevaluation,4579,268,173,1359,2952,95
v3|S6|medicine|ft_transformer,medicine,y_S6,ft_transformer,0.7335504107853218,0.13318697556211356,0.20390295139989037,0.6529850746268657,0.6759452563210392,0.11132315521628498,0.9690721649484536,0.5234190225601191,unchanged_locked_threshold_common_row_reevaluation,4579,268,175,1397,2914,93
v3|S6|medicine|lightgbm,medicine,y_S6,lightgbm,0.7549803176185876,0.15172449649313127,0.0526304944557933,0.6716417910447762,0.6931106471816284,0.11976047904191617,0.9713914174252276,0.06150407853789801,unchanged_locked_threshold_common_row_reevaluation,4579,268,180,1323,2988,88
v3|S6|medicine|logistic_regression,medicine,y_S6,logistic_regression,0.6756600608647784,0.12051983548569553,0.05345032168044436,0.6455223880597015,0.6610995128740431,0.105875152998776,0.967741935483871,0.056910569105691006,unchanged_locked_threshold_common_row_reevaluation,4579,268,173,1461,2850,95
v3|S6|medicine|mlp_plr,medicine,y_S6,mlp_plr,0.7344981771725921,0.15154955868418502,0.1751572132645551,0.664179104477612,0.6822083043377407,0.11498708010335917,0.9703068294292313,0.46771025657653803,unchanged_locked_threshold_common_row_reevaluation,4579,268,178,1370,2941,90
v3|S6|medicine|rSI_sMS,medicine,y_S6,rSI_sMS,0.590482694391646,0.08469824136678601,0.054809404552192006,0.5708955223880591,0.5789839944328461,0.07774390243902439,0.9559555725775565,0.06341492345970401,locked_research_2024_operating_point,4579,268,153,1815,2496,115
v3|S6|medicine|stacking,medicine,y_S6,stacking,0.7504734504235954,0.1506014916804921,0.19699831662463616,0.6791044776119403,0.7081883553699838,0.12638888888888888,0.9726027397260274,0.489431904213512,unchanged_locked_threshold_common_row_reevaluation,4579,268,182,1258,3053,86
v3|S6|medicine|tabicl,medicine,y_S6,tabicl,0.7492331314893867,0.15080262765995217,0.052614924831257105,0.664179104477612,0.6951983298538622,0.1193029490616622,0.9708454810495627,0.050267025828361005,unchanged_locked_threshold_common_row_reevaluation,4579,268,178,1314,2997,90
v3|S6|medicine|tabpfn,medicine,y_S6,tabpfn,0.6936468492610018,0.12555887631305684,0.053614316803433044,0.6194029850746269,0.6645789839944328,0.10297766749379653,0.9656218402426694,0.046488709747791006,unchanged_locked_threshold_common_row_reevaluation,4579,268,166,1446,2865,102
v3|S6|medicine|xgboost,medicine,y_S6,xgboost,0.757566551376728,0.15134908364475083,0.05253223588476309,0.6791044776119403,0.6940385061470656,0.12125249833444371,0.9720597790773229,0.060731269419193004,unchanged_locked_threshold_common_row_reevaluation,4579,268,182,1319,2992,86
v3|P1|surgery|bert_finetuned,surgery,y_P1,bert_finetuned,0.7261727475800447,0.0019799673887724205,0.07563257111005413,0.5,0.7833209233060313,0.0017152658662092624,0.9995249406175772,0.027209339663386,unchanged_locked_threshold_common_row_reevaluation,2688,2,1,582,2104,1
v3|P1|surgery|catboost,surgery,y_P1,catboost,0.7408786299329858,0.07214903252367229,0.0007352780325257117,0.5,0.9977661950856291,0.14285714285714285,0.999627004848937,0.06929591307074501,unchanged_locked_threshold_common_row_reevaluation,2688,2,1,6,2680,1
v3|P1|surgery|cnn_1d,surgery,y_P1,cnn_1d,0.9592330603127327,0.05019388194743645,0.255664685414261,1.0,0.9221891288160834,0.009478672985781991,1.0,0.768420934677124,unchanged_locked_threshold_common_row_reevaluation,2688,2,2,209,2477,0
v3|P1|surgery|ft_transformer,surgery,y_P1,ft_transformer,0.4847356664184661,0.005867639822863704,0.046224085215566986,0.5,0.9664929262844378,0.01098901098901099,0.9996149403157489,0.969914615154266,unchanged_locked_threshold_common_row_reevaluation,2688,2,1,90,2596,1
v3|P1|surgery|lightgbm,surgery,y_P1,lightgbm,0.8657855547282204,0.04307116104868913,0.0009069811636111899,0.5,0.9880863737900223,0.030303030303030304,0.9996233521657251,0.010355674870057001,unchanged_locked_threshold_common_row_reevaluation,2688,2,1,32,2654,1
v3|P1|surgery|logistic_regression,surgery,y_P1,logistic_regression,0.8702531645569621,0.251432664756447,0.001501993774660543,0.5,0.9810126582278481,0.019230769230769232,0.9996206373292867,0.033565717248861,unchanged_locked_threshold_common_row_reevaluation,2688,2,1,51,2635,1
v3|P1|surgery|mlp_plr,surgery,y_P1,mlp_plr,0.6586001489203277,0.5005446623093682,0.22450590149589317,0.5,0.9903201787043932,0.037037037037037035,0.9996242014280345,0.7042295336723321,unchanged_locked_threshold_common_row_reevaluation,2688,2,1,26,2660,1
v3|P1|surgery|rSI_sMS,surgery,y_P1,rSI_sMS,0.52903946388682,0.006985782193482001,0.17600224913355703,0.5,0.9720774385703641,0.013157894736842105,0.9996171516079633,0.9246980195196941,locked_research_2024_operating_point,2688,2,1,75,2611,1
v3|P1|surgery|stacking,surgery,y_P1,stacking,0.8173864482501861,0.5010172939979655,0.02641905757080349,0.5,0.9899478778853313,0.03571428571428571,0.999624060150376,0.47627458823502605,unchanged_locked_threshold_common_row_reevaluation,2688,2,1,27,2659,1
v3|P1|surgery|tabicl,surgery,y_P1,tabicl,0.9443410275502606,0.5033222591362126,0.0006396148829922369,0.5,0.9973938942665674,0.125,0.9996268656716418,0.08708816813305001,unchanged_locked_threshold_common_row_reevaluation,2688,2,1,7,2679,1
v3|P1|surgery|tabpfn,surgery,y_P1,tabpfn,0.9335443037974683,0.2527932960893855,0.0007173077192358777,0.5,0.9959046909903202,0.08333333333333333,0.999626307922272,0.08190513402223501,unchanged_locked_threshold_common_row_reevaluation,2688,2,1,11,2675,1
v3|P1|surgery|xgboost,surgery,y_P1,xgboost,0.8553611317944899,0.05685257241677475,0.0016153816705465971,0.5,0.990692479523455,0.038461538461538464,0.9996243425995492,0.031524505466222,unchanged_locked_threshold_common_row_reevaluation,2688,2,1,25,2661,1
v3|P2|surgery|bert_finetuned,surgery,y_P2,bert_finetuned,0.8085883909818252,0.06687919602735785,0.16669223983787185,0.7096774193548387,0.8027850959729018,0.040293040293040296,0.9957983193277311,0.388624280691146,unchanged_locked_threshold_common_row_reevaluation,2688,31,22,524,2133,9
v3|P2|surgery|catboost,surgery,y_P2,catboost,0.9056054002209624,0.2988850777999377,0.010685604658010082,0.8064516129032258,0.8505833646970267,0.05924170616113744,0.9973521624007061,0.013615333469897002,unchanged_locked_threshold_common_row_reevaluation,2688,31,25,397,2260,6
v3|P2|surgery|cnn_1d,surgery,y_P2,cnn_1d,0.8334162953610063,0.20037627167963243,0.09765374011362973,0.6774193548387096,0.7583741061347384,0.03167420814479638,0.9950617283950617,0.21721106767654402,unchanged_locked_threshold_common_row_reevaluation,2688,31,21,642,2015,10
v3|P2|surgery|ft_transformer,surgery,y_P2,ft_transformer,0.9033472142969879,0.2809853864414607,0.10585215687223479,0.7741935483870968,0.8392924350771547,0.05321507760532151,0.9968708091193563,0.519606471061706,unchanged_locked_threshold_common_row_reevaluation,2688,31,24,427,2230,7
v3|P2|surgery|lightgbm,surgery,y_P2,lightgbm,0.9000206393337137,0.2706859383514389,0.010320982138705437,0.7741935483870968,0.8253669552126458,0.04918032786885246,0.9968181818181818,0.01914591727997,unchanged_locked_threshold_common_row_reevaluation,2688,31,24,464,2193,7
v3|P2|surgery|logistic_regression,surgery,y_P2,logistic_regression,0.6545703983391407,0.05472531526183644,0.07340070260246619,0.5806451612903226,0.680090327436959,0.020737327188940093,0.9928571428571429,0.0032199576872380003,unchanged_locked_threshold_common_row_reevaluation,2688,31,18,850,1807,13
v3|P2|surgery|mlp_plr,surgery,y_P2,mlp_plr,0.8005754731870774,0.1961090758843276,0.060005726086953357,0.6774193548387096,0.7572450131727512,0.03153153153153153,0.9950544015825915,0.067348442971706,unchanged_locked_threshold_common_row_reevaluation,2688,31,21,645,2012,10
v3|P2|surgery|rSI_sMS,surgery,y_P2,rSI_sMS,0.660889676690907,0.073336954182818,0.24604216083142702,0.6129032258064511,0.620624764772299,0.018500486854917234,0.9927754364840458,0.515331162876413,locked_research_2024_operating_point,2688,31,19,1008,1649,12
v3|P2|surgery|stacking,surgery,y_P2,stacking,0.9031043986062379,0.3023777081640847,0.1066036814132526,0.7741935483870968,0.8091832894241626,0.04519774011299435,0.9967547519703291,0.36532325873658505,unchanged_locked_threshold_common_row_reevaluation,2688,31,24,507,2150,7
v3|P2|surgery|tabicl,surgery,y_P2,tabicl,0.9115543846443358,0.25700209410262087,0.010629646822850756,0.8064516129032258,0.8332706059465562,0.053418803418803416,0.9972972972972973,0.013728994876146,unchanged_locked_threshold_common_row_reevaluation,2688,31,25,443,2214,6
v3|P2|surgery|tabpfn,surgery,y_P2,tabpfn,0.908701300278024,0.3030737490206889,0.009896090079368912,0.8387096774193549,0.8603688370342492,0.0654911838790932,0.9978175469227412,0.018693413585424,unchanged_locked_threshold_common_row_reevaluation,2688,31,26,371,2286,5
v3|P2|surgery|xgboost,surgery,y_P2,xgboost,0.9069469569123557,0.2717975940291905,0.010662589064018027,0.8064516129032258,0.8347760632292058,0.05387931034482758,0.9973021582733813,0.019023032858967,unchanged_locked_threshold_common_row_reevaluation,2688,31,25,439,2218,6
v3|P3|surgery|bert_finetuned,surgery,y_P3,bert_finetuned,0.9057023953679346,0.19359284260130355,0.1405809406847643,0.8518518518518519,0.8609545283727922,0.058524173027989825,0.9982570806100218,0.6055805087089531,unchanged_locked_threshold_common_row_reevaluation,2688,27,23,370,2291,4
v3|P3|surgery|catboost,surgery,y_P3,catboost,0.9282085542889751,0.67542522138353,0.005018914293982283,0.8518518518518519,0.869597895527997,0.062162162162162166,0.998274374460742,0.004727534628802,unchanged_locked_threshold_common_row_reevaluation,2688,27,23,347,2314,4
v3|P3|surgery|cnn_1d,surgery,y_P3,cnn_1d,0.8800089078180022,0.42454286054158347,0.05816483079314669,0.7777777777777778,0.8508079669297257,0.050239234449760764,0.9973568281938326,0.25174140930175704,unchanged_locked_threshold_common_row_reevaluation,2688,27,21,397,2264,6
v3|P3|surgery|ft_transformer,surgery,y_P3,ft_transformer,0.9595668573496458,0.6330710300964469,0.07966828330671494,0.8518518518518519,0.8804960541149943,0.06744868035190615,0.9982956966340009,0.35627526044845503,unchanged_locked_threshold_common_row_reevaluation,2688,27,23,318,2343,4
v3|P3|surgery|lightgbm,surgery,y_P3,lightgbm,0.932147480061798,0.6054768075084764,0.005970353872313039,0.8148148148148148,0.8763622698233746,0.06267806267806268,0.9978605049208387,0.003137140256365,unchanged_locked_threshold_common_row_reevaluation,2688,27,22,329,2332,5
v3|P3|surgery|logistic_regression,surgery,y_P3,logistic_regression,0.7603240218798278,0.3356867151831563,0.022609189868161565,0.7037037037037037,0.8470499812100714,0.04460093896713615,0.9964633068081344,0.007720340879671001,unchanged_locked_threshold_common_row_reevaluation,2688,27,19,407,2254,8
v3|P3|surgery|mlp_plr,surgery,y_P3,mlp_plr,0.9421131014516959,0.6733954897360866,0.125530575114925,0.8518518518518519,0.9210822998872604,0.09871244635193133,0.9983706720977596,0.509464740753173,unchanged_locked_threshold_common_row_reevaluation,2688,27,23,210,2451,4
v3|P3|surgery|rSI_sMS,surgery,y_P3,rSI_sMS,0.8250727239829081,0.163372791787183,0.22149537466959002,0.74074074074074,0.7478391582111981,0.02894356005788712,0.9964947421131698,0.541967852532882,locked_research_2024_operating_point,2688,27,20,671,1990,7
v3|P3|surgery|stacking,surgery,y_P3,stacking,0.958258521580581,0.6829916842072838,0.07682616462779836,0.8148148148148148,0.9195791055993987,0.09322033898305085,0.9979608482871125,0.365155444912016,unchanged_locked_threshold_common_row_reevaluation,2688,27,22,214,2447,5
v3|P3|surgery|tabicl,surgery,y_P3,tabicl,0.9680153659860536,0.691458231967715,0.005446700448893769,0.8888888888888888,0.8910184141300264,0.07643312101910828,0.9987363100252739,0.0036814627819690003,unchanged_locked_threshold_common_row_reevaluation,2688,27,24,290,2371,3
v3|P3|surgery|tabpfn,surgery,y_P3,tabpfn,0.9547371497766086,0.6133281100507842,0.0063655051504348855,0.8518518518518519,0.9361142427658775,0.11917098445595854,0.9983967935871744,0.009540010243654001,unchanged_locked_threshold_common_row_reevaluation,2688,27,23,170,2491,4
v3|P3|surgery|xgboost,surgery,y_P3,xgboost,0.9240469330660988,0.5916080418379933,0.006706622740811186,0.8148148148148148,0.8395340097707629,0.04899777282850779,0.9977668602054489,0.0039239176549010005,unchanged_locked_threshold_common_row_reevaluation,2688,27,22,427,2234,5
v3|S1|surgery|bert_finetuned,surgery,y_S1,bert_finetuned,0.6616878267363705,0.0062152141241301265,0.10487397241083302,0.6,0.7348767737117252,0.008379888268156424,0.9979716024340771,0.36684074997901905,unchanged_locked_threshold_common_row_reevaluation,2688,10,6,710,1968,4
v3|S1|surgery|catboost,surgery,y_S1,catboost,0.9357356235997013,0.1341338476745602,0.003843868328028968,0.7,0.90739357729649,0.027450980392156862,0.998766954377312,0.02127659574468,unchanged_locked_threshold_common_row_reevaluation,2688,10,7,248,2430,3
v3|S1|surgery|cnn_1d,surgery,y_S1,cnn_1d,0.9476848394324122,0.2423311070261871,0.23998852056980843,0.9,0.9070201643017177,0.03488372093023256,0.9995884773662551,0.6892257332801811,unchanged_locked_threshold_common_row_reevaluation,2688,10,9,249,2429,1
v3|S1|surgery|ft_transformer,surgery,y_S1,ft_transformer,0.7992531740104556,0.2743770419303165,0.15152577118215615,0.8,0.8644510828976848,0.0215633423180593,0.9991368148467846,0.58331024646759,unchanged_locked_threshold_common_row_reevaluation,2688,10,8,363,2315,2
v3|S1|surgery|lightgbm,surgery,y_S1,lightgbm,0.924906646751307,0.11315960270698229,0.003957201258335981,0.8,0.844286781179985,0.018823529411764704,0.999116217410517,0.011590924872302,unchanged_locked_threshold_common_row_reevaluation,2688,10,8,417,2261,2
v3|S1|surgery|logistic_regression,surgery,y_S1,logistic_regression,0.8597274085138165,0.28439892947598583,0.0032791853885627024,0.8,0.8681852128454071,0.0221606648199446,0.9991405242801891,0.005467474383386001,unchanged_locked_threshold_common_row_reevaluation,2688,10,8,353,2325,2
v3|S1|surgery|mlp_plr,surgery,y_S1,mlp_plr,0.6577669902912622,0.06486802181141242,0.05225480269354941,0.6,0.7154592979835698,0.0078125,0.9979166666666667,0.020765524357557002,unchanged_locked_threshold_common_row_reevaluation,2688,10,6,762,1916,4
v3|S1|surgery|rSI_sMS,surgery,y_S1,rSI_sMS,0.6030619865571321,0.057596918597799,0.0036709835700900004,0.5,0.953696788648244,0.03875968992248062,0.9980461117624072,0.011979836051032,locked_research_2024_operating_point,2688,10,5,124,2554,5
v3|S1|surgery|stacking,surgery,y_S1,stacking,0.86680358476475,0.09346383124013194,0.057999105144602936,0.8,0.950336071695295,0.05673758865248227,0.9992147624656459,0.38458834795087904,unchanged_locked_threshold_common_row_reevaluation,2688,10,8,133,2545,2
v3|S1|surgery|tabicl,surgery,y_S1,tabicl,0.9662061239731143,0.19666250094341775,0.003400587138060255,1.0,0.9129947722180732,0.0411522633744856,1.0,0.004156692099059001,unchanged_locked_threshold_common_row_reevaluation,2688,10,10,233,2445,0
v3|S1|surgery|tabpfn,surgery,y_S1,tabpfn,0.9433159073935774,0.08555122826138827,0.003651462214482498,0.9,0.9230769230769231,0.04186046511627907,0.9995956328346138,0.004105688538402001,unchanged_locked_threshold_common_row_reevaluation,2688,10,9,206,2472,1
v3|S1|surgery|xgboost,surgery,y_S1,xgboost,0.9574309185959672,0.23368382973786792,0.003384747325766175,0.9,0.9480955937266616,0.060810810810810814,0.9996062992125985,0.014078999869525,unchanged_locked_threshold_common_row_reevaluation,2688,10,9,139,2539,1
v3|S2|surgery|bert_finetuned,surgery,y_S2,bert_finetuned,0.6507146475213073,0.01963747284573441,0.13094784759251912,0.5294117647058824,0.646948708348933,0.009453781512605041,0.9953917050691244,0.41650834679603504,unchanged_locked_threshold_common_row_reevaluation,2688,17,9,943,1728,8
v3|S2|surgery|catboost,surgery,y_S2,catboost,0.9253639306714823,0.24156210770916067,0.005447101821461819,0.8235294117647058,0.8494945713216024,0.03365384615384615,0.9986795774647887,0.0068298569239520004,unchanged_locked_threshold_common_row_reevaluation,2688,17,14,402,2269,3
v3|S2|surgery|cnn_1d,surgery,y_S2,cnn_1d,0.7581430175964058,0.1443145026805812,0.02841835343678422,0.6470588235294118,0.7517783601647323,0.016320474777448073,0.997020854021847,0.0068570822477340004,unchanged_locked_threshold_common_row_reevaluation,2688,17,11,663,2008,6
v3|S2|surgery|ft_transformer,surgery,y_S2,ft_transformer,0.8979892968044575,0.2190490957766606,0.2810841173139772,0.7647058823529411,0.8363908648446274,0.028888888888888888,0.998212689901698,0.8226235508918761,unchanged_locked_threshold_common_row_reevaluation,2688,17,13,437,2234,4
v3|S2|surgery|lightgbm,surgery,y_S2,lightgbm,0.9402294800361177,0.2712389564684331,0.00538895691956314,0.8235294117647058,0.9191314114563833,0.06086956521739131,0.9987794955248169,0.009390086721984001,unchanged_locked_threshold_common_row_reevaluation,2688,17,14,216,2455,3
v3|S2|surgery|logistic_regression,surgery,y_S2,logistic_regression,0.7322879732199881,0.07722030489193385,0.006124461645863384,0.7058823529411765,0.7356795207787346,0.016713091922005572,0.9974619289340102,0.004575064558073,unchanged_locked_threshold_common_row_reevaluation,2688,17,12,706,1965,5
v3|S2|surgery|mlp_plr,surgery,y_S2,mlp_plr,0.7368467416918096,0.20328893664176942,0.07806866322070982,0.6470588235294118,0.7210782478472483,0.01455026455026455,0.9968944099378882,0.026635285466909003,unchanged_locked_threshold_common_row_reevaluation,2688,17,11,745,1926,6
v3|S2|surgery|rSI_sMS,surgery,y_S2,rSI_sMS,0.6911819763472591,0.07341748502596601,0.006162174594833001,0.5882352941176471,0.8524897042306251,0.024752475247524754,0.9969352014010507,0.011491689168377001,locked_research_2024_operating_point,2688,17,10,394,2277,7
v3|S2|surgery|stacking,surgery,y_S2,stacking,0.9120620168696456,0.17929631394933498,0.09450555024306369,0.7647058823529411,0.8109322351179333,0.025096525096525095,0.9981566820276497,0.33637896316451105,unchanged_locked_threshold_common_row_reevaluation,2688,17,13,505,2166,4
v3|S2|surgery|tabicl,surgery,y_S2,tabicl,0.9426740370427468,0.299650471174944,0.005282937319914706,0.8235294117647058,0.8809434668663422,0.04216867469879518,0.9987266553480475,0.005129659431986001,unchanged_locked_threshold_common_row_reevaluation,2688,17,14,318,2353,3
v3|S2|surgery|tabpfn,surgery,y_S2,tabpfn,0.9117757174004009,0.11732517260461577,0.006002581176464149,0.7647058823529411,0.9142643204792212,0.05371900826446281,0.9983646770237122,0.011133393738418,unchanged_locked_threshold_common_row_reevaluation,2688,17,13,229,2442,4
v3|S2|surgery|xgboost,surgery,y_S2,xgboost,0.9439513731363006,0.2504789632784049,0.005620845111720075,0.8235294117647058,0.9034069636840135,0.051470588235294115,0.9987582781456954,0.010106492787599002,unchanged_locked_threshold_common_row_reevaluation,2688,17,14,258,2413,3
v3|S3|surgery|bert_finetuned,surgery,y_S3,bert_finetuned,0.6237537876062329,0.325588155059487,0.23262352759136734,0.5491329479768786,0.5855232826187183,0.24070945945945946,0.8444148936170213,0.494247049093246,unchanged_locked_threshold_common_row_reevaluation,2688,519,285,899,1270,234
v3|S3|surgery|catboost,surgery,y_S3,catboost,0.7529436951402269,0.43117262695235137,0.13412319875078935,0.6859344894026975,0.6846473029045643,0.3423076923076923,0.9010922330097088,0.20874038153955501,unchanged_locked_threshold_common_row_reevaluation,2688,519,356,684,1485,163
v3|S3|surgery|cnn_1d,surgery,y_S3,cnn_1d,0.7176628815033345,0.38996487099480714,0.18976005233856602,0.651252408477842,0.6477639465191333,0.30671506352087113,0.8858764186633039,0.42007875442504805,unchanged_locked_threshold_common_row_reevaluation,2688,519,338,764,1405,181
v3|S3|surgery|ft_transformer,surgery,y_S3,ft_transformer,0.7248467857203136,0.3809610527764413,0.2600120606294541,0.6589595375722543,0.6560627017058552,0.31433823529411764,0.889375,0.595563173294067,unchanged_locked_threshold_common_row_reevaluation,2688,519,342,746,1423,177
v3|S3|surgery|lightgbm,surgery,y_S3,lightgbm,0.7408344592883965,0.3939661402233851,0.13713139789445197,0.649325626204239,0.6924850161364684,0.33565737051792827,0.8919239904988123,0.206521739130434,unchanged_locked_threshold_common_row_reevaluation,2688,519,337,667,1502,182
v3|S3|surgery|logistic_regression,surgery,y_S3,logistic_regression,0.6953703037458103,0.34535164004867536,0.14367126641342903,0.6473988439306358,0.6491470723835869,0.3062898814949863,0.884978001257071,0.2,unchanged_locked_threshold_common_row_reevaluation,2688,519,336,761,1408,183
v3|S3|surgery|mlp_plr,surgery,y_S3,mlp_plr,0.7306751022242831,0.4072890403389954,0.2071633092444744,0.6705202312138728,0.6745043798985708,0.3301707779886148,0.8953488372093024,0.512888729572296,unchanged_locked_threshold_common_row_reevaluation,2688,519,348,706,1463,171
v3|S3|surgery|rSI_sMS,surgery,y_S3,rSI_sMS,0.543128298470921,0.223857302083378,0.15482784894790202,0.560693641618497,0.48778238819732506,0.20756062767475036,0.8227060653188181,0.165207877461706,locked_research_2024_operating_point,2688,519,291,1111,1058,228
v3|S3|surgery|stacking,surgery,y_S3,stacking,0.7566631222400776,0.44924739055340435,0.19763518095234542,0.6897880539499036,0.6851083448593822,0.34390009606147937,0.9022465088038859,0.46866124119454905,unchanged_locked_threshold_common_row_reevaluation,2688,519,358,683,1486,161
v3|S3|surgery|tabicl,surgery,y_S3,tabicl,0.7477167763306922,0.43057535745915443,0.1351886877155228,0.6820809248554913,0.6800368833563855,0.3377862595419847,0.899390243902439,0.189631979912519,unchanged_locked_threshold_common_row_reevaluation,2688,519,354,694,1475,165
v3|S3|surgery|tabpfn,surgery,y_S3,tabpfn,0.6608325760341686,0.28688137797992697,0.14974713469688056,0.6223506743737958,0.6224066390041494,0.28283712784588444,0.8732212160413971,0.170308873057365,unchanged_locked_threshold_common_row_reevaluation,2688,519,323,819,1350,196
v3|S3|surgery|xgboost,surgery,y_S3,xgboost,0.741274625547765,0.40668882737353546,0.1368671794150926,0.674373795761079,0.669432918395574,0.3280224929709466,0.8957433682911783,0.20148616441052103,unchanged_locked_threshold_common_row_reevaluation,2688,519,350,717,1452,169
v3|S4|surgery|bert_finetuned,surgery,y_S4,bert_finetuned,0.7440713425823116,0.21504188902921018,0.30998591440120216,0.6567164179104478,0.7294440093970243,0.11296534017971759,0.9759036144578314,0.568373382091522,unchanged_locked_threshold_common_row_reevaluation,2688,134,88,691,1863,46
v3|S4|surgery|catboost,surgery,y_S4,catboost,0.8598423310230366,0.4088293371791232,0.037425422130009295,0.753731343283582,0.7768206734534064,0.15052160953800298,0.9836390679226574,0.063313870444564,unchanged_locked_threshold_common_row_reevaluation,2688,134,101,570,1984,33
v3|S4|surgery|cnn_1d,surgery,y_S4,cnn_1d,0.8387837632510899,0.35425934649647434,0.1821811586045962,0.7388059701492538,0.7466718872357087,0.13270777479892762,0.981977342945417,0.502150118350982,unchanged_locked_threshold_common_row_reevaluation,2688,134,99,647,1907,35
v3|S4|surgery|ft_transformer,surgery,y_S4,ft_transformer,0.8459717855514909,0.3625996432066067,0.2790236652227706,0.753731343283582,0.7697729052466719,0.14658925979680695,0.9834917458729364,0.687506973743438,unchanged_locked_threshold_common_row_reevaluation,2688,134,101,588,1966,33
v3|S4|surgery|lightgbm,surgery,y_S4,lightgbm,0.8532474666604333,0.3865104169353297,0.03792965298009729,0.7611940298507462,0.7689898198903681,0.14739884393063585,0.9839679358717435,0.06133902826256501,unchanged_locked_threshold_common_row_reevaluation,2688,134,102,590,1964,32
v3|S4|surgery|logistic_regression,surgery,y_S4,logistic_regression,0.6486547294849168,0.1540671415130536,0.045059719130119844,0.6119402985074627,0.6499608457321848,0.08401639344262295,0.969626168224299,0.02734375,unchanged_locked_threshold_common_row_reevaluation,2688,134,82,894,1660,52
v3|S4|surgery|mlp_plr,surgery,y_S4,mlp_plr,0.8544805339005833,0.39215745093111054,0.19285738852181,0.7761194029850746,0.7791699295223179,0.15568862275449102,0.9851485148514851,0.566522479057312,unchanged_locked_threshold_common_row_reevaluation,2688,134,104,564,1990,30
v3|S4|surgery|rSI_sMS,surgery,y_S4,rSI_sMS,0.624925490012739,0.16506958083798,0.044887332401313006,0.41044776119402904,0.8007047768206731,0.0975177304964539,0.9628060263653484,0.050970873786407,locked_research_2024_operating_point,2688,134,55,509,2045,79
v3|S4|surgery|stacking,surgery,y_S4,stacking,0.8698792646010356,0.413908002897191,0.17388578629376764,0.7686567164179104,0.7744714173844949,0.15169366715758467,0.98456943753111,0.43999740634576706,unchanged_locked_threshold_common_row_reevaluation,2688,134,103,576,1978,31
v3|S4|surgery|tabicl,surgery,y_S4,tabicl,0.8659696817400858,0.41709993687955826,0.036636006305911316,0.7611940298507462,0.7701644479248239,0.14804063860667635,0.983991995997999,0.043946208432316,unchanged_locked_threshold_common_row_reevaluation,2688,134,102,587,1967,32
v3|S4|surgery|tabpfn,surgery,y_S4,tabpfn,0.8166791336972147,0.3439365276915242,0.03933327474456589,0.746268656716418,0.7357086922474549,0.12903225806451613,0.9822268687924726,0.0498046875,unchanged_locked_threshold_common_row_reevaluation,2688,134,100,675,1879,34
v3|S4|surgery|xgboost,surgery,y_S4,xgboost,0.8584777755700744,0.40173837254477895,0.03748827865000334,0.7761194029850746,0.7830853563038371,0.1580547112462006,0.9852216748768473,0.059180436009627004,unchanged_locked_threshold_common_row_reevaluation,2688,134,104,554,2000,30
v3|S5|surgery|bert_finetuned,surgery,y_S5,bert_finetuned,0.7006348020911128,0.028083782989422826,0.37014898100728094,0.6,0.7038834951456311,0.007509386733416771,0.9978824775013234,0.716222047805786,unchanged_locked_threshold_common_row_reevaluation,2688,10,6,793,1885,4
v3|S5|surgery|catboost,surgery,y_S5,catboost,0.7284914115011203,0.025208484779427116,0.003931990344630374,0.8,0.6067961165048543,0.007540056550424128,0.9987707437000615,0.0007243408375890001,unchanged_locked_threshold_common_row_reevaluation,2688,10,8,1053,1625,2
v3|S5|surgery|cnn_1d,surgery,y_S5,cnn_1d,0.7340926064227036,0.07418352694791934,0.01129379043232043,0.8,0.5164301717699776,0.0061396776669224865,0.9985559566787003,0.002321540610864,unchanged_locked_threshold_common_row_reevaluation,2688,10,8,1295,1383,2
v3|S5|surgery|ft_transformer,surgery,y_S5,ft_transformer,0.8264749813293503,0.0389101434612018,0.22241142407699838,0.8,0.6859596713965646,0.009422850412249705,0.9989124524197933,0.554908752441406,unchanged_locked_threshold_common_row_reevaluation,2688,10,8,841,1837,2
v3|S5|surgery|lightgbm,surgery,y_S5,lightgbm,0.8587752053771471,0.05286115186257709,0.00398809258486262,0.8,0.7486930545182973,0.011747430249632892,0.9990034877927254,0.0014493359770280001,unchanged_locked_threshold_common_row_reevaluation,2688,10,8,673,2005,2
v3|S5|surgery|logistic_regression,surgery,y_S5,logistic_regression,0.593857356235997,0.03173375556438106,0.0036716945125366855,0.5,0.9111277072442121,0.0205761316872428,0.9979550102249489,0.007961361968675001,unchanged_locked_threshold_common_row_reevaluation,2688,10,5,238,2440,5
v3|S5|surgery|mlp_plr,surgery,y_S5,mlp_plr,0.8234129947722181,0.03695182964947125,0.23681347039120845,0.9,0.6344286781179985,0.009109311740890687,0.9994117647058823,0.5171494483947751,unchanged_locked_threshold_common_row_reevaluation,2688,10,9,979,1699,1
v3|S5|surgery|rSI_sMS,surgery,y_S5,rSI_sMS,0.573170276325616,0.057068544413630004,0.0037012836399700003,0.6000000000000001,0.7038834951456311,0.007509386733416771,0.9978824775013234,0.004803086780637,locked_research_2024_operating_point,2688,10,6,793,1885,4
v3|S5|surgery|stacking,surgery,y_S5,stacking,0.6384988797610157,0.1615594887306452,0.18608731830247155,0.5,0.7696041822255415,0.008038585209003215,0.9975798644724104,0.44305336298617404,unchanged_locked_threshold_common_row_reevaluation,2688,10,5,617,2061,5
v3|S5|surgery|tabicl,surgery,y_S5,tabicl,0.8837938760268857,0.04822955364842413,0.00395313731192974,0.9,0.7987303958177745,0.016423357664233577,0.9995327102803738,0.0019796348788070003,unchanged_locked_threshold_common_row_reevaluation,2688,10,9,539,2139,1
v3|S5|surgery|tabpfn,surgery,y_S5,tabpfn,0.8007094846900673,0.039618361610769336,0.003691509193393853,0.7,0.7632561613144138,0.0109204368174727,0.9985344406448461,0.001259447075426,unchanged_locked_threshold_common_row_reevaluation,2688,10,7,634,2044,3
v3|S5|surgery|xgboost,surgery,y_S5,xgboost,0.804891710231516,0.06715141238717477,0.004115812005090404,0.7,0.7076176250933532,0.008860759493670886,0.9984193888303478,0.0017615997930980002,unchanged_locked_threshold_common_row_reevaluation,2688,10,7,783,1895,3
v3|S6|surgery|bert_finetuned,surgery,y_S6,bert_finetuned,0.6445808157099697,0.03769434412557887,0.36433287572106066,0.6,0.6042296072507553,0.022388059701492536,0.9900990099009901,0.6471264362335201,unchanged_locked_threshold_common_row_reevaluation,2688,40,24,1048,1600,16
v3|S6|surgery|catboost,surgery,y_S6,catboost,0.8556835347432024,0.11385880533127371,0.013910768226697377,0.775,0.7926737160120846,0.05344827586206897,0.99573055028463,0.015841675896768,unchanged_locked_threshold_common_row_reevaluation,2688,40,31,549,2099,9
v3|S6|surgery|cnn_1d,surgery,y_S6,cnn_1d,0.7615747734138973,0.06833169653935382,0.1453260554544592,0.675,0.7545317220543807,0.03988183161004431,0.9935355544505221,0.353763312101364,unchanged_locked_threshold_common_row_reevaluation,2688,40,27,650,1998,13
v3|S6|surgery|ft_transformer,surgery,y_S6,ft_transformer,0.8109988670694863,0.13169927218239202,0.15509429821881834,0.775,0.7586858006042296,0.04626865671641791,0.9955401387512388,0.45616143941879206,unchanged_locked_threshold_common_row_reevaluation,2688,40,31,639,2009,9
v3|S6|surgery|lightgbm,surgery,y_S6,lightgbm,0.841106495468278,0.10873737089717678,0.013977827635114742,0.775,0.763595166163142,0.0471841704718417,0.9955686853766618,0.014445058825847,unchanged_locked_threshold_common_row_reevaluation,2688,40,31,626,2022,9
v3|S6|surgery|logistic_regression,surgery,y_S6,logistic_regression,0.6715492824773415,0.06765336886466815,0.014326252781062043,0.575,0.6876888217522659,0.027058823529411764,0.9907508161044614,0.009287925696594,unchanged_locked_threshold_common_row_reevaluation,2688,40,23,827,1821,17
v3|S6|surgery|mlp_plr,surgery,y_S6,mlp_plr,0.7926453927492447,0.14872120118109775,0.1766134386985633,0.725,0.7420694864048338,0.04073033707865169,0.9944331983805668,0.491589158773422,unchanged_locked_threshold_common_row_reevaluation,2688,40,29,683,1965,11
v3|S6|surgery|rSI_sMS,surgery,y_S6,rSI_sMS,0.420996978851963,0.012781024015486002,0.014689671841693001,0.45,0.47583081570996905,0.012802275960170697,0.982839313572543,0.011228718844173001,locked_research_2024_operating_point,2688,40,18,1388,1260,22
v3|S6|surgery|stacking,surgery,y_S6,stacking,0.8182212990936556,0.1268687238894755,0.1491829044763692,0.775,0.7866314199395771,0.05201342281879195,0.995697896749522,0.43353196243768405,unchanged_locked_threshold_common_row_reevaluation,2688,40,31,565,2083,9
v3|S6|surgery|tabicl,surgery,y_S6,tabicl,0.7650302114803624,0.06666837028250958,0.01436282813856203,0.675,0.677870090634441,0.03068181818181818,0.9928097345132744,0.008221741707529,unchanged_locked_threshold_common_row_reevaluation,2688,40,27,853,1795,13
v3|S6|surgery|tabpfn,surgery,y_S6,tabpfn,0.7835725075528701,0.09908288192351544,0.014294633287014953,0.725,0.7009063444108762,0.03532277710109622,0.9941081949651848,0.012338129803538002,unchanged_locked_threshold_common_row_reevaluation,2688,40,29,792,1856,11
v3|S6|surgery|xgboost,surgery,y_S6,xgboost,0.826000755287009,0.1398954386834397,0.013859838471710604,0.75,0.7533987915407855,0.043923865300146414,0.9950124688279302,0.014744254308326002,unchanged_locked_threshold_common_row_reevaluation,2688,40,30,653,1995,10
